Fitter report for mips
Fri Jun 26 10:50:29 2026
Quartus Prime Version 25.1std.0 Build 1129 10/21/2025 SC Lite Edition


---------------------
; Table of Contents ;
---------------------
  1. Legal Notice
  2. Fitter Summary
  3. Fitter Settings
  4. Parallel Compilation
  5. Incremental Compilation Preservation Summary
  6. Incremental Compilation Partition Settings
  7. Incremental Compilation Placement Preservation
  8. Pin-Out File
  9. Fitter Resource Usage Summary
 10. Fitter Partition Statistics
 11. Input Pins
 12. Output Pins
 13. Dual Purpose and Dedicated Pins
 14. I/O Bank Usage
 15. All Package Pins
 16. I/O Assignment Warnings
 17. Fitter Resource Utilization by Entity
 18. Delay Chain Summary
 19. Pad To Core Delay Chain Fanout
 20. Control Signals
 21. Global & Other Fast Signals
 22. Fitter RAM Summary
 23. Fitter DSP Block Usage Summary
 24. DSP Block Details
 25. Routing Usage Summary
 26. LAB Logic Elements
 27. LAB-wide Signals
 28. LAB Signals Sourced
 29. LAB Signals Sourced Out
 30. LAB Distinct Inputs
 31. I/O Rules Summary
 32. I/O Rules Details
 33. I/O Rules Matrix
 34. Fitter Device Options
 35. Operating Settings and Conditions
 36. Fitter Messages
 37. Fitter Suppressed Messages



----------------
; Legal Notice ;
----------------
Copyright (C) 2025  Altera Corporation. All rights reserved.
Your use of Altera Corporation's design tools, logic functions 
and other software and tools, and any partner logic 
functions, and any output files from any of the foregoing 
(including device programming or simulation files), and any 
associated documentation or information are expressly subject 
to the terms and conditions of the Altera Program License 
Subscription Agreement, the Altera Quartus Prime License Agreement,
the Altera IP License Agreement, or other applicable license
agreement, including, without limitation, that your use is for
the sole purpose of programming logic devices manufactured by
Altera and sold by Altera or its authorized distributors.  Please
refer to the Altera Software License Subscription Agreements 
on the Quartus Prime software download page.



+--------------------------------------------------------------------------------------+
; Fitter Summary                                                                       ;
+------------------------------------+-------------------------------------------------+
; Fitter Status                      ; Successful - Fri Jun 26 10:50:29 2026           ;
; Quartus Prime Version              ; 25.1std.0 Build 1129 10/21/2025 SC Lite Edition ;
; Revision Name                      ; mips                                            ;
; Top-level Entity Name              ; UnidadedeProcessamento                          ;
; Family                             ; Cyclone IV E                                    ;
; Device                             ; EP4CE115F29C7                                   ;
; Timing Models                      ; Final                                           ;
; Total logic elements               ; 6,714 / 114,480 ( 6 % )                         ;
;     Total combinational functions  ; 6,708 / 114,480 ( 6 % )                         ;
;     Dedicated logic registers      ; 1,051 / 114,480 ( < 1 % )                       ;
; Total registers                    ; 1051                                            ;
; Total pins                         ; 47 / 529 ( 9 % )                                ;
; Total virtual pins                 ; 206                                             ;
; Total memory bits                  ; 32,768 / 3,981,312 ( < 1 % )                    ;
; Embedded Multiplier 9-bit elements ; 6 / 532 ( 1 % )                                 ;
; Total PLLs                         ; 0 / 4 ( 0 % )                                   ;
+------------------------------------+-------------------------------------------------+


+----------------------------------------------------------------------------------------------------------------------------------+
; Fitter Settings                                                                                                                  ;
+--------------------------------------------------------------------+---------------------+---------------------------------------+
; Option                                                             ; Setting             ; Default Value                         ;
+--------------------------------------------------------------------+---------------------+---------------------------------------+
; Device                                                             ; EP4CE115F29C7       ;                                       ;
; Use smart compilation                                              ; On                  ; Off                                   ;
; Maximum processors allowed for parallel compilation                ; All                 ;                                       ;
; Nominal Core Supply Voltage                                        ; 1.2V                ;                                       ;
; Minimum Core Junction Temperature                                  ; 0                   ;                                       ;
; Maximum Core Junction Temperature                                  ; 85                  ;                                       ;
; Fit Attempts to Skip                                               ; 0                   ; 0.0                                   ;
; Fitter Effort                                                      ; Fast Fit            ; Auto Fit                              ;
; Reserve all unused pins                                            ; As input tri-stated ; As input tri-stated with weak pull-up ;
; Enable parallel Assembler and Timing Analyzer during compilation   ; On                  ; On                                    ;
; Enable compact report table                                        ; Off                 ; Off                                   ;
; Auto Merge PLLs                                                    ; On                  ; On                                    ;
; Router Timing Optimization Level                                   ; Normal              ; Normal                                ;
; Perform Clocking Topology Analysis During Routing                  ; Off                 ; Off                                   ;
; Placement Effort Multiplier                                        ; 1.0                 ; 1.0                                   ;
; Router Effort Multiplier                                           ; 1.0                 ; 1.0                                   ;
; Optimize Hold Timing                                               ; All Paths           ; All Paths                             ;
; Optimize Multi-Corner Timing                                       ; On                  ; On                                    ;
; Power Optimization During Fitting                                  ; Normal compilation  ; Normal compilation                    ;
; SSN Optimization                                                   ; Off                 ; Off                                   ;
; Optimize Timing                                                    ; Normal compilation  ; Normal compilation                    ;
; Optimize Timing for ECOs                                           ; Off                 ; Off                                   ;
; Regenerate Full Fit Report During ECO Compiles                     ; Off                 ; Off                                   ;
; Optimize IOC Register Placement for Timing                         ; Normal              ; Normal                                ;
; Limit to One Fitting Attempt                                       ; Off                 ; Off                                   ;
; Final Placement Optimizations                                      ; Automatically       ; Automatically                         ;
; Fitter Aggressive Routability Optimizations                        ; Automatically       ; Automatically                         ;
; Fitter Initial Placement Seed                                      ; 1                   ; 1                                     ;
; Periphery to Core Placement and Routing Optimization               ; Off                 ; Off                                   ;
; PCI I/O                                                            ; Off                 ; Off                                   ;
; Weak Pull-Up Resistor                                              ; Off                 ; Off                                   ;
; Enable Bus-Hold Circuitry                                          ; Off                 ; Off                                   ;
; Auto Packed Registers                                              ; Auto                ; Auto                                  ;
; Auto Delay Chains                                                  ; On                  ; On                                    ;
; Auto Delay Chains for High Fanout Input Pins                       ; Off                 ; Off                                   ;
; Allow Single-ended Buffer for Differential-XSTL Input              ; Off                 ; Off                                   ;
; Treat Bidirectional Pin as Output Pin                              ; Off                 ; Off                                   ;
; Perform Physical Synthesis for Combinational Logic for Fitting     ; Off                 ; Off                                   ;
; Perform Physical Synthesis for Combinational Logic for Performance ; Off                 ; Off                                   ;
; Perform Register Duplication for Performance                       ; Off                 ; Off                                   ;
; Perform Logic to Memory Mapping for Fitting                        ; Off                 ; Off                                   ;
; Perform Register Retiming for Performance                          ; Off                 ; Off                                   ;
; Perform Asynchronous Signal Pipelining                             ; Off                 ; Off                                   ;
; Physical Synthesis Effort Level                                    ; Normal              ; Normal                                ;
; Logic Cell Insertion - Logic Duplication                           ; Auto                ; Auto                                  ;
; Auto Register Duplication                                          ; Auto                ; Auto                                  ;
; Auto Global Clock                                                  ; On                  ; On                                    ;
; Auto Global Register Control Signals                               ; On                  ; On                                    ;
; Synchronizer Identification                                        ; Auto                ; Auto                                  ;
; Enable Beneficial Skew Optimization                                ; On                  ; On                                    ;
; Optimize Design for Metastability                                  ; On                  ; On                                    ;
; Force Fitter to Avoid Periphery Placement Warnings                 ; Off                 ; Off                                   ;
; Enable input tri-state on active configuration pins in user mode   ; Off                 ; Off                                   ;
+--------------------------------------------------------------------+---------------------+---------------------------------------+


+------------------------------------------+
; Parallel Compilation                     ;
+----------------------------+-------------+
; Processors                 ; Number      ;
+----------------------------+-------------+
; Number detected on machine ; 12          ;
; Maximum allowed            ; 8           ;
;                            ;             ;
; Average used               ; 1.08        ;
; Maximum used               ; 8           ;
;                            ;             ;
; Usage by Processor         ; % Time Used ;
;     Processor 1            ; 100.0%      ;
;     Processor 2            ;   1.2%      ;
;     Processor 3            ;   1.1%      ;
;     Processor 4            ;   1.1%      ;
;     Processor 5            ;   1.1%      ;
;     Processor 6            ;   1.1%      ;
;     Processor 7            ;   1.1%      ;
;     Processor 8            ;   1.1%      ;
+----------------------------+-------------+


+---------------------------------------------------------------------------------------------------+
; Incremental Compilation Preservation Summary                                                      ;
+---------------------+---------------------+----------------------------+--------------------------+
; Type                ; Total [A + B]       ; From Design Partitions [A] ; From Rapid Recompile [B] ;
+---------------------+---------------------+----------------------------+--------------------------+
; Placement (by node) ;                     ;                            ;                          ;
;     -- Requested    ; 0.00 % ( 0 / 8110 ) ; 0.00 % ( 0 / 8110 )        ; 0.00 % ( 0 / 8110 )      ;
;     -- Achieved     ; 0.00 % ( 0 / 8110 ) ; 0.00 % ( 0 / 8110 )        ; 0.00 % ( 0 / 8110 )      ;
;                     ;                     ;                            ;                          ;
; Routing (by net)    ;                     ;                            ;                          ;
;     -- Requested    ; 0.00 % ( 0 / 0 )    ; 0.00 % ( 0 / 0 )           ; 0.00 % ( 0 / 0 )         ;
;     -- Achieved     ; 0.00 % ( 0 / 0 )    ; 0.00 % ( 0 / 0 )           ; 0.00 % ( 0 / 0 )         ;
+---------------------+---------------------+----------------------------+--------------------------+


+----------------------------------------------------------------------------------------------------------------------------------------------------------------------------------------+
; Incremental Compilation Partition Settings                                                                                                                                             ;
+--------------------------------+----------------+-------------------+-------------------------+------------------------+------------------------------+--------------------------------+
; Partition Name                 ; Partition Type ; Netlist Type Used ; Preservation Level Used ; Netlist Type Requested ; Preservation Level Requested ; Contents                       ;
+--------------------------------+----------------+-------------------+-------------------------+------------------------+------------------------------+--------------------------------+
; Top                            ; User-created   ; Source File       ; N/A                     ; Source File            ; N/A                          ;                                ;
; hard_block:auto_generated_inst ; Auto-generated ; Source File       ; N/A                     ; Source File            ; N/A                          ; hard_block:auto_generated_inst ;
+--------------------------------+----------------+-------------------+-------------------------+------------------------+------------------------------+--------------------------------+


+------------------------------------------------------------------------------------------------------------------------------------+
; Incremental Compilation Placement Preservation                                                                                     ;
+--------------------------------+-----------------------+-------------------------+-------------------+---------------------+-------+
; Partition Name                 ; Preservation Achieved ; Preservation Level Used ; Netlist Type Used ; Preservation Method ; Notes ;
+--------------------------------+-----------------------+-------------------------+-------------------+---------------------+-------+
; Top                            ; 0.00 % ( 0 / 8100 )   ; N/A                     ; Source File       ; N/A                 ;       ;
; hard_block:auto_generated_inst ; 0.00 % ( 0 / 10 )     ; N/A                     ; Source File       ; N/A                 ;       ;
+--------------------------------+-----------------------+-------------------------+-------------------+---------------------+-------+


+--------------+
; Pin-Out File ;
+--------------+
The pin-out file can be found in C:/Users/Mateus/Documents/Processador-MIPS-32-Bits/Processador/output_files/mips.pin.


+----------------------------------------------------------------------------+
; Fitter Resource Usage Summary                                              ;
+---------------------------------------------+------------------------------+
; Resource                                    ; Usage                        ;
+---------------------------------------------+------------------------------+
; Total logic elements                        ; 6,714 / 114,480 ( 6 % )      ;
;     -- Combinational with no register       ; 5663                         ;
;     -- Register only                        ; 6                            ;
;     -- Combinational with a register        ; 1045                         ;
;                                             ;                              ;
; Logic element usage by number of LUT inputs ;                              ;
;     -- 4 input functions                    ; 3299                         ;
;     -- 3 input functions                    ; 1866                         ;
;     -- <=2 input functions                  ; 1543                         ;
;     -- Register only                        ; 6                            ;
;                                             ;                              ;
; Logic elements by mode                      ;                              ;
;     -- normal mode                          ; 5259                         ;
;     -- arithmetic mode                      ; 1449                         ;
;                                             ;                              ;
; Total registers*                            ; 1,051 / 117,053 ( < 1 % )    ;
;     -- Dedicated logic registers            ; 1,051 / 114,480 ( < 1 % )    ;
;     -- I/O registers                        ; 0 / 2,573 ( 0 % )            ;
;                                             ;                              ;
; Total LABs:  partially or completely used   ; 540 / 7,155 ( 8 % )          ;
; Virtual pins                                ; 206                          ;
; I/O pins                                    ; 47 / 529 ( 9 % )             ;
;     -- Clock pins                           ; 1 / 7 ( 14 % )               ;
;     -- Dedicated input pins                 ; 0 / 9 ( 0 % )                ;
;                                             ;                              ;
; M9Ks                                        ; 4 / 432 ( < 1 % )            ;
; Total block memory bits                     ; 32,768 / 3,981,312 ( < 1 % ) ;
; Total block memory implementation bits      ; 36,864 / 3,981,312 ( < 1 % ) ;
; Embedded Multiplier 9-bit elements          ; 6 / 532 ( 1 % )              ;
; PLLs                                        ; 0 / 4 ( 0 % )                ;
; Global signals                              ; 5                            ;
;     -- Global clocks                        ; 5 / 20 ( 25 % )              ;
; JTAGs                                       ; 0 / 1 ( 0 % )                ;
; CRC blocks                                  ; 0 / 1 ( 0 % )                ;
; ASMI blocks                                 ; 0 / 1 ( 0 % )                ;
; Oscillator blocks                           ; 0 / 1 ( 0 % )                ;
; Impedance control blocks                    ; 0 / 4 ( 0 % )                ;
; Average interconnect usage (total/H/V)      ; 2.4% / 2.3% / 2.6%           ;
; Peak interconnect usage (total/H/V)         ; 36.2% / 35.7% / 36.8%        ;
; Maximum fan-out                             ; 1019                         ;
; Highest non-global fan-out                  ; 258                          ;
; Total fan-out                               ; 25192                        ;
; Average fan-out                             ; 3.12                         ;
+---------------------------------------------+------------------------------+
*  Register count does not include registers inside RAM blocks or DSP blocks.



+--------------------------------------------------------------------------------------------------------+
; Fitter Partition Statistics                                                                            ;
+---------------------------------------------+-------------------------+--------------------------------+
; Statistic                                   ; Top                     ; hard_block:auto_generated_inst ;
+---------------------------------------------+-------------------------+--------------------------------+
; Difficulty Clustering Region                ; Low                     ; Low                            ;
;                                             ;                         ;                                ;
; Total logic elements                        ; 6714 / 114480 ( 6 % )   ; 0 / 114480 ( 0 % )             ;
;     -- Combinational with no register       ; 5663                    ; 0                              ;
;     -- Register only                        ; 6                       ; 0                              ;
;     -- Combinational with a register        ; 1045                    ; 0                              ;
;                                             ;                         ;                                ;
; Logic element usage by number of LUT inputs ;                         ;                                ;
;     -- 4 input functions                    ; 3299                    ; 0                              ;
;     -- 3 input functions                    ; 1866                    ; 0                              ;
;     -- <=2 input functions                  ; 1543                    ; 0                              ;
;     -- Register only                        ; 6                       ; 0                              ;
;                                             ;                         ;                                ;
; Logic elements by mode                      ;                         ;                                ;
;     -- normal mode                          ; 5259                    ; 0                              ;
;     -- arithmetic mode                      ; 1449                    ; 0                              ;
;                                             ;                         ;                                ;
; Total registers                             ; 1051                    ; 0                              ;
;     -- Dedicated logic registers            ; 1051 / 114480 ( < 1 % ) ; 0 / 114480 ( 0 % )             ;
;     -- I/O registers                        ; 0                       ; 0                              ;
;                                             ;                         ;                                ;
; Total LABs:  partially or completely used   ; 487 / 7155 ( 7 % )      ; 0 / 7155 ( 0 % )               ;
;                                             ;                         ;                                ;
; Virtual pins                                ; 206                     ; 0                              ;
; I/O pins                                    ; 47                      ; 0                              ;
; Embedded Multiplier 9-bit elements          ; 6 / 532 ( 1 % )         ; 0 / 532 ( 0 % )                ;
; Total memory bits                           ; 32768                   ; 0                              ;
; Total RAM block bits                        ; 36864                   ; 0                              ;
; M9K                                         ; 4 / 432 ( < 1 % )       ; 0 / 432 ( 0 % )                ;
; Clock control block                         ; 5 / 24 ( 20 % )         ; 0 / 24 ( 0 % )                 ;
;                                             ;                         ;                                ;
; Connections                                 ;                         ;                                ;
;     -- Input Connections                    ; 0                       ; 0                              ;
;     -- Registered Input Connections         ; 0                       ; 0                              ;
;     -- Output Connections                   ; 0                       ; 0                              ;
;     -- Registered Output Connections        ; 0                       ; 0                              ;
;                                             ;                         ;                                ;
; Internal Connections                        ;                         ;                                ;
;     -- Total Connections                    ; 25340                   ; 5                              ;
;     -- Registered Connections               ; 2749                    ; 0                              ;
;                                             ;                         ;                                ;
; External Connections                        ;                         ;                                ;
;     -- Top                                  ; 0                       ; 0                              ;
;     -- hard_block:auto_generated_inst       ; 0                       ; 0                              ;
;                                             ;                         ;                                ;
; Partition Interface                         ;                         ;                                ;
;     -- Input Ports                          ; 17                      ; 0                              ;
;     -- Output Ports                         ; 236                     ; 0                              ;
;     -- Bidir Ports                          ; 0                       ; 0                              ;
;                                             ;                         ;                                ;
; Registered Ports                            ;                         ;                                ;
;     -- Registered Input Ports               ; 0                       ; 0                              ;
;     -- Registered Output Ports              ; 0                       ; 0                              ;
;                                             ;                         ;                                ;
; Port Connectivity                           ;                         ;                                ;
;     -- Input Ports driven by GND            ; 0                       ; 0                              ;
;     -- Output Ports driven by GND           ; 0                       ; 0                              ;
;     -- Input Ports driven by VCC            ; 0                       ; 0                              ;
;     -- Output Ports driven by VCC           ; 0                       ; 0                              ;
;     -- Input Ports with no Source           ; 0                       ; 0                              ;
;     -- Output Ports with no Source          ; 0                       ; 0                              ;
;     -- Input Ports with no Fanout           ; 0                       ; 0                              ;
;     -- Output Ports with no Fanout          ; 0                       ; 0                              ;
+---------------------------------------------+-------------------------+--------------------------------+


+----------------------------------------------------------------------------------------------------------------------------------------------------------------------------------------------------------------------------------------------------------------------------------------------------+
; Input Pins                                                                                                                                                                                                                                                                                         ;
+-------------------+-------+----------+--------------+--------------+--------------+-----------------------+--------------------+--------+----------------+---------------+-----------------+----------+--------------+--------------+---------------------------+----------------------+-----------+
; Name              ; Pin # ; I/O Bank ; X coordinate ; Y coordinate ; Z coordinate ; Combinational Fan-Out ; Registered Fan-Out ; Global ; Input Register ; Power Up High ; PCI I/O Enabled ; Bus Hold ; Weak Pull Up ; I/O Standard ; Termination Control Block ; Location assigned by ; Slew Rate ;
+-------------------+-------+----------+--------------+--------------+--------------+-----------------------+--------------------+--------+----------------+---------------+-----------------+----------+--------------+--------------+---------------------------+----------------------+-----------+
; Interruptores[0]  ; AB28  ; 5        ; 115          ; 17           ; 0            ; 1                     ; 0                  ; no     ; no             ; no            ; yes             ; no       ; Off          ; 2.5 V        ; --                        ; User                 ; no        ;
; Interruptores[10] ; AC24  ; 5        ; 115          ; 4            ; 14           ; 1                     ; 0                  ; no     ; no             ; no            ; yes             ; no       ; Off          ; 2.5 V        ; --                        ; User                 ; no        ;
; Interruptores[11] ; AB24  ; 5        ; 115          ; 5            ; 14           ; 1                     ; 0                  ; no     ; no             ; no            ; yes             ; no       ; Off          ; 2.5 V        ; --                        ; User                 ; no        ;
; Interruptores[12] ; AB23  ; 5        ; 115          ; 7            ; 14           ; 1                     ; 0                  ; no     ; no             ; no            ; yes             ; no       ; Off          ; 2.5 V        ; --                        ; User                 ; no        ;
; Interruptores[13] ; AA24  ; 5        ; 115          ; 9            ; 21           ; 1                     ; 0                  ; no     ; no             ; no            ; yes             ; no       ; Off          ; 2.5 V        ; --                        ; User                 ; no        ;
; Interruptores[14] ; AA23  ; 5        ; 115          ; 10           ; 7            ; 1                     ; 0                  ; no     ; no             ; no            ; yes             ; no       ; Off          ; 2.5 V        ; --                        ; User                 ; no        ;
; Interruptores[15] ; AA22  ; 5        ; 115          ; 6            ; 14           ; 1                     ; 0                  ; no     ; no             ; no            ; yes             ; no       ; Off          ; 2.5 V        ; --                        ; User                 ; no        ;
; Interruptores[1]  ; AC28  ; 5        ; 115          ; 14           ; 0            ; 1                     ; 0                  ; no     ; no             ; no            ; yes             ; no       ; Off          ; 2.5 V        ; --                        ; User                 ; no        ;
; Interruptores[2]  ; AC27  ; 5        ; 115          ; 15           ; 7            ; 1                     ; 0                  ; no     ; no             ; no            ; yes             ; no       ; Off          ; 2.5 V        ; --                        ; User                 ; no        ;
; Interruptores[3]  ; AD27  ; 5        ; 115          ; 13           ; 7            ; 1                     ; 0                  ; no     ; no             ; no            ; yes             ; no       ; Off          ; 2.5 V        ; --                        ; User                 ; no        ;
; Interruptores[4]  ; AB27  ; 5        ; 115          ; 18           ; 7            ; 1                     ; 0                  ; no     ; no             ; no            ; yes             ; no       ; Off          ; 2.5 V        ; --                        ; User                 ; no        ;
; Interruptores[5]  ; AC26  ; 5        ; 115          ; 11           ; 7            ; 1                     ; 0                  ; no     ; no             ; no            ; yes             ; no       ; Off          ; 2.5 V        ; --                        ; User                 ; no        ;
; Interruptores[6]  ; AD26  ; 5        ; 115          ; 10           ; 0            ; 1                     ; 0                  ; no     ; no             ; no            ; yes             ; no       ; Off          ; 2.5 V        ; --                        ; User                 ; no        ;
; Interruptores[7]  ; AB26  ; 5        ; 115          ; 15           ; 0            ; 1                     ; 0                  ; no     ; no             ; no            ; yes             ; no       ; Off          ; 2.5 V        ; --                        ; User                 ; no        ;
; Interruptores[8]  ; AC25  ; 5        ; 115          ; 4            ; 21           ; 1                     ; 0                  ; no     ; no             ; no            ; yes             ; no       ; Off          ; 2.5 V        ; --                        ; User                 ; no        ;
; Interruptores[9]  ; AB25  ; 5        ; 115          ; 16           ; 7            ; 1                     ; 0                  ; no     ; no             ; no            ; yes             ; no       ; Off          ; 2.5 V        ; --                        ; User                 ; no        ;
; clock             ; Y2    ; 2        ; 0            ; 36           ; 14           ; 30                    ; 0                  ; yes    ; no             ; no            ; yes             ; no       ; Off          ; 2.5 V        ; --                        ; User                 ; no        ;
+-------------------+-------+----------+--------------+--------------+--------------+-----------------------+--------------------+--------+----------------+---------------+-----------------+----------+--------------+--------------+---------------------------+----------------------+-----------+


+--------------------------------------------------------------------------------------------------------------------------------------------------------------------------------------------------------------------------------------------------------------------------------------------------------------------------------------------------------------------------------------------------------------------------------------------------------------+
; Output Pins                                                                                                                                                                                                                                                                                                                                                                                                                                                  ;
+-------------+-------+----------+--------------+--------------+--------------+-----------------+------------------------+---------------+-----------+-----------------+------------+---------------+----------+--------------+--------------+------------------+-----------------------------------+---------------------------+----------------------------+-----------------------------+----------------------+----------------------+---------------------+
; Name        ; Pin # ; I/O Bank ; X coordinate ; Y coordinate ; Z coordinate ; Output Register ; Output Enable Register ; Power Up High ; Slew Rate ; PCI I/O Enabled ; Open Drain ; TRI Primitive ; Bus Hold ; Weak Pull Up ; I/O Standard ; Current Strength ; Termination                       ; Termination Control Block ; Output Buffer Pre-emphasis ; Voltage Output Differential ; Location assigned by ; Output Enable Source ; Output Enable Group ;
+-------------+-------+----------+--------------+--------------+--------------+-----------------+------------------------+---------------+-----------+-----------------+------------+---------------+----------+--------------+--------------+------------------+-----------------------------------+---------------------------+----------------------------+-----------------------------+----------------------+----------------------+---------------------+
; Display1[0] ; G18   ; 7        ; 69           ; 73           ; 21           ; no              ; no                     ; no            ; 2         ; no              ; no         ; no            ; no       ; Off          ; 2.5 V        ; Default          ; Series 50 Ohm without Calibration ; --                        ; no                         ; no                          ; User                 ; -                    ; -                   ;
; Display1[1] ; F22   ; 7        ; 107          ; 73           ; 21           ; no              ; no                     ; no            ; 2         ; no              ; no         ; no            ; no       ; Off          ; 2.5 V        ; Default          ; Series 50 Ohm without Calibration ; --                        ; no                         ; no                          ; User                 ; -                    ; -                   ;
; Display1[2] ; E17   ; 7        ; 67           ; 73           ; 21           ; no              ; no                     ; no            ; 2         ; no              ; no         ; no            ; no       ; Off          ; 2.5 V        ; Default          ; Series 50 Ohm without Calibration ; --                        ; no                         ; no                          ; User                 ; -                    ; -                   ;
; Display1[3] ; L26   ; 6        ; 115          ; 50           ; 0            ; no              ; no                     ; no            ; 2         ; no              ; no         ; no            ; no       ; Off          ; 2.5 V        ; Default          ; Series 50 Ohm without Calibration ; --                        ; no                         ; no                          ; User                 ; -                    ; -                   ;
; Display1[4] ; L25   ; 6        ; 115          ; 54           ; 14           ; no              ; no                     ; no            ; 2         ; no              ; no         ; no            ; no       ; Off          ; 2.5 V        ; Default          ; Series 50 Ohm without Calibration ; --                        ; no                         ; no                          ; User                 ; -                    ; -                   ;
; Display1[5] ; J22   ; 6        ; 115          ; 67           ; 14           ; no              ; no                     ; no            ; 2         ; no              ; no         ; no            ; no       ; Off          ; 2.5 V        ; Default          ; Series 50 Ohm without Calibration ; --                        ; no                         ; no                          ; User                 ; -                    ; -                   ;
; Display1[6] ; H22   ; 6        ; 115          ; 69           ; 0            ; no              ; no                     ; no            ; 2         ; no              ; no         ; no            ; no       ; Off          ; 2.5 V        ; Default          ; Series 50 Ohm without Calibration ; --                        ; no                         ; no                          ; User                 ; -                    ; -                   ;
; Display2[0] ; M24   ; 6        ; 115          ; 41           ; 0            ; no              ; no                     ; no            ; 2         ; no              ; no         ; no            ; no       ; Off          ; 2.5 V        ; Default          ; Series 50 Ohm without Calibration ; --                        ; no                         ; no                          ; User                 ; -                    ; -                   ;
; Display2[1] ; Y22   ; 5        ; 115          ; 30           ; 7            ; no              ; no                     ; no            ; 2         ; no              ; no         ; no            ; no       ; Off          ; 2.5 V        ; Default          ; Series 50 Ohm without Calibration ; --                        ; no                         ; no                          ; User                 ; -                    ; -                   ;
; Display2[2] ; W21   ; 5        ; 115          ; 25           ; 21           ; no              ; no                     ; no            ; 2         ; no              ; no         ; no            ; no       ; Off          ; 2.5 V        ; Default          ; Series 50 Ohm without Calibration ; --                        ; no                         ; no                          ; User                 ; -                    ; -                   ;
; Display2[3] ; W22   ; 5        ; 115          ; 30           ; 0            ; no              ; no                     ; no            ; 2         ; no              ; no         ; no            ; no       ; Off          ; 2.5 V        ; Default          ; Series 50 Ohm without Calibration ; --                        ; no                         ; no                          ; User                 ; -                    ; -                   ;
; Display2[4] ; W25   ; 5        ; 115          ; 20           ; 7            ; no              ; no                     ; no            ; 2         ; no              ; no         ; no            ; no       ; Off          ; 2.5 V        ; Default          ; Series 50 Ohm without Calibration ; --                        ; no                         ; no                          ; User                 ; -                    ; -                   ;
; Display2[5] ; U23   ; 5        ; 115          ; 22           ; 0            ; no              ; no                     ; no            ; 2         ; no              ; no         ; no            ; no       ; Off          ; 2.5 V        ; Default          ; Series 50 Ohm without Calibration ; --                        ; no                         ; no                          ; User                 ; -                    ; -                   ;
; Display2[6] ; U24   ; 5        ; 115          ; 28           ; 7            ; no              ; no                     ; no            ; 2         ; no              ; no         ; no            ; no       ; Off          ; 2.5 V        ; Default          ; Series 50 Ohm without Calibration ; --                        ; no                         ; no                          ; User                 ; -                    ; -                   ;
; Display3[0] ; AA25  ; 5        ; 115          ; 17           ; 7            ; no              ; no                     ; no            ; 2         ; no              ; no         ; no            ; no       ; Off          ; 2.5 V        ; Default          ; Series 50 Ohm without Calibration ; --                        ; no                         ; no                          ; User                 ; -                    ; -                   ;
; Display3[1] ; AA26  ; 5        ; 115          ; 16           ; 0            ; no              ; no                     ; no            ; 2         ; no              ; no         ; no            ; no       ; Off          ; 2.5 V        ; Default          ; Series 50 Ohm without Calibration ; --                        ; no                         ; no                          ; User                 ; -                    ; -                   ;
; Display3[2] ; Y25   ; 5        ; 115          ; 19           ; 7            ; no              ; no                     ; no            ; 2         ; no              ; no         ; no            ; no       ; Off          ; 2.5 V        ; Default          ; Series 50 Ohm without Calibration ; --                        ; no                         ; no                          ; User                 ; -                    ; -                   ;
; Display3[3] ; W26   ; 5        ; 115          ; 19           ; 0            ; no              ; no                     ; no            ; 2         ; no              ; no         ; no            ; no       ; Off          ; 2.5 V        ; Default          ; Series 50 Ohm without Calibration ; --                        ; no                         ; no                          ; User                 ; -                    ; -                   ;
; Display3[4] ; Y26   ; 5        ; 115          ; 18           ; 0            ; no              ; no                     ; no            ; 2         ; no              ; no         ; no            ; no       ; Off          ; 2.5 V        ; Default          ; Series 50 Ohm without Calibration ; --                        ; no                         ; no                          ; User                 ; -                    ; -                   ;
; Display3[5] ; W27   ; 5        ; 115          ; 20           ; 0            ; no              ; no                     ; no            ; 2         ; no              ; no         ; no            ; no       ; Off          ; 2.5 V        ; Default          ; Series 50 Ohm without Calibration ; --                        ; no                         ; no                          ; User                 ; -                    ; -                   ;
; Display3[6] ; W28   ; 5        ; 115          ; 21           ; 14           ; no              ; no                     ; no            ; 2         ; no              ; no         ; no            ; no       ; Off          ; 2.5 V        ; Default          ; Series 50 Ohm without Calibration ; --                        ; no                         ; no                          ; User                 ; -                    ; -                   ;
; Display4[0] ; V21   ; 5        ; 115          ; 25           ; 14           ; no              ; no                     ; no            ; 2         ; no              ; no         ; no            ; no       ; Off          ; 2.5 V        ; Default          ; Series 50 Ohm without Calibration ; --                        ; no                         ; no                          ; User                 ; -                    ; -                   ;
; Display4[1] ; U21   ; 5        ; 115          ; 29           ; 0            ; no              ; no                     ; no            ; 2         ; no              ; no         ; no            ; no       ; Off          ; 2.5 V        ; Default          ; Series 50 Ohm without Calibration ; --                        ; no                         ; no                          ; User                 ; -                    ; -                   ;
; Display4[2] ; AB20  ; 4        ; 100          ; 0            ; 0            ; no              ; no                     ; no            ; 2         ; no              ; no         ; no            ; no       ; Off          ; 2.5 V        ; Default          ; Series 50 Ohm without Calibration ; --                        ; no                         ; no                          ; User                 ; -                    ; -                   ;
; Display4[3] ; AA21  ; 4        ; 111          ; 0            ; 0            ; no              ; no                     ; no            ; 2         ; no              ; no         ; no            ; no       ; Off          ; 2.5 V        ; Default          ; Series 50 Ohm without Calibration ; --                        ; no                         ; no                          ; User                 ; -                    ; -                   ;
; Display4[4] ; AD24  ; 4        ; 105          ; 0            ; 21           ; no              ; no                     ; no            ; 2         ; no              ; no         ; no            ; no       ; Off          ; 2.5 V        ; Default          ; Series 50 Ohm without Calibration ; --                        ; no                         ; no                          ; User                 ; -                    ; -                   ;
; Display4[5] ; AF23  ; 4        ; 105          ; 0            ; 7            ; no              ; no                     ; no            ; 2         ; no              ; no         ; no            ; no       ; Off          ; 2.5 V        ; Default          ; Series 50 Ohm without Calibration ; --                        ; no                         ; no                          ; User                 ; -                    ; -                   ;
; Display4[6] ; Y19   ; 4        ; 105          ; 0            ; 0            ; no              ; no                     ; no            ; 2         ; no              ; no         ; no            ; no       ; Off          ; 2.5 V        ; Default          ; Series 50 Ohm without Calibration ; --                        ; no                         ; no                          ; User                 ; -                    ; -                   ;
; led         ; F17   ; 7        ; 67           ; 73           ; 14           ; no              ; no                     ; no            ; 2         ; no              ; no         ; no            ; no       ; Off          ; 2.5 V        ; Default          ; Series 50 Ohm without Calibration ; --                        ; no                         ; no                          ; User                 ; -                    ; -                   ;
; zero        ; AB13  ; 3        ; 47           ; 0            ; 7            ; no              ; no                     ; no            ; 2         ; no              ; no         ; no            ; no       ; Off          ; 2.5 V        ; Default          ; Series 50 Ohm without Calibration ; --                        ; no                         ; no                          ; Fitter               ; -                    ; -                   ;
+-------------+-------+----------+--------------+--------------+--------------+-----------------+------------------------+---------------+-----------+-----------------+------------+---------------+----------+--------------+--------------+------------------+-----------------------------------+---------------------------+----------------------------+-----------------------------+----------------------+----------------------+---------------------+


+-------------------------------------------------------------------------------------------------------------------------+
; Dual Purpose and Dedicated Pins                                                                                         ;
+----------+-----------------------------+--------------------------+-------------------------+---------------------------+
; Location ; Pin Name                    ; Reserved As              ; User Signal Name        ; Pin Type                  ;
+----------+-----------------------------+--------------------------+-------------------------+---------------------------+
; F4       ; DIFFIO_L5n, DATA1, ASDO     ; As input tri-stated      ; ~ALTERA_ASDO_DATA1~     ; Dual Purpose Pin          ;
; E2       ; DIFFIO_L8p, FLASH_nCE, nCSO ; As input tri-stated      ; ~ALTERA_FLASH_nCE_nCSO~ ; Dual Purpose Pin          ;
; M6       ; nSTATUS                     ; -                        ; -                       ; Dedicated Programming Pin ;
; P3       ; DCLK                        ; As output driving ground ; ~ALTERA_DCLK~           ; Dual Purpose Pin          ;
; N7       ; DATA0                       ; As input tri-stated      ; ~ALTERA_DATA0~          ; Dual Purpose Pin          ;
; P4       ; nCONFIG                     ; -                        ; -                       ; Dedicated Programming Pin ;
; R8       ; nCE                         ; -                        ; -                       ; Dedicated Programming Pin ;
; P24      ; CONF_DONE                   ; -                        ; -                       ; Dedicated Programming Pin ;
; N22      ; MSEL0                       ; -                        ; -                       ; Dedicated Programming Pin ;
; P23      ; MSEL1                       ; -                        ; -                       ; Dedicated Programming Pin ;
; M22      ; MSEL2                       ; -                        ; -                       ; Dedicated Programming Pin ;
; P22      ; MSEL3                       ; -                        ; -                       ; Dedicated Programming Pin ;
; P28      ; DIFFIO_R23n, nCEO           ; Use as programming pin   ; ~ALTERA_nCEO~           ; Dual Purpose Pin          ;
+----------+-----------------------------+--------------------------+-------------------------+---------------------------+


+------------------------------------------------------------+
; I/O Bank Usage                                             ;
+----------+------------------+---------------+--------------+
; I/O Bank ; Usage            ; VCCIO Voltage ; VREF Voltage ;
+----------+------------------+---------------+--------------+
; 1        ; 4 / 56 ( 7 % )   ; 2.5V          ; --           ;
; 2        ; 1 / 63 ( 2 % )   ; 2.5V          ; --           ;
; 3        ; 1 / 73 ( 1 % )   ; 2.5V          ; --           ;
; 4        ; 5 / 71 ( 7 % )   ; 2.5V          ; --           ;
; 5        ; 31 / 65 ( 48 % ) ; 2.5V          ; --           ;
; 6        ; 6 / 58 ( 10 % )  ; 2.5V          ; --           ;
; 7        ; 4 / 72 ( 6 % )   ; 2.5V          ; --           ;
; 8        ; 0 / 71 ( 0 % )   ; 2.5V          ; --           ;
+----------+------------------+---------------+--------------+


+-----------------------------------------------------------------------------------------------------------------------------------------------------------------------------------------+
; All Package Pins                                                                                                                                                                        ;
+----------+------------+----------+-----------------------------------------------------------+--------+--------------+---------+------------+-----------------+----------+--------------+
; Location ; Pad Number ; I/O Bank ; Pin Name/Usage                                            ; Dir.   ; I/O Standard ; Voltage ; I/O Type   ; User Assignment ; Bus Hold ; Weak Pull Up ;
+----------+------------+----------+-----------------------------------------------------------+--------+--------------+---------+------------+-----------------+----------+--------------+
; A2       ;            ; 8        ; VCCIO8                                                    ; power  ;              ; 2.5V    ; --         ;                 ; --       ; --           ;
; A3       ; 535        ; 8        ; RESERVED_INPUT                                            ;        ;              ;         ; Column I/O ;                 ; no       ; Off          ;
; A4       ; 532        ; 8        ; RESERVED_INPUT                                            ;        ;              ;         ; Column I/O ;                 ; no       ; Off          ;
; A5       ;            ; 8        ; VCCIO8                                                    ; power  ;              ; 2.5V    ; --         ;                 ; --       ; --           ;
; A6       ; 504        ; 8        ; RESERVED_INPUT                                            ;        ;              ;         ; Column I/O ;                 ; no       ; Off          ;
; A7       ; 501        ; 8        ; RESERVED_INPUT                                            ;        ;              ;         ; Column I/O ;                 ; no       ; Off          ;
; A8       ; 517        ; 8        ; RESERVED_INPUT                                            ;        ;              ;         ; Column I/O ;                 ; no       ; Off          ;
; A9       ;            ; 8        ; VCCIO8                                                    ; power  ;              ; 2.5V    ; --         ;                 ; --       ; --           ;
; A10      ; 491        ; 8        ; RESERVED_INPUT                                            ;        ;              ;         ; Column I/O ;                 ; no       ; Off          ;
; A11      ; 487        ; 8        ; RESERVED_INPUT                                            ;        ;              ;         ; Column I/O ;                 ; no       ; Off          ;
; A12      ; 482        ; 8        ; RESERVED_INPUT                                            ;        ;              ;         ; Column I/O ;                 ; no       ; Off          ;
; A13      ;            ; 8        ; VCCIO8                                                    ; power  ;              ; 2.5V    ; --         ;                 ; --       ; --           ;
; A14      ; 472        ; 8        ; GND+                                                      ;        ;              ;         ; Column I/O ;                 ; --       ; --           ;
; A15      ; 470        ; 7        ; GND+                                                      ;        ;              ;         ; Column I/O ;                 ; --       ; --           ;
; A16      ;            ; 7        ; VCCIO7                                                    ; power  ;              ; 2.5V    ; --         ;                 ; --       ; --           ;
; A17      ; 462        ; 7        ; RESERVED_INPUT                                            ;        ;              ;         ; Column I/O ;                 ; no       ; Off          ;
; A18      ; 442        ; 7        ; RESERVED_INPUT                                            ;        ;              ;         ; Column I/O ;                 ; no       ; Off          ;
; A19      ; 440        ; 7        ; RESERVED_INPUT                                            ;        ;              ;         ; Column I/O ;                 ; no       ; Off          ;
; A20      ;            ; 7        ; VCCIO7                                                    ; power  ;              ; 2.5V    ; --         ;                 ; --       ; --           ;
; A21      ; 425        ; 7        ; RESERVED_INPUT                                            ;        ;              ;         ; Column I/O ;                 ; no       ; Off          ;
; A22      ; 423        ; 7        ; RESERVED_INPUT                                            ;        ;              ;         ; Column I/O ;                 ; no       ; Off          ;
; A23      ; 412        ; 7        ; RESERVED_INPUT                                            ;        ;              ;         ; Column I/O ;                 ; no       ; Off          ;
; A24      ;            ; 7        ; VCCIO7                                                    ; power  ;              ; 2.5V    ; --         ;                 ; --       ; --           ;
; A25      ; 405        ; 7        ; RESERVED_INPUT                                            ;        ;              ;         ; Column I/O ;                 ; no       ; Off          ;
; A26      ; 404        ; 7        ; RESERVED_INPUT                                            ;        ;              ;         ; Column I/O ;                 ; no       ; Off          ;
; A27      ;            ; 7        ; VCCIO7                                                    ; power  ;              ; 2.5V    ; --         ;                 ; --       ; --           ;
; AA1      ;            ; 2        ; VCCIO2                                                    ; power  ;              ; 2.5V    ; --         ;                 ; --       ; --           ;
; AA2      ;            ;          ; GND                                                       ; gnd    ;              ;         ; --         ;                 ; --       ; --           ;
; AA3      ; 102        ; 2        ; RESERVED_INPUT                                            ;        ;              ;         ; Row I/O    ;                 ; no       ; Off          ;
; AA4      ; 101        ; 2        ; RESERVED_INPUT                                            ;        ;              ;         ; Row I/O    ;                 ; no       ; Off          ;
; AA5      ; 119        ; 2        ; RESERVED_INPUT                                            ;        ;              ;         ; Row I/O    ;                 ; no       ; Off          ;
; AA6      ; 118        ; 2        ; RESERVED_INPUT                                            ;        ;              ;         ; Row I/O    ;                 ; no       ; Off          ;
; AA7      ; 120        ; 2        ; RESERVED_INPUT                                            ;        ;              ;         ; Row I/O    ;                 ; no       ; Off          ;
; AA8      ; 154        ; 3        ; RESERVED_INPUT                                            ;        ;              ;         ; Column I/O ;                 ; no       ; Off          ;
; AA9      ;            ;          ; GNDA1                                                     ; gnd    ;              ;         ; --         ;                 ; --       ; --           ;
; AA10     ; 155        ; 3        ; RESERVED_INPUT                                            ;        ;              ;         ; Column I/O ;                 ; no       ; Off          ;
; AA11     ;            ; 3        ; VCCIO3                                                    ; power  ;              ; 2.5V    ; --         ;                 ; --       ; --           ;
; AA12     ; 188        ; 3        ; RESERVED_INPUT                                            ;        ;              ;         ; Column I/O ;                 ; no       ; Off          ;
; AA13     ; 190        ; 3        ; RESERVED_INPUT                                            ;        ;              ;         ; Column I/O ;                 ; no       ; Off          ;
; AA14     ; 191        ; 3        ; RESERVED_INPUT                                            ;        ;              ;         ; Column I/O ;                 ; no       ; Off          ;
; AA15     ; 213        ; 4        ; RESERVED_INPUT                                            ;        ;              ;         ; Column I/O ;                 ; --       ; --           ;
; AA16     ; 211        ; 4        ; RESERVED_INPUT                                            ;        ;              ;         ; Column I/O ;                 ; no       ; Off          ;
; AA17     ; 241        ; 4        ; RESERVED_INPUT                                            ;        ;              ;         ; Column I/O ;                 ; no       ; Off          ;
; AA18     ;            ; 4        ; VCCIO4                                                    ; power  ;              ; 2.5V    ; --         ;                 ; --       ; --           ;
; AA19     ; 264        ; 4        ; RESERVED_INPUT                                            ;        ;              ;         ; Column I/O ;                 ; no       ; Off          ;
; AA20     ;            ;          ; GNDA4                                                     ; gnd    ;              ;         ; --         ;                 ; --       ; --           ;
; AA21     ; 269        ; 4        ; Display4[3]                                               ; output ; 2.5 V        ;         ; Column I/O ; Y               ; no       ; Off          ;
; AA22     ; 275        ; 5        ; Interruptores[15]                                         ; input  ; 2.5 V        ;         ; Row I/O    ; Y               ; no       ; Off          ;
; AA23     ; 280        ; 5        ; Interruptores[14]                                         ; input  ; 2.5 V        ;         ; Row I/O    ; Y               ; no       ; Off          ;
; AA24     ; 279        ; 5        ; Interruptores[13]                                         ; input  ; 2.5 V        ;         ; Row I/O    ; Y               ; no       ; Off          ;
; AA25     ; 294        ; 5        ; Display3[0]                                               ; output ; 2.5 V        ;         ; Row I/O    ; Y               ; no       ; Off          ;
; AA26     ; 293        ; 5        ; Display3[1]                                               ; output ; 2.5 V        ;         ; Row I/O    ; Y               ; no       ; Off          ;
; AA27     ;            ;          ; GND                                                       ; gnd    ;              ;         ; --         ;                 ; --       ; --           ;
; AA28     ;            ; 5        ; VCCIO5                                                    ; power  ;              ; 2.5V    ; --         ;                 ; --       ; --           ;
; AB1      ; 86         ; 2        ; RESERVED_INPUT                                            ;        ;              ;         ; Row I/O    ;                 ; no       ; Off          ;
; AB2      ; 85         ; 2        ; RESERVED_INPUT                                            ;        ;              ;         ; Row I/O    ;                 ; no       ; Off          ;
; AB3      ; 99         ; 2        ; RESERVED_INPUT                                            ;        ;              ;         ; Row I/O    ;                 ; no       ; Off          ;
; AB4      ; 121        ; 2        ; RESERVED_INPUT                                            ;        ;              ;         ; Row I/O    ;                 ; --       ; --           ;
; AB5      ; 127        ; 2        ; RESERVED_INPUT                                            ;        ;              ;         ; Row I/O    ;                 ; no       ; Off          ;
; AB6      ; 126        ; 2        ; RESERVED_INPUT                                            ;        ;              ;         ; Row I/O    ;                 ; no       ; Off          ;
; AB7      ; 152        ; 3        ; RESERVED_INPUT                                            ;        ;              ;         ; Column I/O ;                 ; no       ; Off          ;
; AB8      ; 148        ; 3        ; RESERVED_INPUT                                            ;        ;              ;         ; Column I/O ;                 ; no       ; Off          ;
; AB9      ; 147        ; 3        ; RESERVED_INPUT                                            ;        ;              ;         ; Column I/O ;                 ; no       ; Off          ;
; AB10     ; 173        ; 3        ; RESERVED_INPUT                                            ;        ;              ;         ; Column I/O ;                 ; no       ; Off          ;
; AB11     ; 164        ; 3        ; RESERVED_INPUT                                            ;        ;              ;         ; Column I/O ;                 ; --       ; --           ;
; AB12     ; 180        ; 3        ; RESERVED_INPUT                                            ;        ;              ;         ; Column I/O ;                 ; no       ; Off          ;
; AB13     ; 181        ; 3        ; zero                                                      ; output ; 2.5 V        ;         ; Column I/O ; N               ; no       ; Off          ;
; AB14     ; 192        ; 3        ; RESERVED_INPUT                                            ;        ;              ;         ; Column I/O ;                 ; no       ; Off          ;
; AB15     ; 214        ; 4        ; RESERVED_INPUT                                            ;        ;              ;         ; Column I/O ;                 ; no       ; Off          ;
; AB16     ; 212        ; 4        ; RESERVED_INPUT                                            ;        ;              ;         ; Column I/O ;                 ; no       ; Off          ;
; AB17     ; 242        ; 4        ; RESERVED_INPUT                                            ;        ;              ;         ; Column I/O ;                 ; no       ; Off          ;
; AB18     ; 254        ; 4        ; RESERVED_INPUT                                            ;        ;              ;         ; Column I/O ;                 ; no       ; Off          ;
; AB19     ; 253        ; 4        ; RESERVED_INPUT                                            ;        ;              ;         ; Column I/O ;                 ; no       ; Off          ;
; AB20     ; 257        ; 4        ; Display4[2]                                               ; output ; 2.5 V        ;         ; Column I/O ; Y               ; no       ; Off          ;
; AB21     ; 266        ; 4        ; RESERVED_INPUT                                            ;        ;              ;         ; Column I/O ;                 ; no       ; Off          ;
; AB22     ; 265        ; 4        ; RESERVED_INPUT                                            ;        ;              ;         ; Column I/O ;                 ; no       ; Off          ;
; AB23     ; 276        ; 5        ; Interruptores[12]                                         ; input  ; 2.5 V        ;         ; Row I/O    ; Y               ; no       ; Off          ;
; AB24     ; 274        ; 5        ; Interruptores[11]                                         ; input  ; 2.5 V        ;         ; Row I/O    ; Y               ; no       ; Off          ;
; AB25     ; 292        ; 5        ; Interruptores[9]                                          ; input  ; 2.5 V        ;         ; Row I/O    ; Y               ; no       ; Off          ;
; AB26     ; 291        ; 5        ; Interruptores[7]                                          ; input  ; 2.5 V        ;         ; Row I/O    ; Y               ; no       ; Off          ;
; AB27     ; 296        ; 5        ; Interruptores[4]                                          ; input  ; 2.5 V        ;         ; Row I/O    ; Y               ; no       ; Off          ;
; AB28     ; 295        ; 5        ; Interruptores[0]                                          ; input  ; 2.5 V        ;         ; Row I/O    ; Y               ; no       ; Off          ;
; AC1      ; 94         ; 2        ; RESERVED_INPUT                                            ;        ;              ;         ; Row I/O    ;                 ; no       ; Off          ;
; AC2      ; 93         ; 2        ; RESERVED_INPUT                                            ;        ;              ;         ; Row I/O    ;                 ; no       ; Off          ;
; AC3      ; 95         ; 2        ; RESERVED_INPUT                                            ;        ;              ;         ; Row I/O    ;                 ; no       ; Off          ;
; AC4      ; 125        ; 2        ; RESERVED_INPUT                                            ;        ;              ;         ; Row I/O    ;                 ; no       ; Off          ;
; AC5      ; 124        ; 2        ; RESERVED_INPUT                                            ;        ;              ;         ; Row I/O    ;                 ; no       ; Off          ;
; AC6      ;            ;          ; GND                                                       ; gnd    ;              ;         ; --         ;                 ; --       ; --           ;
; AC7      ; 144        ; 3        ; RESERVED_INPUT                                            ;        ;              ;         ; Column I/O ;                 ; no       ; Off          ;
; AC8      ; 153        ; 3        ; RESERVED_INPUT                                            ;        ;              ;         ; Column I/O ;                 ; no       ; Off          ;
; AC9      ;            ;          ; GND                                                       ; gnd    ;              ;         ; --         ;                 ; --       ; --           ;
; AC10     ; 174        ; 3        ; RESERVED_INPUT                                            ;        ;              ;         ; Column I/O ;                 ; no       ; Off          ;
; AC11     ; 185        ; 3        ; RESERVED_INPUT                                            ;        ;              ;         ; Column I/O ;                 ; no       ; Off          ;
; AC12     ; 179        ; 3        ; RESERVED_INPUT                                            ;        ;              ;         ; Column I/O ;                 ; no       ; Off          ;
; AC13     ;            ;          ; GND                                                       ; gnd    ;              ;         ; --         ;                 ; --       ; --           ;
; AC14     ; 195        ; 3        ; RESERVED_INPUT                                            ;        ;              ;         ; Column I/O ;                 ; no       ; Off          ;
; AC15     ; 203        ; 4        ; RESERVED_INPUT                                            ;        ;              ;         ; Column I/O ;                 ; no       ; Off          ;
; AC16     ;            ;          ; GND                                                       ; gnd    ;              ;         ; --         ;                 ; --       ; --           ;
; AC17     ; 221        ; 4        ; RESERVED_INPUT                                            ;        ;              ;         ; Column I/O ;                 ; no       ; Off          ;
; AC18     ; 240        ; 4        ; RESERVED_INPUT                                            ;        ;              ;         ; Column I/O ;                 ; --       ; --           ;
; AC19     ; 247        ; 4        ; RESERVED_INPUT                                            ;        ;              ;         ; Column I/O ;                 ; no       ; Off          ;
; AC20     ;            ;          ; GND                                                       ; gnd    ;              ;         ; --         ;                 ; --       ; --           ;
; AC21     ; 258        ; 4        ; RESERVED_INPUT                                            ;        ;              ;         ; Column I/O ;                 ; no       ; Off          ;
; AC22     ; 267        ; 4        ; RESERVED_INPUT                                            ;        ;              ;         ; Column I/O ;                 ; no       ; Off          ;
; AC23     ;            ;          ; GND                                                       ; gnd    ;              ;         ; --         ;                 ; --       ; --           ;
; AC24     ; 273        ; 5        ; Interruptores[10]                                         ; input  ; 2.5 V        ;         ; Row I/O    ; Y               ; no       ; Off          ;
; AC25     ; 272        ; 5        ; Interruptores[8]                                          ; input  ; 2.5 V        ;         ; Row I/O    ; Y               ; no       ; Off          ;
; AC26     ; 282        ; 5        ; Interruptores[5]                                          ; input  ; 2.5 V        ;         ; Row I/O    ; Y               ; no       ; Off          ;
; AC27     ; 290        ; 5        ; Interruptores[2]                                          ; input  ; 2.5 V        ;         ; Row I/O    ; Y               ; no       ; Off          ;
; AC28     ; 289        ; 5        ; Interruptores[1]                                          ; input  ; 2.5 V        ;         ; Row I/O    ; Y               ; no       ; Off          ;
; AD1      ; 98         ; 2        ; RESERVED_INPUT                                            ;        ;              ;         ; Row I/O    ;                 ; no       ; Off          ;
; AD2      ; 97         ; 2        ; RESERVED_INPUT                                            ;        ;              ;         ; Row I/O    ;                 ; no       ; Off          ;
; AD3      ; 96         ; 2        ; RESERVED_INPUT                                            ;        ;              ;         ; Row I/O    ;                 ; no       ; Off          ;
; AD4      ; 130        ; 3        ; RESERVED_INPUT                                            ;        ;              ;         ; Column I/O ;                 ; no       ; Off          ;
; AD5      ; 128        ; 3        ; RESERVED_INPUT                                            ;        ;              ;         ; Column I/O ;                 ; no       ; Off          ;
; AD6      ;            ; 3        ; VCCIO3                                                    ; power  ;              ; 2.5V    ; --         ;                 ; --       ; --           ;
; AD7      ; 134        ; 3        ; RESERVED_INPUT                                            ;        ;              ;         ; Column I/O ;                 ; no       ; Off          ;
; AD8      ; 143        ; 3        ; RESERVED_INPUT                                            ;        ;              ;         ; Column I/O ;                 ; no       ; Off          ;
; AD9      ;            ; 3        ; VCCIO3                                                    ; power  ;              ; 2.5V    ; --         ;                 ; --       ; --           ;
; AD10     ; 149        ; 3        ; RESERVED_INPUT                                            ;        ;              ;         ; Column I/O ;                 ; no       ; Off          ;
; AD11     ; 186        ; 3        ; RESERVED_INPUT                                            ;        ;              ;         ; Column I/O ;                 ; no       ; Off          ;
; AD12     ; 182        ; 3        ; RESERVED_INPUT                                            ;        ;              ;         ; Column I/O ;                 ; no       ; Off          ;
; AD13     ;            ; 3        ; VCCIO3                                                    ; power  ;              ; 2.5V    ; --         ;                 ; --       ; --           ;
; AD14     ; 196        ; 3        ; RESERVED_INPUT                                            ;        ;              ;         ; Column I/O ;                 ; no       ; Off          ;
; AD15     ; 204        ; 4        ; RESERVED_INPUT                                            ;        ;              ;         ; Column I/O ;                 ; no       ; Off          ;
; AD16     ;            ; 4        ; VCCIO4                                                    ; power  ;              ; 2.5V    ; --         ;                 ; --       ; --           ;
; AD17     ; 222        ; 4        ; RESERVED_INPUT                                            ;        ;              ;         ; Column I/O ;                 ; no       ; Off          ;
; AD18     ; 237        ; 4        ; RESERVED_INPUT                                            ;        ;              ;         ; Column I/O ;                 ; no       ; Off          ;
; AD19     ; 248        ; 4        ; RESERVED_INPUT                                            ;        ;              ;         ; Column I/O ;                 ; no       ; Off          ;
; AD20     ;            ; 4        ; VCCIO4                                                    ; power  ;              ; 2.5V    ; --         ;                 ; --       ; --           ;
; AD21     ; 259        ; 4        ; RESERVED_INPUT                                            ;        ;              ;         ; Column I/O ;                 ; no       ; Off          ;
; AD22     ; 268        ; 4        ; RESERVED_INPUT                                            ;        ;              ;         ; Column I/O ;                 ; no       ; Off          ;
; AD23     ;            ; 4        ; VCCIO4                                                    ; power  ;              ; 2.5V    ; --         ;                 ; --       ; --           ;
; AD24     ; 260        ; 4        ; Display4[4]                                               ; output ; 2.5 V        ;         ; Column I/O ; Y               ; no       ; Off          ;
; AD25     ; 255        ; 4        ; RESERVED_INPUT                                            ;        ;              ;         ; Column I/O ;                 ; no       ; Off          ;
; AD26     ; 281        ; 5        ; Interruptores[6]                                          ; input  ; 2.5 V        ;         ; Row I/O    ; Y               ; no       ; Off          ;
; AD27     ; 286        ; 5        ; Interruptores[3]                                          ; input  ; 2.5 V        ;         ; Row I/O    ; Y               ; no       ; Off          ;
; AD28     ; 285        ; 5        ; RESERVED_INPUT                                            ;        ;              ;         ; Row I/O    ;                 ; no       ; Off          ;
; AE1      ; 106        ; 2        ; RESERVED_INPUT                                            ;        ;              ;         ; Row I/O    ;                 ; no       ; Off          ;
; AE2      ; 105        ; 2        ; RESERVED_INPUT                                            ;        ;              ;         ; Row I/O    ;                 ; no       ; Off          ;
; AE3      ; 122        ; 2        ; RESERVED_INPUT                                            ;        ;              ;         ; Row I/O    ;                 ; no       ; Off          ;
; AE4      ; 132        ; 3        ; RESERVED_INPUT                                            ;        ;              ;         ; Column I/O ;                 ; no       ; Off          ;
; AE5      ; 135        ; 3        ; RESERVED_INPUT                                            ;        ;              ;         ; Column I/O ;                 ; no       ; Off          ;
; AE6      ; 129        ; 3        ; RESERVED_INPUT                                            ;        ;              ;         ; Column I/O ;                 ; no       ; Off          ;
; AE7      ; 158        ; 3        ; RESERVED_INPUT                                            ;        ;              ;         ; Column I/O ;                 ; no       ; Off          ;
; AE8      ; 161        ; 3        ; RESERVED_INPUT                                            ;        ;              ;         ; Column I/O ;                 ; no       ; Off          ;
; AE9      ; 163        ; 3        ; RESERVED_INPUT                                            ;        ;              ;         ; Column I/O ;                 ; no       ; Off          ;
; AE10     ; 165        ; 3        ; RESERVED_INPUT                                            ;        ;              ;         ; Column I/O ;                 ; no       ; Off          ;
; AE11     ; 171        ; 3        ; RESERVED_INPUT                                            ;        ;              ;         ; Column I/O ;                 ; no       ; Off          ;
; AE12     ; 169        ; 3        ; RESERVED_INPUT                                            ;        ;              ;         ; Column I/O ;                 ; no       ; Off          ;
; AE13     ; 177        ; 3        ; RESERVED_INPUT                                            ;        ;              ;         ; Column I/O ;                 ; no       ; Off          ;
; AE14     ; 183        ; 3        ; RESERVED_INPUT                                            ;        ;              ;         ; Column I/O ;                 ; no       ; Off          ;
; AE15     ; 205        ; 4        ; RESERVED_INPUT                                            ;        ;              ;         ; Column I/O ;                 ; no       ; Off          ;
; AE16     ; 209        ; 4        ; RESERVED_INPUT                                            ;        ;              ;         ; Column I/O ;                 ; no       ; Off          ;
; AE17     ; 215        ; 4        ; RESERVED_INPUT                                            ;        ;              ;         ; Column I/O ;                 ; no       ; Off          ;
; AE18     ; 225        ; 4        ; RESERVED_INPUT                                            ;        ;              ;         ; Column I/O ;                 ; no       ; Off          ;
; AE19     ; 231        ; 4        ; RESERVED_INPUT                                            ;        ;              ;         ; Column I/O ;                 ; no       ; Off          ;
; AE20     ; 235        ; 4        ; RESERVED_INPUT                                            ;        ;              ;         ; Column I/O ;                 ; no       ; Off          ;
; AE21     ; 238        ; 4        ; RESERVED_INPUT                                            ;        ;              ;         ; Column I/O ;                 ; no       ; Off          ;
; AE22     ; 251        ; 4        ; RESERVED_INPUT                                            ;        ;              ;         ; Column I/O ;                 ; no       ; Off          ;
; AE23     ; 261        ; 4        ; RESERVED_INPUT                                            ;        ;              ;         ; Column I/O ;                 ; no       ; Off          ;
; AE24     ; 256        ; 4        ; RESERVED_INPUT                                            ;        ;              ;         ; Column I/O ;                 ; no       ; Off          ;
; AE25     ; 243        ; 4        ; RESERVED_INPUT                                            ;        ;              ;         ; Column I/O ;                 ; no       ; Off          ;
; AE26     ; 278        ; 5        ; RESERVED_INPUT                                            ;        ;              ;         ; Row I/O    ;                 ; no       ; Off          ;
; AE27     ; 284        ; 5        ; RESERVED_INPUT                                            ;        ;              ;         ; Row I/O    ;                 ; no       ; Off          ;
; AE28     ; 283        ; 5        ; RESERVED_INPUT                                            ;        ;              ;         ; Row I/O    ;                 ; no       ; Off          ;
; AF1      ;            ;          ; GND                                                       ; gnd    ;              ;         ; --         ;                 ; --       ; --           ;
; AF2      ; 123        ; 2        ; RESERVED_INPUT                                            ;        ;              ;         ; Row I/O    ;                 ; no       ; Off          ;
; AF3      ; 138        ; 3        ; RESERVED_INPUT                                            ;        ;              ;         ; Column I/O ;                 ; no       ; Off          ;
; AF4      ; 131        ; 3        ; RESERVED_INPUT                                            ;        ;              ;         ; Column I/O ;                 ; no       ; Off          ;
; AF5      ; 136        ; 3        ; RESERVED_INPUT                                            ;        ;              ;         ; Column I/O ;                 ; no       ; Off          ;
; AF6      ; 139        ; 3        ; RESERVED_INPUT                                            ;        ;              ;         ; Column I/O ;                 ; no       ; Off          ;
; AF7      ; 159        ; 3        ; RESERVED_INPUT                                            ;        ;              ;         ; Column I/O ;                 ; no       ; Off          ;
; AF8      ; 162        ; 3        ; RESERVED_INPUT                                            ;        ;              ;         ; Column I/O ;                 ; no       ; Off          ;
; AF9      ; 160        ; 3        ; RESERVED_INPUT                                            ;        ;              ;         ; Column I/O ;                 ; no       ; Off          ;
; AF10     ; 166        ; 3        ; RESERVED_INPUT                                            ;        ;              ;         ; Column I/O ;                 ; no       ; Off          ;
; AF11     ; 172        ; 3        ; RESERVED_INPUT                                            ;        ;              ;         ; Column I/O ;                 ; no       ; Off          ;
; AF12     ; 170        ; 3        ; RESERVED_INPUT                                            ;        ;              ;         ; Column I/O ;                 ; no       ; Off          ;
; AF13     ; 178        ; 3        ; RESERVED_INPUT                                            ;        ;              ;         ; Column I/O ;                 ; no       ; Off          ;
; AF14     ; 184        ; 3        ; RESERVED_INPUT                                            ;        ;              ;         ; Column I/O ;                 ; no       ; Off          ;
; AF15     ; 206        ; 4        ; RESERVED_INPUT                                            ;        ;              ;         ; Column I/O ;                 ; no       ; Off          ;
; AF16     ; 210        ; 4        ; RESERVED_INPUT                                            ;        ;              ;         ; Column I/O ;                 ; no       ; Off          ;
; AF17     ; 216        ; 4        ; RESERVED_INPUT                                            ;        ;              ;         ; Column I/O ;                 ; no       ; Off          ;
; AF18     ; 226        ; 4        ; RESERVED_INPUT                                            ;        ;              ;         ; Column I/O ;                 ; no       ; Off          ;
; AF19     ; 232        ; 4        ; RESERVED_INPUT                                            ;        ;              ;         ; Column I/O ;                 ; no       ; Off          ;
; AF20     ; 236        ; 4        ; RESERVED_INPUT                                            ;        ;              ;         ; Column I/O ;                 ; no       ; Off          ;
; AF21     ; 239        ; 4        ; RESERVED_INPUT                                            ;        ;              ;         ; Column I/O ;                 ; no       ; Off          ;
; AF22     ; 252        ; 4        ; RESERVED_INPUT                                            ;        ;              ;         ; Column I/O ;                 ; no       ; Off          ;
; AF23     ; 262        ; 4        ; Display4[5]                                               ; output ; 2.5 V        ;         ; Column I/O ; Y               ; no       ; Off          ;
; AF24     ; 233        ; 4        ; RESERVED_INPUT                                            ;        ;              ;         ; Column I/O ;                 ; no       ; Off          ;
; AF25     ; 234        ; 4        ; RESERVED_INPUT                                            ;        ;              ;         ; Column I/O ;                 ; no       ; Off          ;
; AF26     ; 244        ; 4        ; RESERVED_INPUT                                            ;        ;              ;         ; Column I/O ;                 ; no       ; Off          ;
; AF27     ; 277        ; 5        ; RESERVED_INPUT                                            ;        ;              ;         ; Row I/O    ;                 ; no       ; Off          ;
; AF28     ;            ;          ; GND                                                       ; gnd    ;              ;         ; --         ;                 ; --       ; --           ;
; AG1      ;            ; 2        ; VCCIO2                                                    ; power  ;              ; 2.5V    ; --         ;                 ; --       ; --           ;
; AG2      ;            ;          ; GND                                                       ; gnd    ;              ;         ; --         ;                 ; --       ; --           ;
; AG3      ; 133        ; 3        ; RESERVED_INPUT                                            ;        ;              ;         ; Column I/O ;                 ; no       ; Off          ;
; AG4      ; 141        ; 3        ; RESERVED_INPUT                                            ;        ;              ;         ; Column I/O ;                 ; no       ; Off          ;
; AG5      ;            ;          ; GND                                                       ; gnd    ;              ;         ; --         ;                 ; --       ; --           ;
; AG6      ; 145        ; 3        ; RESERVED_INPUT                                            ;        ;              ;         ; Column I/O ;                 ; no       ; Off          ;
; AG7      ; 150        ; 3        ; RESERVED_INPUT                                            ;        ;              ;         ; Column I/O ;                 ; no       ; Off          ;
; AG8      ; 156        ; 3        ; RESERVED_INPUT                                            ;        ;              ;         ; Column I/O ;                 ; no       ; Off          ;
; AG9      ;            ;          ; GND                                                       ; gnd    ;              ;         ; --         ;                 ; --       ; --           ;
; AG10     ; 167        ; 3        ; RESERVED_INPUT                                            ;        ;              ;         ; Column I/O ;                 ; no       ; Off          ;
; AG11     ; 175        ; 3        ; RESERVED_INPUT                                            ;        ;              ;         ; Column I/O ;                 ; no       ; Off          ;
; AG12     ; 193        ; 3        ; RESERVED_INPUT                                            ;        ;              ;         ; Column I/O ;                 ; no       ; Off          ;
; AG13     ;            ;          ; GND                                                       ; gnd    ;              ;         ; --         ;                 ; --       ; --           ;
; AG14     ; 199        ; 3        ; GND+                                                      ;        ;              ;         ; Column I/O ;                 ; --       ; --           ;
; AG15     ; 201        ; 4        ; GND+                                                      ;        ;              ;         ; Column I/O ;                 ; --       ; --           ;
; AG16     ;            ;          ; GND                                                       ; gnd    ;              ;         ; --         ;                 ; --       ; --           ;
; AG17     ; 207        ; 4        ; RESERVED_INPUT                                            ;        ;              ;         ; Column I/O ;                 ; no       ; Off          ;
; AG18     ; 217        ; 4        ; RESERVED_INPUT                                            ;        ;              ;         ; Column I/O ;                 ; no       ; Off          ;
; AG19     ; 219        ; 4        ; RESERVED_INPUT                                            ;        ;              ;         ; Column I/O ;                 ; no       ; Off          ;
; AG20     ;            ;          ; GND                                                       ; gnd    ;              ;         ; --         ;                 ; --       ; --           ;
; AG21     ; 223        ; 4        ; RESERVED_INPUT                                            ;        ;              ;         ; Column I/O ;                 ; no       ; Off          ;
; AG22     ; 227        ; 4        ; RESERVED_INPUT                                            ;        ;              ;         ; Column I/O ;                 ; no       ; Off          ;
; AG23     ; 229        ; 4        ; RESERVED_INPUT                                            ;        ;              ;         ; Column I/O ;                 ; no       ; Off          ;
; AG24     ;            ;          ; GND                                                       ; gnd    ;              ;         ; --         ;                 ; --       ; --           ;
; AG25     ; 245        ; 4        ; RESERVED_INPUT                                            ;        ;              ;         ; Column I/O ;                 ; no       ; Off          ;
; AG26     ; 270        ; 4        ; RESERVED_INPUT                                            ;        ;              ;         ; Column I/O ;                 ; no       ; Off          ;
; AG27     ;            ;          ; GND                                                       ; gnd    ;              ;         ; --         ;                 ; --       ; --           ;
; AG28     ;            ; 5        ; VCCIO5                                                    ; power  ;              ; 2.5V    ; --         ;                 ; --       ; --           ;
; AH2      ;            ; 3        ; VCCIO3                                                    ; power  ;              ; 2.5V    ; --         ;                 ; --       ; --           ;
; AH3      ; 137        ; 3        ; RESERVED_INPUT                                            ;        ;              ;         ; Column I/O ;                 ; no       ; Off          ;
; AH4      ; 142        ; 3        ; RESERVED_INPUT                                            ;        ;              ;         ; Column I/O ;                 ; no       ; Off          ;
; AH5      ;            ; 3        ; VCCIO3                                                    ; power  ;              ; 2.5V    ; --         ;                 ; --       ; --           ;
; AH6      ; 146        ; 3        ; RESERVED_INPUT                                            ;        ;              ;         ; Column I/O ;                 ; no       ; Off          ;
; AH7      ; 151        ; 3        ; RESERVED_INPUT                                            ;        ;              ;         ; Column I/O ;                 ; no       ; Off          ;
; AH8      ; 157        ; 3        ; RESERVED_INPUT                                            ;        ;              ;         ; Column I/O ;                 ; no       ; Off          ;
; AH9      ;            ; 3        ; VCCIO3                                                    ; power  ;              ; 2.5V    ; --         ;                 ; --       ; --           ;
; AH10     ; 168        ; 3        ; RESERVED_INPUT                                            ;        ;              ;         ; Column I/O ;                 ; no       ; Off          ;
; AH11     ; 176        ; 3        ; RESERVED_INPUT                                            ;        ;              ;         ; Column I/O ;                 ; no       ; Off          ;
; AH12     ; 194        ; 3        ; RESERVED_INPUT                                            ;        ;              ;         ; Column I/O ;                 ; no       ; Off          ;
; AH13     ;            ; 3        ; VCCIO3                                                    ; power  ;              ; 2.5V    ; --         ;                 ; --       ; --           ;
; AH14     ; 200        ; 3        ; GND+                                                      ;        ;              ;         ; Column I/O ;                 ; --       ; --           ;
; AH15     ; 202        ; 4        ; GND+                                                      ;        ;              ;         ; Column I/O ;                 ; --       ; --           ;
; AH16     ;            ; 4        ; VCCIO4                                                    ; power  ;              ; 2.5V    ; --         ;                 ; --       ; --           ;
; AH17     ; 208        ; 4        ; RESERVED_INPUT                                            ;        ;              ;         ; Column I/O ;                 ; no       ; Off          ;
; AH18     ; 218        ; 4        ; RESERVED_INPUT                                            ;        ;              ;         ; Column I/O ;                 ; no       ; Off          ;
; AH19     ; 220        ; 4        ; RESERVED_INPUT                                            ;        ;              ;         ; Column I/O ;                 ; no       ; Off          ;
; AH20     ;            ; 4        ; VCCIO4                                                    ; power  ;              ; 2.5V    ; --         ;                 ; --       ; --           ;
; AH21     ; 224        ; 4        ; RESERVED_INPUT                                            ;        ;              ;         ; Column I/O ;                 ; no       ; Off          ;
; AH22     ; 228        ; 4        ; RESERVED_INPUT                                            ;        ;              ;         ; Column I/O ;                 ; no       ; Off          ;
; AH23     ; 230        ; 4        ; RESERVED_INPUT                                            ;        ;              ;         ; Column I/O ;                 ; no       ; Off          ;
; AH24     ;            ; 4        ; VCCIO4                                                    ; power  ;              ; 2.5V    ; --         ;                 ; --       ; --           ;
; AH25     ; 246        ; 4        ; RESERVED_INPUT                                            ;        ;              ;         ; Column I/O ;                 ; no       ; Off          ;
; AH26     ; 271        ; 4        ; RESERVED_INPUT                                            ;        ;              ;         ; Column I/O ;                 ; no       ; Off          ;
; AH27     ;            ; 4        ; VCCIO4                                                    ; power  ;              ; 2.5V    ; --         ;                 ; --       ; --           ;
; B1       ;            ; 1        ; VCCIO1                                                    ; power  ;              ; 2.5V    ; --         ;                 ; --       ; --           ;
; B2       ;            ;          ; GND                                                       ; gnd    ;              ;         ; --         ;                 ; --       ; --           ;
; B3       ; 534        ; 8        ; RESERVED_INPUT                                            ;        ;              ;         ; Column I/O ;                 ; no       ; Off          ;
; B4       ; 533        ; 8        ; RESERVED_INPUT                                            ;        ;              ;         ; Column I/O ;                 ; no       ; Off          ;
; B5       ;            ;          ; GND                                                       ; gnd    ;              ;         ; --         ;                 ; --       ; --           ;
; B6       ; 505        ; 8        ; RESERVED_INPUT                                            ;        ;              ;         ; Column I/O ;                 ; no       ; Off          ;
; B7       ; 502        ; 8        ; RESERVED_INPUT                                            ;        ;              ;         ; Column I/O ;                 ; no       ; Off          ;
; B8       ; 518        ; 8        ; RESERVED_INPUT                                            ;        ;              ;         ; Column I/O ;                 ; no       ; Off          ;
; B9       ;            ;          ; GND                                                       ; gnd    ;              ;         ; --         ;                 ; --       ; --           ;
; B10      ; 492        ; 8        ; RESERVED_INPUT                                            ;        ;              ;         ; Column I/O ;                 ; no       ; Off          ;
; B11      ; 488        ; 8        ; RESERVED_INPUT                                            ;        ;              ;         ; Column I/O ;                 ; no       ; Off          ;
; B12      ;            ;          ; GND                                                       ; gnd    ;              ;         ; --         ;                 ; --       ; --           ;
; B13      ;            ;          ; GND                                                       ; gnd    ;              ;         ; --         ;                 ; --       ; --           ;
; B14      ; 473        ; 8        ; GND+                                                      ;        ;              ;         ; Column I/O ;                 ; --       ; --           ;
; B15      ; 471        ; 7        ; GND+                                                      ;        ;              ;         ; Column I/O ;                 ; --       ; --           ;
; B16      ;            ;          ; GND                                                       ; gnd    ;              ;         ; --         ;                 ; --       ; --           ;
; B17      ; 463        ; 7        ; RESERVED_INPUT                                            ;        ;              ;         ; Column I/O ;                 ; no       ; Off          ;
; B18      ; 443        ; 7        ; RESERVED_INPUT                                            ;        ;              ;         ; Column I/O ;                 ; no       ; Off          ;
; B19      ; 441        ; 7        ; RESERVED_INPUT                                            ;        ;              ;         ; Column I/O ;                 ; no       ; Off          ;
; B20      ;            ;          ; GND                                                       ; gnd    ;              ;         ; --         ;                 ; --       ; --           ;
; B21      ; 426        ; 7        ; RESERVED_INPUT                                            ;        ;              ;         ; Column I/O ;                 ; no       ; Off          ;
; B22      ; 424        ; 7        ; RESERVED_INPUT                                            ;        ;              ;         ; Column I/O ;                 ; no       ; Off          ;
; B23      ; 413        ; 7        ; RESERVED_INPUT                                            ;        ;              ;         ; Column I/O ;                 ; no       ; Off          ;
; B24      ;            ;          ; GND                                                       ; gnd    ;              ;         ; --         ;                 ; --       ; --           ;
; B25      ; 406        ; 7        ; RESERVED_INPUT                                            ;        ;              ;         ; Column I/O ;                 ; no       ; Off          ;
; B26      ; 401        ; 7        ; RESERVED_INPUT                                            ;        ;              ;         ; Column I/O ;                 ; no       ; Off          ;
; B27      ;            ;          ; GND                                                       ; gnd    ;              ;         ; --         ;                 ; --       ; --           ;
; B28      ;            ; 6        ; VCCIO6                                                    ; power  ;              ; 2.5V    ; --         ;                 ; --       ; --           ;
; C1       ;            ;          ; GND                                                       ; gnd    ;              ;         ; --         ;                 ; --       ; --           ;
; C2       ; 1          ; 1        ; RESERVED_INPUT                                            ;        ;              ;         ; Row I/O    ;                 ; no       ; Off          ;
; C3       ; 543        ; 8        ; RESERVED_INPUT                                            ;        ;              ;         ; Column I/O ;                 ; no       ; Off          ;
; C4       ; 539        ; 8        ; RESERVED_INPUT                                            ;        ;              ;         ; Column I/O ;                 ; no       ; Off          ;
; C5       ; 538        ; 8        ; RESERVED_INPUT                                            ;        ;              ;         ; Column I/O ;                 ; no       ; Off          ;
; C6       ; 536        ; 8        ; RESERVED_INPUT                                            ;        ;              ;         ; Column I/O ;                 ; no       ; Off          ;
; C7       ; 521        ; 8        ; RESERVED_INPUT                                            ;        ;              ;         ; Column I/O ;                 ; no       ; Off          ;
; C8       ; 519        ; 8        ; RESERVED_INPUT                                            ;        ;              ;         ; Column I/O ;                 ; no       ; Off          ;
; C9       ; 510        ; 8        ; RESERVED_INPUT                                            ;        ;              ;         ; Column I/O ;                 ; no       ; Off          ;
; C10      ; 495        ; 8        ; RESERVED_INPUT                                            ;        ;              ;         ; Column I/O ;                 ; no       ; Off          ;
; C11      ; 508        ; 8        ; RESERVED_INPUT                                            ;        ;              ;         ; Column I/O ;                 ; no       ; Off          ;
; C12      ; 478        ; 8        ; RESERVED_INPUT                                            ;        ;              ;         ; Column I/O ;                 ; no       ; Off          ;
; C13      ; 474        ; 8        ; RESERVED_INPUT                                            ;        ;              ;         ; Column I/O ;                 ; no       ; Off          ;
; C14      ; 476        ; 8        ; RESERVED_INPUT                                            ;        ;              ;         ; Column I/O ;                 ; no       ; Off          ;
; C15      ; 468        ; 7        ; RESERVED_INPUT                                            ;        ;              ;         ; Column I/O ;                 ; no       ; Off          ;
; C16      ; 460        ; 7        ; RESERVED_INPUT                                            ;        ;              ;         ; Column I/O ;                 ; no       ; Off          ;
; C17      ; 438        ; 7        ; RESERVED_INPUT                                            ;        ;              ;         ; Column I/O ;                 ; no       ; Off          ;
; C18      ; 429        ; 7        ; RESERVED_INPUT                                            ;        ;              ;         ; Column I/O ;                 ; no       ; Off          ;
; C19      ; 435        ; 7        ; RESERVED_INPUT                                            ;        ;              ;         ; Column I/O ;                 ; no       ; Off          ;
; C20      ; 431        ; 7        ; RESERVED_INPUT                                            ;        ;              ;         ; Column I/O ;                 ; no       ; Off          ;
; C21      ; 422        ; 7        ; RESERVED_INPUT                                            ;        ;              ;         ; Column I/O ;                 ; no       ; Off          ;
; C22      ; 418        ; 7        ; RESERVED_INPUT                                            ;        ;              ;         ; Column I/O ;                 ; no       ; Off          ;
; C23      ; 415        ; 7        ; RESERVED_INPUT                                            ;        ;              ;         ; Column I/O ;                 ; no       ; Off          ;
; C24      ; 416        ; 7        ; RESERVED_INPUT                                            ;        ;              ;         ; Column I/O ;                 ; no       ; Off          ;
; C25      ; 411        ; 7        ; RESERVED_INPUT                                            ;        ;              ;         ; Column I/O ;                 ; no       ; Off          ;
; C26      ; 400        ; 7        ; RESERVED_INPUT                                            ;        ;              ;         ; Column I/O ;                 ; no       ; Off          ;
; C27      ; 382        ; 6        ; RESERVED_INPUT                                            ;        ;              ;         ; Row I/O    ;                 ; no       ; Off          ;
; C28      ;            ;          ; GND                                                       ; gnd    ;              ;         ; --         ;                 ; --       ; --           ;
; D1       ; 3          ; 1        ; RESERVED_INPUT                                            ;        ;              ;         ; Row I/O    ;                 ; no       ; Off          ;
; D2       ; 2          ; 1        ; RESERVED_INPUT                                            ;        ;              ;         ; Row I/O    ;                 ; no       ; Off          ;
; D3       ;            ;          ; GND                                                       ; gnd    ;              ;         ; --         ;                 ; --       ; --           ;
; D4       ; 540        ; 8        ; RESERVED_INPUT                                            ;        ;              ;         ; Column I/O ;                 ; no       ; Off          ;
; D5       ; 537        ; 8        ; RESERVED_INPUT                                            ;        ;              ;         ; Column I/O ;                 ; no       ; Off          ;
; D6       ; 524        ; 8        ; RESERVED_INPUT                                            ;        ;              ;         ; Column I/O ;                 ; no       ; Off          ;
; D7       ; 522        ; 8        ; RESERVED_INPUT                                            ;        ;              ;         ; Column I/O ;                 ; no       ; Off          ;
; D8       ; 520        ; 8        ; RESERVED_INPUT                                            ;        ;              ;         ; Column I/O ;                 ; no       ; Off          ;
; D9       ; 511        ; 8        ; RESERVED_INPUT                                            ;        ;              ;         ; Column I/O ;                 ; no       ; Off          ;
; D10      ; 496        ; 8        ; RESERVED_INPUT                                            ;        ;              ;         ; Column I/O ;                 ; no       ; Off          ;
; D11      ; 509        ; 8        ; RESERVED_INPUT                                            ;        ;              ;         ; Column I/O ;                 ; no       ; Off          ;
; D12      ; 479        ; 8        ; RESERVED_INPUT                                            ;        ;              ;         ; Column I/O ;                 ; no       ; Off          ;
; D13      ; 475        ; 8        ; RESERVED_INPUT                                            ;        ;              ;         ; Column I/O ;                 ; no       ; Off          ;
; D14      ; 477        ; 8        ; RESERVED_INPUT                                            ;        ;              ;         ; Column I/O ;                 ; no       ; Off          ;
; D15      ; 469        ; 7        ; RESERVED_INPUT                                            ;        ;              ;         ; Column I/O ;                 ; no       ; Off          ;
; D16      ; 461        ; 7        ; RESERVED_INPUT                                            ;        ;              ;         ; Column I/O ;                 ; no       ; Off          ;
; D17      ; 439        ; 7        ; RESERVED_INPUT                                            ;        ;              ;         ; Column I/O ;                 ; no       ; Off          ;
; D18      ; 430        ; 7        ; RESERVED_INPUT                                            ;        ;              ;         ; Column I/O ;                 ; no       ; Off          ;
; D19      ; 436        ; 7        ; RESERVED_INPUT                                            ;        ;              ;         ; Column I/O ;                 ; no       ; Off          ;
; D20      ; 432        ; 7        ; RESERVED_INPUT                                            ;        ;              ;         ; Column I/O ;                 ; no       ; Off          ;
; D21      ; 419        ; 7        ; RESERVED_INPUT                                            ;        ;              ;         ; Column I/O ;                 ; no       ; Off          ;
; D22      ; 402        ; 7        ; RESERVED_INPUT                                            ;        ;              ;         ; Column I/O ;                 ; no       ; Off          ;
; D23      ; 414        ; 7        ; RESERVED_INPUT                                            ;        ;              ;         ; Column I/O ;                 ; no       ; Off          ;
; D24      ; 417        ; 7        ; RESERVED_INPUT                                            ;        ;              ;         ; Column I/O ;                 ; no       ; Off          ;
; D25      ; 410        ; 7        ; RESERVED_INPUT                                            ;        ;              ;         ; Column I/O ;                 ; no       ; Off          ;
; D26      ; 383        ; 6        ; RESERVED_INPUT                                            ;        ;              ;         ; Row I/O    ;                 ; no       ; Off          ;
; D27      ; 381        ; 6        ; RESERVED_INPUT                                            ;        ;              ;         ; Row I/O    ;                 ; no       ; Off          ;
; D28      ; 380        ; 6        ; RESERVED_INPUT                                            ;        ;              ;         ; Row I/O    ;                 ; no       ; Off          ;
; E1       ; 17         ; 1        ; RESERVED_INPUT                                            ;        ;              ;         ; Row I/O    ;                 ; no       ; Off          ;
; E2       ; 16         ; 1        ; ~ALTERA_FLASH_nCE_nCSO~ / RESERVED_INPUT_WITH_WEAK_PULLUP ; input  ; 2.5 V        ;         ; Row I/O    ; N               ; no       ; On           ;
; E3       ; 7          ; 1        ; RESERVED_INPUT                                            ;        ;              ;         ; Row I/O    ;                 ; no       ; Off          ;
; E4       ; 541        ; 8        ; RESERVED_INPUT                                            ;        ;              ;         ; Column I/O ;                 ; no       ; Off          ;
; E5       ; 542        ; 8        ; RESERVED_INPUT                                            ;        ;              ;         ; Column I/O ;                 ; no       ; Off          ;
; E6       ;            ; 8        ; VCCIO8                                                    ; power  ;              ; 2.5V    ; --         ;                 ; --       ; --           ;
; E7       ; 523        ; 8        ; RESERVED_INPUT                                            ;        ;              ;         ; Column I/O ;                 ; no       ; Off          ;
; E8       ; 526        ; 8        ; RESERVED_INPUT                                            ;        ;              ;         ; Column I/O ;                 ; no       ; Off          ;
; E9       ;            ; 8        ; VCCIO8                                                    ; power  ;              ; 2.5V    ; --         ;                 ; --       ; --           ;
; E10      ; 516        ; 8        ; RESERVED_INPUT                                            ;        ;              ;         ; Column I/O ;                 ; no       ; Off          ;
; E11      ; 499        ; 8        ; RESERVED_INPUT                                            ;        ;              ;         ; Column I/O ;                 ; no       ; Off          ;
; E12      ; 497        ; 8        ; RESERVED_INPUT                                            ;        ;              ;         ; Column I/O ;                 ; no       ; Off          ;
; E13      ;            ; 8        ; VCCIO8                                                    ; power  ;              ; 2.5V    ; --         ;                 ; --       ; --           ;
; E14      ; 486        ; 8        ; RESERVED_INPUT                                            ;        ;              ;         ; Column I/O ;                 ; no       ; Off          ;
; E15      ; 467        ; 7        ; RESERVED_INPUT                                            ;        ;              ;         ; Column I/O ;                 ; no       ; Off          ;
; E16      ;            ; 7        ; VCCIO7                                                    ; power  ;              ; 2.5V    ; --         ;                 ; --       ; --           ;
; E17      ; 456        ; 7        ; Display1[2]                                               ; output ; 2.5 V        ;         ; Column I/O ; Y               ; no       ; Off          ;
; E18      ; 427        ; 7        ; RESERVED_INPUT                                            ;        ;              ;         ; Column I/O ;                 ; no       ; Off          ;
; E19      ; 421        ; 7        ; RESERVED_INPUT                                            ;        ;              ;         ; Column I/O ;                 ; no       ; Off          ;
; E20      ;            ; 7        ; VCCIO7                                                    ; power  ;              ; 2.5V    ; --         ;                 ; --       ; --           ;
; E21      ; 407        ; 7        ; RESERVED_INPUT                                            ;        ;              ;         ; Column I/O ;                 ; no       ; Off          ;
; E22      ; 403        ; 7        ; RESERVED_INPUT                                            ;        ;              ;         ; Column I/O ;                 ; no       ; Off          ;
; E23      ;            ; 7        ; VCCIO7                                                    ; power  ;              ; 2.5V    ; --         ;                 ; --       ; --           ;
; E24      ; 433        ; 7        ; RESERVED_INPUT                                            ;        ;              ;         ; Column I/O ;                 ; no       ; Off          ;
; E25      ; 434        ; 7        ; RESERVED_INPUT                                            ;        ;              ;         ; Column I/O ;                 ; no       ; Off          ;
; E26      ; 378        ; 6        ; RESERVED_INPUT                                            ;        ;              ;         ; Row I/O    ;                 ; no       ; Off          ;
; E27      ; 375        ; 6        ; RESERVED_INPUT                                            ;        ;              ;         ; Row I/O    ;                 ; no       ; Off          ;
; E28      ; 374        ; 6        ; RESERVED_INPUT                                            ;        ;              ;         ; Row I/O    ;                 ; no       ; Off          ;
; F1       ; 19         ; 1        ; RESERVED_INPUT                                            ;        ;              ;         ; Row I/O    ;                 ; no       ; Off          ;
; F2       ; 18         ; 1        ; RESERVED_INPUT                                            ;        ;              ;         ; Row I/O    ;                 ; no       ; Off          ;
; F3       ; 8          ; 1        ; RESERVED_INPUT                                            ;        ;              ;         ; Row I/O    ;                 ; no       ; Off          ;
; F4       ; 10         ; 1        ; ~ALTERA_ASDO_DATA1~ / RESERVED_INPUT_WITH_WEAK_PULLUP     ; input  ; 2.5 V        ;         ; Row I/O    ; N               ; no       ; On           ;
; F5       ; 9          ; 1        ; RESERVED_INPUT                                            ;        ;              ;         ; Row I/O    ;                 ; no       ; Off          ;
; F6       ;            ;          ; GND                                                       ; gnd    ;              ;         ; --         ;                 ; --       ; --           ;
; F7       ; 531        ; 8        ; RESERVED_INPUT                                            ;        ;              ;         ; Column I/O ;                 ; no       ; Off          ;
; F8       ; 527        ; 8        ; RESERVED_INPUT                                            ;        ;              ;         ; Column I/O ;                 ; no       ; Off          ;
; F9       ;            ;          ; GND                                                       ; gnd    ;              ;         ; --         ;                 ; --       ; --           ;
; F10      ; 512        ; 8        ; RESERVED_INPUT                                            ;        ;              ;         ; Column I/O ;                 ; no       ; Off          ;
; F11      ; 500        ; 8        ; RESERVED_INPUT                                            ;        ;              ;         ; Column I/O ;                 ; no       ; Off          ;
; F12      ; 498        ; 8        ; RESERVED_INPUT                                            ;        ;              ;         ; Column I/O ;                 ; no       ; Off          ;
; F13      ;            ;          ; GND                                                       ; gnd    ;              ;         ; --         ;                 ; --       ; --           ;
; F14      ; 485        ; 8        ; RESERVED_INPUT                                            ;        ;              ;         ; Column I/O ;                 ; no       ; Off          ;
; F15      ; 466        ; 7        ; RESERVED_INPUT                                            ;        ;              ;         ; Column I/O ;                 ; no       ; Off          ;
; F16      ;            ;          ; GND                                                       ; gnd    ;              ;         ; --         ;                 ; --       ; --           ;
; F17      ; 455        ; 7        ; led                                                       ; output ; 2.5 V        ;         ; Column I/O ; Y               ; no       ; Off          ;
; F18      ; 428        ; 7        ; RESERVED_INPUT                                            ;        ;              ;         ; Column I/O ;                 ; no       ; Off          ;
; F19      ; 420        ; 7        ; RESERVED_INPUT                                            ;        ;              ;         ; Column I/O ;                 ; no       ; Off          ;
; F20      ;            ;          ; GND                                                       ; gnd    ;              ;         ; --         ;                 ; --       ; --           ;
; F21      ; 408        ; 7        ; RESERVED_INPUT                                            ;        ;              ;         ; Column I/O ;                 ; no       ; Off          ;
; F22      ; 409        ; 7        ; Display1[1]                                               ; output ; 2.5 V        ;         ; Column I/O ; Y               ; no       ; Off          ;
; F23      ;            ;          ; GND                                                       ; gnd    ;              ;         ; --         ;                 ; --       ; --           ;
; F24      ; 396        ; 6        ; RESERVED_INPUT                                            ;        ;              ;         ; Row I/O    ;                 ; no       ; Off          ;
; F25      ; 395        ; 6        ; RESERVED_INPUT                                            ;        ;              ;         ; Row I/O    ;                 ; no       ; Off          ;
; F26      ; 379        ; 6        ; RESERVED_INPUT                                            ;        ;              ;         ; Row I/O    ;                 ; no       ; Off          ;
; F27      ; 373        ; 6        ; RESERVED_INPUT                                            ;        ;              ;         ; Row I/O    ;                 ; no       ; Off          ;
; F28      ; 372        ; 6        ; RESERVED_INPUT                                            ;        ;              ;         ; Row I/O    ;                 ; no       ; Off          ;
; G1       ; 26         ; 1        ; RESERVED_INPUT                                            ;        ;              ;         ; Row I/O    ;                 ; no       ; Off          ;
; G2       ; 25         ; 1        ; RESERVED_INPUT                                            ;        ;              ;         ; Row I/O    ;                 ; no       ; Off          ;
; G3       ; 13         ; 1        ; RESERVED_INPUT                                            ;        ;              ;         ; Row I/O    ;                 ; no       ; Off          ;
; G4       ; 12         ; 1        ; RESERVED_INPUT                                            ;        ;              ;         ; Row I/O    ;                 ; no       ; Off          ;
; G5       ; 6          ; 1        ; RESERVED_INPUT                                            ;        ;              ;         ; Row I/O    ;                 ; no       ; Off          ;
; G6       ; 5          ; 1        ; RESERVED_INPUT                                            ;        ;              ;         ; Row I/O    ;                 ; no       ; Off          ;
; G7       ; 530        ; 8        ; RESERVED_INPUT                                            ;        ;              ;         ; Column I/O ;                 ; no       ; Off          ;
; G8       ; 528        ; 8        ; RESERVED_INPUT                                            ;        ;              ;         ; Column I/O ;                 ; no       ; Off          ;
; G9       ; 525        ; 8        ; RESERVED_INPUT                                            ;        ;              ;         ; Column I/O ;                 ; --       ; --           ;
; G10      ; 513        ; 8        ; RESERVED_INPUT                                            ;        ;              ;         ; Column I/O ;                 ; no       ; Off          ;
; G11      ; 506        ; 8        ; RESERVED_INPUT                                            ;        ;              ;         ; Column I/O ;                 ; no       ; Off          ;
; G12      ; 503        ; 8        ; RESERVED_INPUT                                            ;        ;              ;         ; Column I/O ;                 ; --       ; --           ;
; G13      ; 493        ; 8        ; RESERVED_INPUT                                            ;        ;              ;         ; Column I/O ;                 ; no       ; Off          ;
; G14      ; 484        ; 8        ; RESERVED_INPUT                                            ;        ;              ;         ; Column I/O ;                 ; --       ; --           ;
; G15      ; 457        ; 7        ; RESERVED_INPUT                                            ;        ;              ;         ; Column I/O ;                 ; --       ; --           ;
; G16      ; 453        ; 7        ; RESERVED_INPUT                                            ;        ;              ;         ; Column I/O ;                 ; no       ; Off          ;
; G17      ; 437        ; 7        ; RESERVED_INPUT                                            ;        ;              ;         ; Column I/O ;                 ; --       ; --           ;
; G18      ; 452        ; 7        ; Display1[0]                                               ; output ; 2.5 V        ;         ; Column I/O ; Y               ; no       ; Off          ;
; G19      ; 451        ; 7        ; RESERVED_INPUT                                            ;        ;              ;         ; Column I/O ;                 ; no       ; Off          ;
; G20      ; 444        ; 7        ; RESERVED_INPUT                                            ;        ;              ;         ; Column I/O ;                 ; no       ; Off          ;
; G21      ; 445        ; 7        ; RESERVED_INPUT                                            ;        ;              ;         ; Column I/O ;                 ; no       ; Off          ;
; G22      ; 449        ; 7        ; RESERVED_INPUT                                            ;        ;              ;         ; Column I/O ;                 ; no       ; Off          ;
; G23      ; 398        ; 6        ; RESERVED_INPUT                                            ;        ;              ;         ; Row I/O    ;                 ; no       ; Off          ;
; G24      ; 397        ; 6        ; RESERVED_INPUT                                            ;        ;              ;         ; Row I/O    ;                 ; no       ; Off          ;
; G25      ; 393        ; 6        ; RESERVED_INPUT                                            ;        ;              ;         ; Row I/O    ;                 ; no       ; Off          ;
; G26      ; 392        ; 6        ; RESERVED_INPUT                                            ;        ;              ;         ; Row I/O    ;                 ; no       ; Off          ;
; G27      ; 367        ; 6        ; RESERVED_INPUT                                            ;        ;              ;         ; Row I/O    ;                 ; no       ; Off          ;
; G28      ; 366        ; 6        ; RESERVED_INPUT                                            ;        ;              ;         ; Row I/O    ;                 ; no       ; Off          ;
; H1       ;            ; 1        ; VCCIO1                                                    ; power  ;              ; 2.5V    ; --         ;                 ; --       ; --           ;
; H2       ;            ;          ; GND                                                       ; gnd    ;              ;         ; --         ;                 ; --       ; --           ;
; H3       ; 15         ; 1        ; RESERVED_INPUT                                            ;        ;              ;         ; Row I/O    ;                 ; no       ; Off          ;
; H4       ; 14         ; 1        ; RESERVED_INPUT                                            ;        ;              ;         ; Row I/O    ;                 ; no       ; Off          ;
; H5       ; 20         ; 1        ; RESERVED_INPUT                                            ;        ;              ;         ; Row I/O    ;                 ; no       ; Off          ;
; H6       ; 11         ; 1        ; RESERVED_INPUT                                            ;        ;              ;         ; Row I/O    ;                 ; no       ; Off          ;
; H7       ; 4          ; 1        ; RESERVED_INPUT                                            ;        ;              ;         ; Row I/O    ;                 ; --       ; --           ;
; H8       ; 529        ; 8        ; RESERVED_INPUT                                            ;        ;              ;         ; Column I/O ;                 ; no       ; Off          ;
; H9       ;            ;          ; GNDA3                                                     ; gnd    ;              ;         ; --         ;                 ; --       ; --           ;
; H10      ; 514        ; 8        ; RESERVED_INPUT                                            ;        ;              ;         ; Column I/O ;                 ; no       ; Off          ;
; H11      ;            ; 8        ; VCCIO8                                                    ; power  ;              ; 2.5V    ; --         ;                 ; --       ; --           ;
; H12      ; 507        ; 8        ; RESERVED_INPUT                                            ;        ;              ;         ; Column I/O ;                 ; no       ; Off          ;
; H13      ; 494        ; 8        ; RESERVED_INPUT                                            ;        ;              ;         ; Column I/O ;                 ; no       ; Off          ;
; H14      ; 480        ; 8        ; RESERVED_INPUT                                            ;        ;              ;         ; Column I/O ;                 ; no       ; Off          ;
; H15      ; 464        ; 7        ; RESERVED_INPUT                                            ;        ;              ;         ; Column I/O ;                 ; no       ; Off          ;
; H16      ; 459        ; 7        ; RESERVED_INPUT                                            ;        ;              ;         ; Column I/O ;                 ; no       ; Off          ;
; H17      ; 454        ; 7        ; RESERVED_INPUT                                            ;        ;              ;         ; Column I/O ;                 ; no       ; Off          ;
; H18      ;            ; 7        ; VCCIO7                                                    ; power  ;              ; 2.5V    ; --         ;                 ; --       ; --           ;
; H19      ; 446        ; 7        ; RESERVED_INPUT                                            ;        ;              ;         ; Column I/O ;                 ; no       ; Off          ;
; H20      ;            ;          ; GNDA2                                                     ; gnd    ;              ;         ; --         ;                 ; --       ; --           ;
; H21      ; 448        ; 7        ; RESERVED_INPUT                                            ;        ;              ;         ; Column I/O ;                 ; no       ; Off          ;
; H22      ; 399        ; 6        ; Display1[6]                                               ; output ; 2.5 V        ;         ; Row I/O    ; Y               ; no       ; Off          ;
; H23      ; 391        ; 6        ; RESERVED_INPUT                                            ;        ;              ;         ; Row I/O    ;                 ; no       ; Off          ;
; H24      ; 390        ; 6        ; RESERVED_INPUT                                            ;        ;              ;         ; Row I/O    ;                 ; no       ; Off          ;
; H25      ; 377        ; 6        ; RESERVED_INPUT                                            ;        ;              ;         ; Row I/O    ;                 ; no       ; Off          ;
; H26      ; 376        ; 6        ; RESERVED_INPUT                                            ;        ;              ;         ; Row I/O    ;                 ; no       ; Off          ;
; H27      ;            ;          ; GND                                                       ; gnd    ;              ;         ; --         ;                 ; --       ; --           ;
; H28      ;            ; 6        ; VCCIO6                                                    ; power  ;              ; 2.5V    ; --         ;                 ; --       ; --           ;
; J1       ; 64         ; 1        ; GND+                                                      ;        ;              ;         ; Row I/O    ;                 ; --       ; --           ;
; J2       ;            ;          ; GND                                                       ; gnd    ;              ;         ; --         ;                 ; --       ; --           ;
; J3       ; 23         ; 1        ; RESERVED_INPUT                                            ;        ;              ;         ; Row I/O    ;                 ; no       ; Off          ;
; J4       ; 22         ; 1        ; RESERVED_INPUT                                            ;        ;              ;         ; Row I/O    ;                 ; no       ; Off          ;
; J5       ; 36         ; 1        ; RESERVED_INPUT                                            ;        ;              ;         ; Row I/O    ;                 ; no       ; Off          ;
; J6       ; 35         ; 1        ; RESERVED_INPUT                                            ;        ;              ;         ; Row I/O    ;                 ; no       ; Off          ;
; J7       ; 37         ; 1        ; RESERVED_INPUT                                            ;        ;              ;         ; Row I/O    ;                 ; no       ; Off          ;
; J8       ;            ; --       ; VCCA3                                                     ; power  ;              ; 2.5V    ; --         ;                 ; --       ; --           ;
; J9       ;            ;          ; VCCD_PLL3                                                 ; power  ;              ; 1.2V    ; --         ;                 ; --       ; --           ;
; J10      ; 515        ; 8        ; RESERVED_INPUT                                            ;        ;              ;         ; Column I/O ;                 ; no       ; Off          ;
; J11      ;            ;          ; GND                                                       ; gnd    ;              ;         ; --         ;                 ; --       ; --           ;
; J12      ; 490        ; 8        ; RESERVED_INPUT                                            ;        ;              ;         ; Column I/O ;                 ; no       ; Off          ;
; J13      ; 489        ; 8        ; RESERVED_INPUT                                            ;        ;              ;         ; Column I/O ;                 ; no       ; Off          ;
; J14      ; 481        ; 8        ; RESERVED_INPUT                                            ;        ;              ;         ; Column I/O ;                 ; no       ; Off          ;
; J15      ; 465        ; 7        ; RESERVED_INPUT                                            ;        ;              ;         ; Column I/O ;                 ; no       ; Off          ;
; J16      ; 458        ; 7        ; RESERVED_INPUT                                            ;        ;              ;         ; Column I/O ;                 ; no       ; Off          ;
; J17      ; 450        ; 7        ; RESERVED_INPUT                                            ;        ;              ;         ; Column I/O ;                 ; no       ; Off          ;
; J18      ;            ;          ; GND                                                       ; gnd    ;              ;         ; --         ;                 ; --       ; --           ;
; J19      ; 447        ; 7        ; RESERVED_INPUT                                            ;        ;              ;         ; Column I/O ;                 ; no       ; Off          ;
; J20      ;            ;          ; VCCD_PLL2                                                 ; power  ;              ; 1.2V    ; --         ;                 ; --       ; --           ;
; J21      ;            ; --       ; VCCA2                                                     ; power  ;              ; 2.5V    ; --         ;                 ; --       ; --           ;
; J22      ; 394        ; 6        ; Display1[5]                                               ; output ; 2.5 V        ;         ; Row I/O    ; Y               ; no       ; Off          ;
; J23      ; 387        ; 6        ; RESERVED_INPUT                                            ;        ;              ;         ; Row I/O    ;                 ; no       ; Off          ;
; J24      ; 386        ; 6        ; RESERVED_INPUT                                            ;        ;              ;         ; Row I/O    ;                 ; no       ; Off          ;
; J25      ; 365        ; 6        ; RESERVED_INPUT                                            ;        ;              ;         ; Row I/O    ;                 ; no       ; Off          ;
; J26      ; 364        ; 6        ; RESERVED_INPUT                                            ;        ;              ;         ; Row I/O    ;                 ; no       ; Off          ;
; J27      ; 338        ; 6        ; GND+                                                      ;        ;              ;         ; Row I/O    ;                 ; --       ; --           ;
; J28      ; 337        ; 6        ; GND+                                                      ;        ;              ;         ; Row I/O    ;                 ; --       ; --           ;
; K1       ; 28         ; 1        ; RESERVED_INPUT                                            ;        ;              ;         ; Row I/O    ;                 ; no       ; Off          ;
; K2       ; 27         ; 1        ; RESERVED_INPUT                                            ;        ;              ;         ; Row I/O    ;                 ; no       ; Off          ;
; K3       ; 30         ; 1        ; RESERVED_INPUT                                            ;        ;              ;         ; Row I/O    ;                 ; no       ; Off          ;
; K4       ; 29         ; 1        ; RESERVED_INPUT                                            ;        ;              ;         ; Row I/O    ;                 ; no       ; Off          ;
; K5       ;            ; 1        ; VCCIO1                                                    ; power  ;              ; 2.5V    ; --         ;                 ; --       ; --           ;
; K6       ;            ;          ; GND                                                       ; gnd    ;              ;         ; --         ;                 ; --       ; --           ;
; K7       ; 38         ; 1        ; RESERVED_INPUT                                            ;        ;              ;         ; Row I/O    ;                 ; no       ; Off          ;
; K8       ; 39         ; 1        ; RESERVED_INPUT                                            ;        ;              ;         ; Row I/O    ;                 ; no       ; Off          ;
; K9       ;            ;          ; VCCINT                                                    ; power  ;              ; 1.2V    ; --         ;                 ; --       ; --           ;
; K10      ;            ;          ; GND                                                       ; gnd    ;              ;         ; --         ;                 ; --       ; --           ;
; K11      ;            ;          ; VCCINT                                                    ; power  ;              ; 1.2V    ; --         ;                 ; --       ; --           ;
; K12      ;            ;          ; GND                                                       ; gnd    ;              ;         ; --         ;                 ; --       ; --           ;
; K13      ;            ;          ; VCCINT                                                    ; power  ;              ; 1.2V    ; --         ;                 ; --       ; --           ;
; K14      ;            ;          ; GND                                                       ; gnd    ;              ;         ; --         ;                 ; --       ; --           ;
; K15      ;            ;          ; VCCINT                                                    ; power  ;              ; 1.2V    ; --         ;                 ; --       ; --           ;
; K16      ;            ;          ; GND                                                       ; gnd    ;              ;         ; --         ;                 ; --       ; --           ;
; K17      ;            ;          ; VCCINT                                                    ; power  ;              ; 1.2V    ; --         ;                 ; --       ; --           ;
; K18      ;            ;          ; GND                                                       ; gnd    ;              ;         ; --         ;                 ; --       ; --           ;
; K19      ;            ;          ; VCCINT                                                    ; power  ;              ; 1.2V    ; --         ;                 ; --       ; --           ;
; K20      ;            ;          ; GND                                                       ; gnd    ;              ;         ; --         ;                 ; --       ; --           ;
; K21      ; 389        ; 6        ; RESERVED_INPUT                                            ;        ;              ;         ; Row I/O    ;                 ; no       ; Off          ;
; K22      ; 388        ; 6        ; RESERVED_INPUT                                            ;        ;              ;         ; Row I/O    ;                 ; no       ; Off          ;
; K23      ;            ;          ; GND                                                       ; gnd    ;              ;         ; --         ;                 ; --       ; --           ;
; K24      ;            ; 6        ; VCCIO6                                                    ; power  ;              ; 2.5V    ; --         ;                 ; --       ; --           ;
; K25      ; 371        ; 6        ; RESERVED_INPUT                                            ;        ;              ;         ; Row I/O    ;                 ; no       ; Off          ;
; K26      ; 370        ; 6        ; RESERVED_INPUT                                            ;        ;              ;         ; Row I/O    ;                 ; no       ; Off          ;
; K27      ; 362        ; 6        ; RESERVED_INPUT                                            ;        ;              ;         ; Row I/O    ;                 ; no       ; Off          ;
; K28      ; 361        ; 6        ; RESERVED_INPUT                                            ;        ;              ;         ; Row I/O    ;                 ; no       ; Off          ;
; L1       ; 49         ; 1        ; RESERVED_INPUT                                            ;        ;              ;         ; Row I/O    ;                 ; no       ; Off          ;
; L2       ; 48         ; 1        ; RESERVED_INPUT                                            ;        ;              ;         ; Row I/O    ;                 ; no       ; Off          ;
; L3       ; 32         ; 1        ; RESERVED_INPUT                                            ;        ;              ;         ; Row I/O    ;                 ; no       ; Off          ;
; L4       ; 31         ; 1        ; RESERVED_INPUT                                            ;        ;              ;         ; Row I/O    ;                 ; no       ; Off          ;
; L5       ; 21         ; 1        ; RESERVED_INPUT                                            ;        ;              ;         ; Row I/O    ;                 ; --       ; --           ;
; L6       ; 43         ; 1        ; RESERVED_INPUT                                            ;        ;              ;         ; Row I/O    ;                 ; no       ; Off          ;
; L7       ; 42         ; 1        ; RESERVED_INPUT                                            ;        ;              ;         ; Row I/O    ;                 ; no       ; Off          ;
; L8       ; 40         ; 1        ; RESERVED_INPUT                                            ;        ;              ;         ; Row I/O    ;                 ; no       ; Off          ;
; L9       ;            ;          ; GND                                                       ; gnd    ;              ;         ; --         ;                 ; --       ; --           ;
; L10      ;            ;          ; VCCINT                                                    ; power  ;              ; 1.2V    ; --         ;                 ; --       ; --           ;
; L11      ;            ;          ; GND                                                       ; gnd    ;              ;         ; --         ;                 ; --       ; --           ;
; L12      ;            ;          ; VCCINT                                                    ; power  ;              ; 1.2V    ; --         ;                 ; --       ; --           ;
; L13      ;            ;          ; GND                                                       ; gnd    ;              ;         ; --         ;                 ; --       ; --           ;
; L14      ;            ;          ; VCCINT                                                    ; power  ;              ; 1.2V    ; --         ;                 ; --       ; --           ;
; L15      ;            ;          ; GND                                                       ; gnd    ;              ;         ; --         ;                 ; --       ; --           ;
; L16      ;            ;          ; VCCINT                                                    ; power  ;              ; 1.2V    ; --         ;                 ; --       ; --           ;
; L17      ;            ;          ; GND                                                       ; gnd    ;              ;         ; --         ;                 ; --       ; --           ;
; L18      ;            ;          ; VCCINT                                                    ; power  ;              ; 1.2V    ; --         ;                 ; --       ; --           ;
; L19      ;            ;          ; GND                                                       ; gnd    ;              ;         ; --         ;                 ; --       ; --           ;
; L20      ;            ;          ; VCCINT                                                    ; power  ;              ; 1.2V    ; --         ;                 ; --       ; --           ;
; L21      ; 385        ; 6        ; RESERVED_INPUT                                            ;        ;              ;         ; Row I/O    ;                 ; no       ; Off          ;
; L22      ; 384        ; 6        ; RESERVED_INPUT                                            ;        ;              ;         ; Row I/O    ;                 ; no       ; Off          ;
; L23      ; 360        ; 6        ; RESERVED_INPUT                                            ;        ;              ;         ; Row I/O    ;                 ; no       ; Off          ;
; L24      ; 359        ; 6        ; RESERVED_INPUT                                            ;        ;              ;         ; Row I/O    ;                 ; no       ; Off          ;
; L25      ; 369        ; 6        ; Display1[4]                                               ; output ; 2.5 V        ;         ; Row I/O    ; Y               ; no       ; Off          ;
; L26      ; 363        ; 6        ; Display1[3]                                               ; output ; 2.5 V        ;         ; Row I/O    ; Y               ; no       ; Off          ;
; L27      ; 358        ; 6        ; RESERVED_INPUT                                            ;        ;              ;         ; Row I/O    ;                 ; no       ; Off          ;
; L28      ; 357        ; 6        ; RESERVED_INPUT                                            ;        ;              ;         ; Row I/O    ;                 ; no       ; Off          ;
; M1       ; 51         ; 1        ; RESERVED_INPUT                                            ;        ;              ;         ; Row I/O    ;                 ; no       ; Off          ;
; M2       ; 50         ; 1        ; RESERVED_INPUT                                            ;        ;              ;         ; Row I/O    ;                 ; no       ; Off          ;
; M3       ; 34         ; 1        ; RESERVED_INPUT                                            ;        ;              ;         ; Row I/O    ;                 ; no       ; Off          ;
; M4       ; 33         ; 1        ; RESERVED_INPUT                                            ;        ;              ;         ; Row I/O    ;                 ; no       ; Off          ;
; M5       ; 41         ; 1        ; RESERVED_INPUT                                            ;        ;              ;         ; Row I/O    ;                 ; --       ; --           ;
; M6       ; 24         ; 1        ; ^nSTATUS                                                  ;        ;              ;         ; --         ;                 ; --       ; --           ;
; M7       ; 47         ; 1        ; RESERVED_INPUT                                            ;        ;              ;         ; Row I/O    ;                 ; no       ; Off          ;
; M8       ; 46         ; 1        ; RESERVED_INPUT                                            ;        ;              ;         ; Row I/O    ;                 ; no       ; Off          ;
; M9       ;            ;          ; VCCINT                                                    ; power  ;              ; 1.2V    ; --         ;                 ; --       ; --           ;
; M10      ;            ;          ; GND                                                       ; gnd    ;              ;         ; --         ;                 ; --       ; --           ;
; M11      ;            ;          ; VCCINT                                                    ; power  ;              ; 1.2V    ; --         ;                 ; --       ; --           ;
; M12      ;            ;          ; GND                                                       ; gnd    ;              ;         ; --         ;                 ; --       ; --           ;
; M13      ;            ;          ; VCCINT                                                    ; power  ;              ; 1.2V    ; --         ;                 ; --       ; --           ;
; M14      ;            ;          ; GND                                                       ; gnd    ;              ;         ; --         ;                 ; --       ; --           ;
; M15      ;            ;          ; VCCINT                                                    ; power  ;              ; 1.2V    ; --         ;                 ; --       ; --           ;
; M16      ;            ;          ; GND                                                       ; gnd    ;              ;         ; --         ;                 ; --       ; --           ;
; M17      ;            ;          ; VCCINT                                                    ; power  ;              ; 1.2V    ; --         ;                 ; --       ; --           ;
; M18      ;            ;          ; GND                                                       ; gnd    ;              ;         ; --         ;                 ; --       ; --           ;
; M19      ;            ;          ; VCCINT                                                    ; power  ;              ; 1.2V    ; --         ;                 ; --       ; --           ;
; M20      ;            ;          ; GND                                                       ; gnd    ;              ;         ; --         ;                 ; --       ; --           ;
; M21      ; 368        ; 6        ; RESERVED_INPUT                                            ;        ;              ;         ; Row I/O    ;                 ; --       ; --           ;
; M22      ; 342        ; 6        ; ^MSEL2                                                    ;        ;              ;         ; --         ;                 ; --       ; --           ;
; M23      ; 344        ; 6        ; RESERVED_INPUT                                            ;        ;              ;         ; Row I/O    ;                 ; no       ; Off          ;
; M24      ; 347        ; 6        ; Display2[0]                                               ; output ; 2.5 V        ;         ; Row I/O    ; Y               ; no       ; Off          ;
; M25      ; 356        ; 6        ; RESERVED_INPUT                                            ;        ;              ;         ; Row I/O    ;                 ; no       ; Off          ;
; M26      ; 355        ; 6        ; RESERVED_INPUT                                            ;        ;              ;         ; Row I/O    ;                 ; no       ; Off          ;
; M27      ; 354        ; 6        ; RESERVED_INPUT                                            ;        ;              ;         ; Row I/O    ;                 ; no       ; Off          ;
; M28      ; 353        ; 6        ; RESERVED_INPUT                                            ;        ;              ;         ; Row I/O    ;                 ; no       ; Off          ;
; N1       ;            ; 1        ; VCCIO1                                                    ; power  ;              ; 2.5V    ; --         ;                 ; --       ; --           ;
; N2       ;            ;          ; GND                                                       ; gnd    ;              ;         ; --         ;                 ; --       ; --           ;
; N3       ; 45         ; 1        ; RESERVED_INPUT                                            ;        ;              ;         ; Row I/O    ;                 ; no       ; Off          ;
; N4       ; 44         ; 1        ; RESERVED_INPUT                                            ;        ;              ;         ; Row I/O    ;                 ; no       ; Off          ;
; N5       ;            ; 1        ; VCCIO1                                                    ; power  ;              ; 2.5V    ; --         ;                 ; --       ; --           ;
; N6       ;            ;          ; GND                                                       ; gnd    ;              ;         ; --         ;                 ; --       ; --           ;
; N7       ; 56         ; 1        ; ~ALTERA_DATA0~ / RESERVED_INPUT_WITH_WEAK_PULLUP          ; input  ; 2.5 V        ;         ; Row I/O    ; N               ; no       ; On           ;
; N8       ; 54         ; 1        ; RESERVED_INPUT                                            ;        ;              ;         ; Row I/O    ;                 ; no       ; Off          ;
; N9       ;            ;          ; GND                                                       ; gnd    ;              ;         ; --         ;                 ; --       ; --           ;
; N10      ;            ;          ; VCCINT                                                    ; power  ;              ; 1.2V    ; --         ;                 ; --       ; --           ;
; N11      ;            ;          ; GND                                                       ; gnd    ;              ;         ; --         ;                 ; --       ; --           ;
; N12      ;            ;          ; VCCINT                                                    ; power  ;              ; 1.2V    ; --         ;                 ; --       ; --           ;
; N13      ;            ;          ; GND                                                       ; gnd    ;              ;         ; --         ;                 ; --       ; --           ;
; N14      ;            ;          ; VCCINT                                                    ; power  ;              ; 1.2V    ; --         ;                 ; --       ; --           ;
; N15      ;            ;          ; GND                                                       ; gnd    ;              ;         ; --         ;                 ; --       ; --           ;
; N16      ;            ;          ; VCCINT                                                    ; power  ;              ; 1.2V    ; --         ;                 ; --       ; --           ;
; N17      ;            ;          ; GND                                                       ; gnd    ;              ;         ; --         ;                 ; --       ; --           ;
; N18      ;            ;          ; VCCINT                                                    ; power  ;              ; 1.2V    ; --         ;                 ; --       ; --           ;
; N19      ;            ;          ; GND                                                       ; gnd    ;              ;         ; --         ;                 ; --       ; --           ;
; N20      ;            ;          ; VCCINT                                                    ; power  ;              ; 1.2V    ; --         ;                 ; --       ; --           ;
; N21      ; 348        ; 6        ; RESERVED_INPUT                                            ;        ;              ;         ; Row I/O    ;                 ; --       ; --           ;
; N22      ; 340        ; 6        ; ^MSEL0                                                    ;        ;              ;         ; --         ;                 ; --       ; --           ;
; N23      ;            ;          ; GND                                                       ; gnd    ;              ;         ; --         ;                 ; --       ; --           ;
; N24      ;            ; 6        ; VCCIO6                                                    ; power  ;              ; 2.5V    ; --         ;                 ; --       ; --           ;
; N25      ; 352        ; 6        ; RESERVED_INPUT                                            ;        ;              ;         ; Row I/O    ;                 ; no       ; Off          ;
; N26      ; 351        ; 6        ; RESERVED_INPUT                                            ;        ;              ;         ; Row I/O    ;                 ; no       ; Off          ;
; N27      ;            ;          ; GND                                                       ; gnd    ;              ;         ; --         ;                 ; --       ; --           ;
; N28      ;            ; 6        ; VCCIO6                                                    ; power  ;              ; 2.5V    ; --         ;                 ; --       ; --           ;
; P1       ; 53         ; 1        ; RESERVED_INPUT                                            ;        ;              ;         ; Row I/O    ;                 ; no       ; Off          ;
; P2       ; 52         ; 1        ; RESERVED_INPUT                                            ;        ;              ;         ; Row I/O    ;                 ; no       ; Off          ;
; P3       ; 55         ; 1        ; ~ALTERA_DCLK~                                             ; output ; 2.5 V        ;         ; Row I/O    ; N               ; no       ; On           ;
; P4       ; 57         ; 1        ; ^nCONFIG                                                  ;        ;              ;         ; --         ;                 ; --       ; --           ;
; P5       ; 59         ; 1        ; #TCK                                                      ; input  ;              ;         ; --         ;                 ; --       ; --           ;
; P6       ; 61         ; 1        ; #TDO                                                      ; output ;              ;         ; --         ;                 ; --       ; --           ;
; P7       ; 58         ; 1        ; #TDI                                                      ; input  ;              ;         ; --         ;                 ; --       ; --           ;
; P8       ; 60         ; 1        ; #TMS                                                      ; input  ;              ;         ; --         ;                 ; --       ; --           ;
; P9       ;            ;          ; VCCINT                                                    ; power  ;              ; 1.2V    ; --         ;                 ; --       ; --           ;
; P10      ;            ;          ; GND                                                       ; gnd    ;              ;         ; --         ;                 ; --       ; --           ;
; P11      ;            ;          ; VCCINT                                                    ; power  ;              ; 1.2V    ; --         ;                 ; --       ; --           ;
; P12      ;            ;          ; GND                                                       ; gnd    ;              ;         ; --         ;                 ; --       ; --           ;
; P13      ;            ;          ; VCCINT                                                    ; power  ;              ; 1.2V    ; --         ;                 ; --       ; --           ;
; P14      ;            ;          ; GND                                                       ; gnd    ;              ;         ; --         ;                 ; --       ; --           ;
; P15      ;            ;          ; VCCINT                                                    ; power  ;              ; 1.2V    ; --         ;                 ; --       ; --           ;
; P16      ;            ;          ; GND                                                       ; gnd    ;              ;         ; --         ;                 ; --       ; --           ;
; P17      ;            ;          ; VCCINT                                                    ; power  ;              ; 1.2V    ; --         ;                 ; --       ; --           ;
; P18      ;            ;          ; GND                                                       ; gnd    ;              ;         ; --         ;                 ; --       ; --           ;
; P19      ;            ;          ; VCCINT                                                    ; power  ;              ; 1.2V    ; --         ;                 ; --       ; --           ;
; P20      ;            ;          ; GND                                                       ; gnd    ;              ;         ; --         ;                 ; --       ; --           ;
; P21      ; 334        ; 5        ; RESERVED_INPUT                                            ;        ;              ;         ; Row I/O    ;                 ; no       ; Off          ;
; P22      ; 343        ; 6        ; ^MSEL3                                                    ;        ;              ;         ; --         ;                 ; --       ; --           ;
; P23      ; 341        ; 6        ; ^MSEL1                                                    ;        ;              ;         ; --         ;                 ; --       ; --           ;
; P24      ; 339        ; 6        ; ^CONF_DONE                                                ;        ;              ;         ; --         ;                 ; --       ; --           ;
; P25      ; 346        ; 6        ; RESERVED_INPUT                                            ;        ;              ;         ; Row I/O    ;                 ; no       ; Off          ;
; P26      ; 345        ; 6        ; RESERVED_INPUT                                            ;        ;              ;         ; Row I/O    ;                 ; no       ; Off          ;
; P27      ; 350        ; 6        ; RESERVED_INPUT                                            ;        ;              ;         ; Row I/O    ;                 ; no       ; Off          ;
; P28      ; 349        ; 6        ; ~ALTERA_nCEO~ / RESERVED_OUTPUT_OPEN_DRAIN                ; output ; 2.5 V        ;         ; Row I/O    ; N               ; no       ; Off          ;
; R1       ; 68         ; 2        ; RESERVED_INPUT                                            ;        ;              ;         ; Row I/O    ;                 ; no       ; Off          ;
; R2       ; 67         ; 2        ; RESERVED_INPUT                                            ;        ;              ;         ; Row I/O    ;                 ; no       ; Off          ;
; R3       ; 73         ; 2        ; RESERVED_INPUT                                            ;        ;              ;         ; Row I/O    ;                 ; no       ; Off          ;
; R4       ; 74         ; 2        ; RESERVED_INPUT                                            ;        ;              ;         ; Row I/O    ;                 ; no       ; Off          ;
; R5       ; 77         ; 2        ; RESERVED_INPUT                                            ;        ;              ;         ; Row I/O    ;                 ; no       ; Off          ;
; R6       ; 70         ; 2        ; RESERVED_INPUT                                            ;        ;              ;         ; Row I/O    ;                 ; no       ; Off          ;
; R7       ; 69         ; 2        ; RESERVED_INPUT                                            ;        ;              ;         ; Row I/O    ;                 ; no       ; Off          ;
; R8       ; 62         ; 1        ; ^nCE                                                      ;        ;              ;         ; --         ;                 ; --       ; --           ;
; R9       ;            ;          ; GND                                                       ; gnd    ;              ;         ; --         ;                 ; --       ; --           ;
; R10      ;            ;          ; VCCINT                                                    ; power  ;              ; 1.2V    ; --         ;                 ; --       ; --           ;
; R11      ;            ;          ; GND                                                       ; gnd    ;              ;         ; --         ;                 ; --       ; --           ;
; R12      ;            ;          ; VCCINT                                                    ; power  ;              ; 1.2V    ; --         ;                 ; --       ; --           ;
; R13      ;            ;          ; GND                                                       ; gnd    ;              ;         ; --         ;                 ; --       ; --           ;
; R14      ;            ;          ; VCCINT                                                    ; power  ;              ; 1.2V    ; --         ;                 ; --       ; --           ;
; R15      ;            ;          ; GND                                                       ; gnd    ;              ;         ; --         ;                 ; --       ; --           ;
; R16      ;            ;          ; VCCINT                                                    ; power  ;              ; 1.2V    ; --         ;                 ; --       ; --           ;
; R17      ;            ;          ; GND                                                       ; gnd    ;              ;         ; --         ;                 ; --       ; --           ;
; R18      ;            ;          ; VCCINT                                                    ; power  ;              ; 1.2V    ; --         ;                 ; --       ; --           ;
; R19      ;            ;          ; GND                                                       ; gnd    ;              ;         ; --         ;                 ; --       ; --           ;
; R20      ;            ;          ; VCCINT                                                    ; power  ;              ; 1.2V    ; --         ;                 ; --       ; --           ;
; R21      ; 333        ; 5        ; RESERVED_INPUT                                            ;        ;              ;         ; Row I/O    ;                 ; no       ; Off          ;
; R22      ; 332        ; 5        ; RESERVED_INPUT                                            ;        ;              ;         ; Row I/O    ;                 ; no       ; Off          ;
; R23      ; 331        ; 5        ; RESERVED_INPUT                                            ;        ;              ;         ; Row I/O    ;                 ; no       ; Off          ;
; R24      ; 330        ; 5        ; RESERVED_INPUT                                            ;        ;              ;         ; Row I/O    ;                 ; no       ; Off          ;
; R25      ; 327        ; 5        ; RESERVED_INPUT                                            ;        ;              ;         ; Row I/O    ;                 ; no       ; Off          ;
; R26      ; 326        ; 5        ; RESERVED_INPUT                                            ;        ;              ;         ; Row I/O    ;                 ; no       ; Off          ;
; R27      ; 329        ; 5        ; RESERVED_INPUT                                            ;        ;              ;         ; Row I/O    ;                 ; no       ; Off          ;
; R28      ; 328        ; 5        ; RESERVED_INPUT                                            ;        ;              ;         ; Row I/O    ;                 ; no       ; Off          ;
; T1       ;            ; 2        ; VCCIO2                                                    ; power  ;              ; 2.5V    ; --         ;                 ; --       ; --           ;
; T2       ;            ;          ; GND                                                       ; gnd    ;              ;         ; --         ;                 ; --       ; --           ;
; T3       ; 76         ; 2        ; RESERVED_INPUT                                            ;        ;              ;         ; Row I/O    ;                 ; no       ; Off          ;
; T4       ; 75         ; 2        ; RESERVED_INPUT                                            ;        ;              ;         ; Row I/O    ;                 ; no       ; Off          ;
; T5       ;            ; 2        ; VCCIO2                                                    ; power  ;              ; 2.5V    ; --         ;                 ; --       ; --           ;
; T6       ;            ;          ; GND                                                       ; gnd    ;              ;         ; --         ;                 ; --       ; --           ;
; T7       ; 78         ; 2        ; RESERVED_INPUT                                            ;        ;              ;         ; Row I/O    ;                 ; --       ; --           ;
; T8       ; 100        ; 2        ; RESERVED_INPUT                                            ;        ;              ;         ; Row I/O    ;                 ; --       ; --           ;
; T9       ;            ;          ; VCCINT                                                    ; power  ;              ; 1.2V    ; --         ;                 ; --       ; --           ;
; T10      ;            ;          ; GND                                                       ; gnd    ;              ;         ; --         ;                 ; --       ; --           ;
; T11      ;            ;          ; VCCINT                                                    ; power  ;              ; 1.2V    ; --         ;                 ; --       ; --           ;
; T12      ;            ;          ; GND                                                       ; gnd    ;              ;         ; --         ;                 ; --       ; --           ;
; T13      ;            ;          ; VCCINT                                                    ; power  ;              ; 1.2V    ; --         ;                 ; --       ; --           ;
; T14      ;            ;          ; GND                                                       ; gnd    ;              ;         ; --         ;                 ; --       ; --           ;
; T15      ;            ;          ; VCCINT                                                    ; power  ;              ; 1.2V    ; --         ;                 ; --       ; --           ;
; T16      ;            ;          ; GND                                                       ; gnd    ;              ;         ; --         ;                 ; --       ; --           ;
; T17      ;            ;          ; VCCINT                                                    ; power  ;              ; 1.2V    ; --         ;                 ; --       ; --           ;
; T18      ;            ;          ; GND                                                       ; gnd    ;              ;         ; --         ;                 ; --       ; --           ;
; T19      ;            ;          ; VCCINT                                                    ; power  ;              ; 1.2V    ; --         ;                 ; --       ; --           ;
; T20      ;            ;          ; GND                                                       ; gnd    ;              ;         ; --         ;                 ; --       ; --           ;
; T21      ; 325        ; 5        ; RESERVED_INPUT                                            ;        ;              ;         ; Row I/O    ;                 ; no       ; Off          ;
; T22      ; 324        ; 5        ; RESERVED_INPUT                                            ;        ;              ;         ; Row I/O    ;                 ; no       ; Off          ;
; T23      ;            ;          ; GND                                                       ; gnd    ;              ;         ; --         ;                 ; --       ; --           ;
; T24      ;            ; 5        ; VCCIO5                                                    ; power  ;              ; 2.5V    ; --         ;                 ; --       ; --           ;
; T25      ; 323        ; 5        ; RESERVED_INPUT                                            ;        ;              ;         ; Row I/O    ;                 ; no       ; Off          ;
; T26      ; 322        ; 5        ; RESERVED_INPUT                                            ;        ;              ;         ; Row I/O    ;                 ; no       ; Off          ;
; T27      ;            ;          ; GND                                                       ; gnd    ;              ;         ; --         ;                 ; --       ; --           ;
; T28      ;            ; 5        ; VCCIO5                                                    ; power  ;              ; 2.5V    ; --         ;                 ; --       ; --           ;
; U1       ; 80         ; 2        ; RESERVED_INPUT                                            ;        ;              ;         ; Row I/O    ;                 ; no       ; Off          ;
; U2       ; 79         ; 2        ; RESERVED_INPUT                                            ;        ;              ;         ; Row I/O    ;                 ; no       ; Off          ;
; U3       ; 71         ; 2        ; RESERVED_INPUT                                            ;        ;              ;         ; Row I/O    ;                 ; no       ; Off          ;
; U4       ; 72         ; 2        ; RESERVED_INPUT                                            ;        ;              ;         ; Row I/O    ;                 ; no       ; Off          ;
; U5       ; 90         ; 2        ; RESERVED_INPUT                                            ;        ;              ;         ; Row I/O    ;                 ; no       ; Off          ;
; U6       ; 89         ; 2        ; RESERVED_INPUT                                            ;        ;              ;         ; Row I/O    ;                 ; no       ; Off          ;
; U7       ; 103        ; 2        ; RESERVED_INPUT                                            ;        ;              ;         ; Row I/O    ;                 ; no       ; Off          ;
; U8       ; 104        ; 2        ; RESERVED_INPUT                                            ;        ;              ;         ; Row I/O    ;                 ; no       ; Off          ;
; U9       ;            ;          ; GND                                                       ; gnd    ;              ;         ; --         ;                 ; --       ; --           ;
; U10      ;            ;          ; VCCINT                                                    ; power  ;              ; 1.2V    ; --         ;                 ; --       ; --           ;
; U11      ;            ;          ; GND                                                       ; gnd    ;              ;         ; --         ;                 ; --       ; --           ;
; U12      ;            ;          ; VCCINT                                                    ; power  ;              ; 1.2V    ; --         ;                 ; --       ; --           ;
; U13      ;            ;          ; GND                                                       ; gnd    ;              ;         ; --         ;                 ; --       ; --           ;
; U14      ;            ;          ; VCCINT                                                    ; power  ;              ; 1.2V    ; --         ;                 ; --       ; --           ;
; U15      ;            ;          ; GND                                                       ; gnd    ;              ;         ; --         ;                 ; --       ; --           ;
; U16      ;            ;          ; VCCINT                                                    ; power  ;              ; 1.2V    ; --         ;                 ; --       ; --           ;
; U17      ;            ;          ; GND                                                       ; gnd    ;              ;         ; --         ;                 ; --       ; --           ;
; U18      ;            ;          ; VCCINT                                                    ; power  ;              ; 1.2V    ; --         ;                 ; --       ; --           ;
; U19      ;            ;          ; GND                                                       ; gnd    ;              ;         ; --         ;                 ; --       ; --           ;
; U20      ;            ;          ; VCCINT                                                    ; power  ;              ; 1.2V    ; --         ;                 ; --       ; --           ;
; U21      ; 319        ; 5        ; Display4[1]                                               ; output ; 2.5 V        ;         ; Row I/O    ; Y               ; no       ; Off          ;
; U22      ; 313        ; 5        ; RESERVED_INPUT                                            ;        ;              ;         ; Row I/O    ;                 ; no       ; Off          ;
; U23      ; 305        ; 5        ; Display2[5]                                               ; output ; 2.5 V        ;         ; Row I/O    ; Y               ; no       ; Off          ;
; U24      ; 316        ; 5        ; Display2[6]                                               ; output ; 2.5 V        ;         ; Row I/O    ; Y               ; no       ; Off          ;
; U25      ; 315        ; 5        ; RESERVED_INPUT                                            ;        ;              ;         ; Row I/O    ;                 ; no       ; Off          ;
; U26      ; 314        ; 5        ; RESERVED_INPUT                                            ;        ;              ;         ; Row I/O    ;                 ; no       ; Off          ;
; U27      ; 318        ; 5        ; RESERVED_INPUT                                            ;        ;              ;         ; Row I/O    ;                 ; no       ; Off          ;
; U28      ; 317        ; 5        ; RESERVED_INPUT                                            ;        ;              ;         ; Row I/O    ;                 ; no       ; Off          ;
; V1       ; 84         ; 2        ; RESERVED_INPUT                                            ;        ;              ;         ; Row I/O    ;                 ; no       ; Off          ;
; V2       ; 83         ; 2        ; RESERVED_INPUT                                            ;        ;              ;         ; Row I/O    ;                 ; no       ; Off          ;
; V3       ; 82         ; 2        ; RESERVED_INPUT                                            ;        ;              ;         ; Row I/O    ;                 ; no       ; Off          ;
; V4       ; 81         ; 2        ; RESERVED_INPUT                                            ;        ;              ;         ; Row I/O    ;                 ; no       ; Off          ;
; V5       ; 108        ; 2        ; RESERVED_INPUT                                            ;        ;              ;         ; Row I/O    ;                 ; no       ; Off          ;
; V6       ; 107        ; 2        ; RESERVED_INPUT                                            ;        ;              ;         ; Row I/O    ;                 ; no       ; Off          ;
; V7       ; 110        ; 2        ; RESERVED_INPUT                                            ;        ;              ;         ; Row I/O    ;                 ; no       ; Off          ;
; V8       ; 109        ; 2        ; RESERVED_INPUT                                            ;        ;              ;         ; Row I/O    ;                 ; no       ; Off          ;
; V9       ;            ;          ; VCCINT                                                    ; power  ;              ; 1.2V    ; --         ;                 ; --       ; --           ;
; V10      ;            ;          ; GND                                                       ; gnd    ;              ;         ; --         ;                 ; --       ; --           ;
; V11      ;            ;          ; VCCINT                                                    ; power  ;              ; 1.2V    ; --         ;                 ; --       ; --           ;
; V12      ;            ;          ; GND                                                       ; gnd    ;              ;         ; --         ;                 ; --       ; --           ;
; V13      ;            ;          ; VCCINT                                                    ; power  ;              ; 1.2V    ; --         ;                 ; --       ; --           ;
; V14      ;            ;          ; GND                                                       ; gnd    ;              ;         ; --         ;                 ; --       ; --           ;
; V15      ;            ;          ; VCCINT                                                    ; power  ;              ; 1.2V    ; --         ;                 ; --       ; --           ;
; V16      ;            ;          ; GND                                                       ; gnd    ;              ;         ; --         ;                 ; --       ; --           ;
; V17      ;            ;          ; VCCINT                                                    ; power  ;              ; 1.2V    ; --         ;                 ; --       ; --           ;
; V18      ;            ;          ; GND                                                       ; gnd    ;              ;         ; --         ;                 ; --       ; --           ;
; V19      ;            ;          ; VCCINT                                                    ; power  ;              ; 1.2V    ; --         ;                 ; --       ; --           ;
; V20      ;            ;          ; GND                                                       ; gnd    ;              ;         ; --         ;                 ; --       ; --           ;
; V21      ; 311        ; 5        ; Display4[0]                                               ; output ; 2.5 V        ;         ; Row I/O    ; Y               ; no       ; Off          ;
; V22      ; 312        ; 5        ; RESERVED_INPUT                                            ;        ;              ;         ; Row I/O    ;                 ; no       ; Off          ;
; V23      ; 309        ; 5        ; RESERVED_INPUT                                            ;        ;              ;         ; Row I/O    ;                 ; no       ; Off          ;
; V24      ; 308        ; 5        ; RESERVED_INPUT                                            ;        ;              ;         ; Row I/O    ;                 ; no       ; Off          ;
; V25      ; 307        ; 5        ; RESERVED_INPUT                                            ;        ;              ;         ; Row I/O    ;                 ; no       ; Off          ;
; V26      ; 306        ; 5        ; RESERVED_INPUT                                            ;        ;              ;         ; Row I/O    ;                 ; no       ; Off          ;
; V27      ; 304        ; 5        ; RESERVED_INPUT                                            ;        ;              ;         ; Row I/O    ;                 ; no       ; Off          ;
; V28      ; 303        ; 5        ; RESERVED_INPUT                                            ;        ;              ;         ; Row I/O    ;                 ; no       ; Off          ;
; W1       ; 88         ; 2        ; RESERVED_INPUT                                            ;        ;              ;         ; Row I/O    ;                 ; no       ; Off          ;
; W2       ; 87         ; 2        ; RESERVED_INPUT                                            ;        ;              ;         ; Row I/O    ;                 ; no       ; Off          ;
; W3       ; 112        ; 2        ; RESERVED_INPUT                                            ;        ;              ;         ; Row I/O    ;                 ; no       ; Off          ;
; W4       ; 111        ; 2        ; RESERVED_INPUT                                            ;        ;              ;         ; Row I/O    ;                 ; no       ; Off          ;
; W5       ;            ; 2        ; VCCIO2                                                    ; power  ;              ; 2.5V    ; --         ;                 ; --       ; --           ;
; W6       ;            ;          ; GND                                                       ; gnd    ;              ;         ; --         ;                 ; --       ; --           ;
; W7       ; 115        ; 2        ; RESERVED_INPUT                                            ;        ;              ;         ; Row I/O    ;                 ; no       ; Off          ;
; W8       ; 116        ; 2        ; RESERVED_INPUT                                            ;        ;              ;         ; Row I/O    ;                 ; no       ; Off          ;
; W9       ;            ;          ; GND                                                       ; gnd    ;              ;         ; --         ;                 ; --       ; --           ;
; W10      ;            ;          ; VCCINT                                                    ; power  ;              ; 1.2V    ; --         ;                 ; --       ; --           ;
; W11      ;            ;          ; GND                                                       ; gnd    ;              ;         ; --         ;                 ; --       ; --           ;
; W12      ;            ;          ; VCCINT                                                    ; power  ;              ; 1.2V    ; --         ;                 ; --       ; --           ;
; W13      ;            ;          ; GND                                                       ; gnd    ;              ;         ; --         ;                 ; --       ; --           ;
; W14      ;            ;          ; VCCINT                                                    ; power  ;              ; 1.2V    ; --         ;                 ; --       ; --           ;
; W15      ;            ;          ; GND                                                       ; gnd    ;              ;         ; --         ;                 ; --       ; --           ;
; W16      ;            ;          ; VCCINT                                                    ; power  ;              ; 1.2V    ; --         ;                 ; --       ; --           ;
; W17      ;            ;          ; GND                                                       ; gnd    ;              ;         ; --         ;                 ; --       ; --           ;
; W18      ;            ;          ; VCCINT                                                    ; power  ;              ; 1.2V    ; --         ;                 ; --       ; --           ;
; W19      ;            ;          ; GND                                                       ; gnd    ;              ;         ; --         ;                 ; --       ; --           ;
; W20      ;            ;          ; VCCINT                                                    ; power  ;              ; 1.2V    ; --         ;                 ; --       ; --           ;
; W21      ; 310        ; 5        ; Display2[2]                                               ; output ; 2.5 V        ;         ; Row I/O    ; Y               ; no       ; Off          ;
; W22      ; 321        ; 5        ; Display2[3]                                               ; output ; 2.5 V        ;         ; Row I/O    ; Y               ; no       ; Off          ;
; W23      ;            ;          ; GND                                                       ; gnd    ;              ;         ; --         ;                 ; --       ; --           ;
; W24      ;            ; 5        ; VCCIO5                                                    ; power  ;              ; 2.5V    ; --         ;                 ; --       ; --           ;
; W25      ; 300        ; 5        ; Display2[4]                                               ; output ; 2.5 V        ;         ; Row I/O    ; Y               ; no       ; Off          ;
; W26      ; 299        ; 5        ; Display3[3]                                               ; output ; 2.5 V        ;         ; Row I/O    ; Y               ; no       ; Off          ;
; W27      ; 301        ; 5        ; Display3[5]                                               ; output ; 2.5 V        ;         ; Row I/O    ; Y               ; no       ; Off          ;
; W28      ; 302        ; 5        ; Display3[6]                                               ; output ; 2.5 V        ;         ; Row I/O    ; Y               ; no       ; Off          ;
; Y1       ; 66         ; 2        ; GND+                                                      ;        ;              ;         ; Row I/O    ;                 ; --       ; --           ;
; Y2       ; 65         ; 2        ; clock                                                     ; input  ; 2.5 V        ;         ; Row I/O    ; Y               ; no       ; Off          ;
; Y3       ; 92         ; 2        ; RESERVED_INPUT                                            ;        ;              ;         ; Row I/O    ;                 ; no       ; Off          ;
; Y4       ; 91         ; 2        ; RESERVED_INPUT                                            ;        ;              ;         ; Row I/O    ;                 ; no       ; Off          ;
; Y5       ; 114        ; 2        ; RESERVED_INPUT                                            ;        ;              ;         ; Row I/O    ;                 ; no       ; Off          ;
; Y6       ; 113        ; 2        ; RESERVED_INPUT                                            ;        ;              ;         ; Row I/O    ;                 ; no       ; Off          ;
; Y7       ; 117        ; 2        ; RESERVED_INPUT                                            ;        ;              ;         ; Row I/O    ;                 ; no       ; Off          ;
; Y8       ;            ; --       ; VCCA1                                                     ; power  ;              ; 2.5V    ; --         ;                 ; --       ; --           ;
; Y9       ;            ;          ; VCCD_PLL1                                                 ; power  ;              ; 1.2V    ; --         ;                 ; --       ; --           ;
; Y10      ; 140        ; 3        ; RESERVED_INPUT                                            ;        ;              ;         ; Column I/O ;                 ; --       ; --           ;
; Y11      ;            ;          ; GND                                                       ; gnd    ;              ;         ; --         ;                 ; --       ; --           ;
; Y12      ; 187        ; 3        ; RESERVED_INPUT                                            ;        ;              ;         ; Column I/O ;                 ; no       ; Off          ;
; Y13      ; 189        ; 3        ; RESERVED_INPUT                                            ;        ;              ;         ; Column I/O ;                 ; no       ; Off          ;
; Y14      ; 197        ; 3        ; RESERVED_INPUT                                            ;        ;              ;         ; Column I/O ;                 ; no       ; Off          ;
; Y15      ; 198        ; 3        ; RESERVED_INPUT                                            ;        ;              ;         ; Column I/O ;                 ; no       ; Off          ;
; Y16      ; 250        ; 4        ; RESERVED_INPUT                                            ;        ;              ;         ; Column I/O ;                 ; no       ; Off          ;
; Y17      ; 249        ; 4        ; RESERVED_INPUT                                            ;        ;              ;         ; Column I/O ;                 ; no       ; Off          ;
; Y18      ;            ;          ; GND                                                       ; gnd    ;              ;         ; --         ;                 ; --       ; --           ;
; Y19      ; 263        ; 4        ; Display4[6]                                               ; output ; 2.5 V        ;         ; Column I/O ; Y               ; no       ; Off          ;
; Y20      ;            ;          ; VCCD_PLL4                                                 ; power  ;              ; 1.2V    ; --         ;                 ; --       ; --           ;
; Y21      ;            ; --       ; VCCA4                                                     ; power  ;              ; 2.5V    ; --         ;                 ; --       ; --           ;
; Y22      ; 320        ; 5        ; Display2[1]                                               ; output ; 2.5 V        ;         ; Row I/O    ; Y               ; no       ; Off          ;
; Y23      ; 288        ; 5        ; RESERVED_INPUT                                            ;        ;              ;         ; Row I/O    ;                 ; no       ; Off          ;
; Y24      ; 287        ; 5        ; RESERVED_INPUT                                            ;        ;              ;         ; Row I/O    ;                 ; no       ; Off          ;
; Y25      ; 298        ; 5        ; Display3[2]                                               ; output ; 2.5 V        ;         ; Row I/O    ; Y               ; no       ; Off          ;
; Y26      ; 297        ; 5        ; Display3[4]                                               ; output ; 2.5 V        ;         ; Row I/O    ; Y               ; no       ; Off          ;
; Y27      ; 336        ; 5        ; GND+                                                      ;        ;              ;         ; Row I/O    ;                 ; --       ; --           ;
; Y28      ; 335        ; 5        ; GND+                                                      ;        ;              ;         ; Row I/O    ;                 ; --       ; --           ;
+----------+------------+----------+-----------------------------------------------------------+--------+--------------+---------+------------+-----------------+----------+--------------+
Note: Pin directions (input, output or bidir) are based on device operating in user mode.


+---------------------------------------------------+
; I/O Assignment Warnings                           ;
+-------------------+-------------------------------+
; Pin Name          ; Reason                        ;
+-------------------+-------------------------------+
; Display1[0]       ; Incomplete set of assignments ;
; Display1[1]       ; Incomplete set of assignments ;
; Display1[2]       ; Incomplete set of assignments ;
; Display1[3]       ; Incomplete set of assignments ;
; Display1[4]       ; Incomplete set of assignments ;
; Display1[5]       ; Incomplete set of assignments ;
; Display1[6]       ; Incomplete set of assignments ;
; Display2[0]       ; Incomplete set of assignments ;
; Display2[1]       ; Incomplete set of assignments ;
; Display2[2]       ; Incomplete set of assignments ;
; Display2[3]       ; Incomplete set of assignments ;
; Display2[4]       ; Incomplete set of assignments ;
; Display2[5]       ; Incomplete set of assignments ;
; Display2[6]       ; Incomplete set of assignments ;
; Display3[0]       ; Incomplete set of assignments ;
; Display3[1]       ; Incomplete set of assignments ;
; Display3[2]       ; Incomplete set of assignments ;
; Display3[3]       ; Incomplete set of assignments ;
; Display3[4]       ; Incomplete set of assignments ;
; Display3[5]       ; Incomplete set of assignments ;
; Display3[6]       ; Incomplete set of assignments ;
; Display4[0]       ; Incomplete set of assignments ;
; Display4[1]       ; Incomplete set of assignments ;
; Display4[2]       ; Incomplete set of assignments ;
; Display4[3]       ; Incomplete set of assignments ;
; Display4[4]       ; Incomplete set of assignments ;
; Display4[5]       ; Incomplete set of assignments ;
; Display4[6]       ; Incomplete set of assignments ;
; led               ; Incomplete set of assignments ;
; zero              ; Incomplete set of assignments ;
; Interruptores[1]  ; Incomplete set of assignments ;
; Interruptores[0]  ; Incomplete set of assignments ;
; Interruptores[2]  ; Incomplete set of assignments ;
; Interruptores[3]  ; Incomplete set of assignments ;
; Interruptores[4]  ; Incomplete set of assignments ;
; Interruptores[5]  ; Incomplete set of assignments ;
; Interruptores[8]  ; Incomplete set of assignments ;
; Interruptores[7]  ; Incomplete set of assignments ;
; Interruptores[6]  ; Incomplete set of assignments ;
; Interruptores[15] ; Incomplete set of assignments ;
; Interruptores[14] ; Incomplete set of assignments ;
; Interruptores[11] ; Incomplete set of assignments ;
; Interruptores[12] ; Incomplete set of assignments ;
; Interruptores[13] ; Incomplete set of assignments ;
; Interruptores[9]  ; Incomplete set of assignments ;
; Interruptores[10] ; Incomplete set of assignments ;
; clock             ; Incomplete set of assignments ;
; zero              ; Missing location assignment   ;
+-------------------+-------------------------------+


+------------------------------------------------------------------------------------------------------------------------------------------------------------------------------------------------------------------------------------------------------------------------------------------------------------------------------------------------------------------------------------------------------------------------------------------------+
; Fitter Resource Utilization by Entity                                                                                                                                                                                                                                                                                                                                                                                                          ;
+-------------------------------------------+-------------+---------------------------+---------------+-------------+------+--------------+---------+-----------+------+--------------+--------------+-------------------+------------------+------------------------------------------------------------------------------------------------------------------------------------------------------------+------------------------+--------------+
; Compilation Hierarchy Node                ; Logic Cells ; Dedicated Logic Registers ; I/O Registers ; Memory Bits ; M9Ks ; DSP Elements ; DSP 9x9 ; DSP 18x18 ; Pins ; Virtual Pins ; LUT-Only LCs ; Register-Only LCs ; LUT/Register LCs ; Full Hierarchy Name                                                                                                                                        ; Entity Name            ; Library Name ;
+-------------------------------------------+-------------+---------------------------+---------------+-------------+------+--------------+---------+-----------+------+--------------+--------------+-------------------+------------------+------------------------------------------------------------------------------------------------------------------------------------------------------------+------------------------+--------------+
; |UnidadedeProcessamento                   ; 6714 (1)    ; 1051 (0)                  ; 0 (0)         ; 32768       ; 4    ; 6            ; 0       ; 3         ; 47   ; 206          ; 5663 (1)     ; 6 (0)             ; 1045 (0)         ; |UnidadedeProcessamento                                                                                                                                    ; UnidadedeProcessamento ; work         ;
;    |BancodeRegistradores:Chamada2|        ; 1529 (1529) ; 993 (993)                 ; 0 (0)         ; 0           ; 0    ; 0            ; 0       ; 0         ; 0    ; 0            ; 536 (536)    ; 3 (3)             ; 990 (990)        ; |UnidadedeProcessamento|BancodeRegistradores:Chamada2                                                                                                      ; BancodeRegistradores   ; work         ;
;    |Branch:BranchAddr|                    ; 10 (10)     ; 0 (0)                     ; 0 (0)         ; 0           ; 0    ; 0            ; 0       ; 0         ; 0    ; 0            ; 10 (10)      ; 0 (0)             ; 0 (0)            ; |UnidadedeProcessamento|Branch:BranchAddr                                                                                                                  ; Branch                 ; work         ;
;    |Entrada:Chamada11|                    ; 69 (69)     ; 30 (30)                   ; 0 (0)         ; 0           ; 0    ; 0            ; 0       ; 0         ; 0    ; 0            ; 39 (39)      ; 1 (1)             ; 29 (29)          ; |UnidadedeProcessamento|Entrada:Chamada11                                                                                                                  ; Entrada                ; work         ;
;    |Interruption:ChamadaInterruption|     ; 1 (1)       ; 1 (1)                     ; 0 (0)         ; 0           ; 0    ; 0            ; 0       ; 0         ; 0    ; 0            ; 0 (0)        ; 0 (0)             ; 1 (1)            ; |UnidadedeProcessamento|Interruption:ChamadaInterruption                                                                                                   ; Interruption           ; work         ;
;    |MemoriaInstrucoesROM:Chamada3|        ; 193 (193)   ; 0 (0)                     ; 0 (0)         ; 0           ; 0    ; 0            ; 0       ; 0         ; 0    ; 0            ; 193 (193)    ; 0 (0)             ; 0 (0)            ; |UnidadedeProcessamento|MemoriaInstrucoesROM:Chamada3                                                                                                      ; MemoriaInstrucoesROM   ; work         ;
;    |MemoriadeDadosRAM:Chamada7|           ; 0 (0)       ; 0 (0)                     ; 0 (0)         ; 32768       ; 4    ; 0            ; 0       ; 0         ; 0    ; 0            ; 0 (0)        ; 0 (0)             ; 0 (0)            ; |UnidadedeProcessamento|MemoriadeDadosRAM:Chamada7                                                                                                         ; MemoriadeDadosRAM      ; work         ;
;       |altsyncram:ram_rtl_0|              ; 0 (0)       ; 0 (0)                     ; 0 (0)         ; 32768       ; 4    ; 0            ; 0       ; 0         ; 0    ; 0            ; 0 (0)        ; 0 (0)             ; 0 (0)            ; |UnidadedeProcessamento|MemoriadeDadosRAM:Chamada7|altsyncram:ram_rtl_0                                                                                    ; altsyncram             ; work         ;
;          |altsyncram_02e1:auto_generated| ; 0 (0)       ; 0 (0)                     ; 0 (0)         ; 32768       ; 4    ; 0            ; 0       ; 0         ; 0    ; 0            ; 0 (0)        ; 0 (0)             ; 0 (0)            ; |UnidadedeProcessamento|MemoriadeDadosRAM:Chamada7|altsyncram:ram_rtl_0|altsyncram_02e1:auto_generated                                                     ; altsyncram_02e1        ; work         ;
;    |MultiplexadorJAL:MuxJAL|              ; 33 (33)     ; 0 (0)                     ; 0 (0)         ; 0           ; 0    ; 0            ; 0       ; 0         ; 0    ; 0            ; 30 (30)      ; 0 (0)             ; 3 (3)            ; |UnidadedeProcessamento|MultiplexadorJAL:MuxJAL                                                                                                            ; MultiplexadorJAL       ; work         ;
;    |MultiplexadorJump:MuxJump|            ; 1 (1)       ; 0 (0)                     ; 0 (0)         ; 0           ; 0    ; 0            ; 0       ; 0         ; 0    ; 0            ; 1 (1)        ; 0 (0)             ; 0 (0)            ; |UnidadedeProcessamento|MultiplexadorJump:MuxJump                                                                                                          ; MultiplexadorJump      ; work         ;
;    |MultiplexadorJumpReg:MuxJumpReg|      ; 1 (1)       ; 0 (0)                     ; 0 (0)         ; 0           ; 0    ; 0            ; 0       ; 0         ; 0    ; 0            ; 1 (1)        ; 0 (0)             ; 0 (0)            ; |UnidadedeProcessamento|MultiplexadorJumpReg:MuxJumpReg                                                                                                    ; MultiplexadorJumpReg   ; work         ;
;    |MuxALUSRC:Chamada13|                  ; 48 (48)     ; 0 (0)                     ; 0 (0)         ; 0           ; 0    ; 0            ; 0       ; 0         ; 0    ; 0            ; 48 (48)      ; 0 (0)             ; 0 (0)            ; |UnidadedeProcessamento|MuxALUSRC:Chamada13                                                                                                                ; MuxALUSRC              ; work         ;
;    |MuxMemReg:Chamada10|                  ; 32 (32)     ; 0 (0)                     ; 0 (0)         ; 0           ; 0    ; 0            ; 0       ; 0         ; 0    ; 0            ; 32 (32)      ; 0 (0)             ; 0 (0)            ; |UnidadedeProcessamento|MuxMemReg:Chamada10                                                                                                                ; MuxMemReg              ; work         ;
;    |MuxRegDst:Chamada9|                   ; 9 (9)       ; 0 (0)                     ; 0 (0)         ; 0           ; 0    ; 0            ; 0       ; 0         ; 0    ; 0            ; 9 (9)        ; 0 (0)             ; 0 (0)            ; |UnidadedeProcessamento|MuxRegDst:Chamada9                                                                                                                 ; MuxRegDst              ; work         ;
;    |Out:Chamada12|                        ; 2730 (18)   ; 17 (17)                   ; 0 (0)         ; 0           ; 0    ; 0            ; 0       ; 0         ; 0    ; 0            ; 2713 (1)     ; 2 (2)             ; 15 (2)           ; |UnidadedeProcessamento|Out:Chamada12                                                                                                                      ; Out                    ; work         ;
;       |Display1:bc1|                      ; 7 (7)       ; 0 (0)                     ; 0 (0)         ; 0           ; 0    ; 0            ; 0       ; 0         ; 0    ; 0            ; 7 (7)        ; 0 (0)             ; 0 (0)            ; |UnidadedeProcessamento|Out:Chamada12|Display1:bc1                                                                                                         ; Display1               ; work         ;
;       |Display2:bc2|                      ; 7 (7)       ; 0 (0)                     ; 0 (0)         ; 0           ; 0    ; 0            ; 0       ; 0         ; 0    ; 0            ; 7 (7)        ; 0 (0)             ; 0 (0)            ; |UnidadedeProcessamento|Out:Chamada12|Display2:bc2                                                                                                         ; Display2               ; work         ;
;       |Display3:bc3|                      ; 7 (7)       ; 0 (0)                     ; 0 (0)         ; 0           ; 0    ; 0            ; 0       ; 0         ; 0    ; 0            ; 7 (7)        ; 0 (0)             ; 0 (0)            ; |UnidadedeProcessamento|Out:Chamada12|Display3:bc3                                                                                                         ; Display3               ; work         ;
;       |Display4:bc4|                      ; 7 (7)       ; 0 (0)                     ; 0 (0)         ; 0           ; 0    ; 0            ; 0       ; 0         ; 0    ; 0            ; 7 (7)        ; 0 (0)             ; 0 (0)            ; |UnidadedeProcessamento|Out:Chamada12|Display4:bc4                                                                                                         ; Display4               ; work         ;
;       |lpm_divide:Div0|                   ; 50 (0)      ; 0 (0)                     ; 0 (0)         ; 0           ; 0    ; 0            ; 0       ; 0         ; 0    ; 0            ; 46 (0)       ; 0 (0)             ; 4 (0)            ; |UnidadedeProcessamento|Out:Chamada12|lpm_divide:Div0                                                                                                      ; lpm_divide             ; work         ;
;          |lpm_divide_ihm:auto_generated|  ; 50 (0)      ; 0 (0)                     ; 0 (0)         ; 0           ; 0    ; 0            ; 0       ; 0         ; 0    ; 0            ; 46 (0)       ; 0 (0)             ; 4 (0)            ; |UnidadedeProcessamento|Out:Chamada12|lpm_divide:Div0|lpm_divide_ihm:auto_generated                                                                        ; lpm_divide_ihm         ; work         ;
;             |sign_div_unsign_akh:divider| ; 50 (0)      ; 0 (0)                     ; 0 (0)         ; 0           ; 0    ; 0            ; 0       ; 0         ; 0    ; 0            ; 46 (0)       ; 0 (0)             ; 4 (0)            ; |UnidadedeProcessamento|Out:Chamada12|lpm_divide:Div0|lpm_divide_ihm:auto_generated|sign_div_unsign_akh:divider                                            ; sign_div_unsign_akh    ; work         ;
;                |alt_u_div_84f:divider|    ; 50 (50)     ; 0 (0)                     ; 0 (0)         ; 0           ; 0    ; 0            ; 0       ; 0         ; 0    ; 0            ; 46 (46)      ; 0 (0)             ; 4 (4)            ; |UnidadedeProcessamento|Out:Chamada12|lpm_divide:Div0|lpm_divide_ihm:auto_generated|sign_div_unsign_akh:divider|alt_u_div_84f:divider                      ; alt_u_div_84f          ; work         ;
;       |lpm_divide:Div1|                   ; 76 (0)      ; 0 (0)                     ; 0 (0)         ; 0           ; 0    ; 0            ; 0       ; 0         ; 0    ; 0            ; 72 (0)       ; 0 (0)             ; 4 (0)            ; |UnidadedeProcessamento|Out:Chamada12|lpm_divide:Div1                                                                                                      ; lpm_divide             ; work         ;
;          |lpm_divide_vim:auto_generated|  ; 76 (0)      ; 0 (0)                     ; 0 (0)         ; 0           ; 0    ; 0            ; 0       ; 0         ; 0    ; 0            ; 72 (0)       ; 0 (0)             ; 4 (0)            ; |UnidadedeProcessamento|Out:Chamada12|lpm_divide:Div1|lpm_divide_vim:auto_generated                                                                        ; lpm_divide_vim         ; work         ;
;             |sign_div_unsign_nlh:divider| ; 76 (0)      ; 0 (0)                     ; 0 (0)         ; 0           ; 0    ; 0            ; 0       ; 0         ; 0    ; 0            ; 72 (0)       ; 0 (0)             ; 4 (0)            ; |UnidadedeProcessamento|Out:Chamada12|lpm_divide:Div1|lpm_divide_vim:auto_generated|sign_div_unsign_nlh:divider                                            ; sign_div_unsign_nlh    ; work         ;
;                |alt_u_div_27f:divider|    ; 76 (76)     ; 0 (0)                     ; 0 (0)         ; 0           ; 0    ; 0            ; 0       ; 0         ; 0    ; 0            ; 72 (72)      ; 0 (0)             ; 4 (4)            ; |UnidadedeProcessamento|Out:Chamada12|lpm_divide:Div1|lpm_divide_vim:auto_generated|sign_div_unsign_nlh:divider|alt_u_div_27f:divider                      ; alt_u_div_27f          ; work         ;
;       |lpm_divide:Div2|                   ; 131 (0)     ; 0 (0)                     ; 0 (0)         ; 0           ; 0    ; 0            ; 0       ; 0         ; 0    ; 0            ; 127 (0)      ; 0 (0)             ; 4 (0)            ; |UnidadedeProcessamento|Out:Chamada12|lpm_divide:Div2                                                                                                      ; lpm_divide             ; work         ;
;          |lpm_divide_dkm:auto_generated|  ; 131 (0)     ; 0 (0)                     ; 0 (0)         ; 0           ; 0    ; 0            ; 0       ; 0         ; 0    ; 0            ; 127 (0)      ; 0 (0)             ; 4 (0)            ; |UnidadedeProcessamento|Out:Chamada12|lpm_divide:Div2|lpm_divide_dkm:auto_generated                                                                        ; lpm_divide_dkm         ; work         ;
;             |sign_div_unsign_6nh:divider| ; 131 (0)     ; 0 (0)                     ; 0 (0)         ; 0           ; 0    ; 0            ; 0       ; 0         ; 0    ; 0            ; 127 (0)      ; 0 (0)             ; 4 (0)            ; |UnidadedeProcessamento|Out:Chamada12|lpm_divide:Div2|lpm_divide_dkm:auto_generated|sign_div_unsign_6nh:divider                                            ; sign_div_unsign_6nh    ; work         ;
;                |alt_u_div_v9f:divider|    ; 131 (131)   ; 0 (0)                     ; 0 (0)         ; 0           ; 0    ; 0            ; 0       ; 0         ; 0    ; 0            ; 127 (127)    ; 0 (0)             ; 4 (4)            ; |UnidadedeProcessamento|Out:Chamada12|lpm_divide:Div2|lpm_divide_dkm:auto_generated|sign_div_unsign_6nh:divider|alt_u_div_v9f:divider                      ; alt_u_div_v9f          ; work         ;
;       |lpm_divide:Mod0|                   ; 371 (0)     ; 0 (0)                     ; 0 (0)         ; 0           ; 0    ; 0            ; 0       ; 0         ; 0    ; 0            ; 370 (0)      ; 0 (0)             ; 1 (0)            ; |UnidadedeProcessamento|Out:Chamada12|lpm_divide:Mod0                                                                                                      ; lpm_divide             ; work         ;
;          |lpm_divide_3bm:auto_generated|  ; 371 (0)     ; 0 (0)                     ; 0 (0)         ; 0           ; 0    ; 0            ; 0       ; 0         ; 0    ; 0            ; 370 (0)      ; 0 (0)             ; 1 (0)            ; |UnidadedeProcessamento|Out:Chamada12|lpm_divide:Mod0|lpm_divide_3bm:auto_generated                                                                        ; lpm_divide_3bm         ; work         ;
;             |sign_div_unsign_olh:divider| ; 371 (0)     ; 0 (0)                     ; 0 (0)         ; 0           ; 0    ; 0            ; 0       ; 0         ; 0    ; 0            ; 370 (0)      ; 0 (0)             ; 1 (0)            ; |UnidadedeProcessamento|Out:Chamada12|lpm_divide:Mod0|lpm_divide_3bm:auto_generated|sign_div_unsign_olh:divider                                            ; sign_div_unsign_olh    ; work         ;
;                |alt_u_div_47f:divider|    ; 371 (371)   ; 0 (0)                     ; 0 (0)         ; 0           ; 0    ; 0            ; 0       ; 0         ; 0    ; 0            ; 370 (370)    ; 0 (0)             ; 1 (1)            ; |UnidadedeProcessamento|Out:Chamada12|lpm_divide:Mod0|lpm_divide_3bm:auto_generated|sign_div_unsign_olh:divider|alt_u_div_47f:divider                      ; alt_u_div_47f          ; work         ;
;       |lpm_divide:Mod1|                   ; 568 (0)     ; 0 (0)                     ; 0 (0)         ; 0           ; 0    ; 0            ; 0       ; 0         ; 0    ; 0            ; 568 (0)      ; 0 (0)             ; 0 (0)            ; |UnidadedeProcessamento|Out:Chamada12|lpm_divide:Mod1                                                                                                      ; lpm_divide             ; work         ;
;          |lpm_divide_6bm:auto_generated|  ; 568 (0)     ; 0 (0)                     ; 0 (0)         ; 0           ; 0    ; 0            ; 0       ; 0         ; 0    ; 0            ; 568 (0)      ; 0 (0)             ; 0 (0)            ; |UnidadedeProcessamento|Out:Chamada12|lpm_divide:Mod1|lpm_divide_6bm:auto_generated                                                                        ; lpm_divide_6bm         ; work         ;
;             |sign_div_unsign_rlh:divider| ; 568 (0)     ; 0 (0)                     ; 0 (0)         ; 0           ; 0    ; 0            ; 0       ; 0         ; 0    ; 0            ; 568 (0)      ; 0 (0)             ; 0 (0)            ; |UnidadedeProcessamento|Out:Chamada12|lpm_divide:Mod1|lpm_divide_6bm:auto_generated|sign_div_unsign_rlh:divider                                            ; sign_div_unsign_rlh    ; work         ;
;                |alt_u_div_a7f:divider|    ; 568 (568)   ; 0 (0)                     ; 0 (0)         ; 0           ; 0    ; 0            ; 0       ; 0         ; 0    ; 0            ; 568 (568)    ; 0 (0)             ; 0 (0)            ; |UnidadedeProcessamento|Out:Chamada12|lpm_divide:Mod1|lpm_divide_6bm:auto_generated|sign_div_unsign_rlh:divider|alt_u_div_a7f:divider                      ; alt_u_div_a7f          ; work         ;
;       |lpm_divide:Mod2|                   ; 703 (0)     ; 0 (0)                     ; 0 (0)         ; 0           ; 0    ; 0            ; 0       ; 0         ; 0    ; 0            ; 703 (0)      ; 0 (0)             ; 0 (0)            ; |UnidadedeProcessamento|Out:Chamada12|lpm_divide:Mod2                                                                                                      ; lpm_divide             ; work         ;
;          |lpm_divide_gcm:auto_generated|  ; 703 (0)     ; 0 (0)                     ; 0 (0)         ; 0           ; 0    ; 0            ; 0       ; 0         ; 0    ; 0            ; 703 (0)      ; 0 (0)             ; 0 (0)            ; |UnidadedeProcessamento|Out:Chamada12|lpm_divide:Mod2|lpm_divide_gcm:auto_generated                                                                        ; lpm_divide_gcm         ; work         ;
;             |sign_div_unsign_5nh:divider| ; 703 (0)     ; 0 (0)                     ; 0 (0)         ; 0           ; 0    ; 0            ; 0       ; 0         ; 0    ; 0            ; 703 (0)      ; 0 (0)             ; 0 (0)            ; |UnidadedeProcessamento|Out:Chamada12|lpm_divide:Mod2|lpm_divide_gcm:auto_generated|sign_div_unsign_5nh:divider                                            ; sign_div_unsign_5nh    ; work         ;
;                |alt_u_div_u9f:divider|    ; 703 (703)   ; 0 (0)                     ; 0 (0)         ; 0           ; 0    ; 0            ; 0       ; 0         ; 0    ; 0            ; 703 (703)    ; 0 (0)             ; 0 (0)            ; |UnidadedeProcessamento|Out:Chamada12|lpm_divide:Mod2|lpm_divide_gcm:auto_generated|sign_div_unsign_5nh:divider|alt_u_div_u9f:divider                      ; alt_u_div_u9f          ; work         ;
;       |lpm_divide:Mod3|                   ; 798 (0)     ; 0 (0)                     ; 0 (0)         ; 0           ; 0    ; 0            ; 0       ; 0         ; 0    ; 0            ; 798 (0)      ; 0 (0)             ; 0 (0)            ; |UnidadedeProcessamento|Out:Chamada12|lpm_divide:Mod3                                                                                                      ; lpm_divide             ; work         ;
;          |lpm_divide_kcm:auto_generated|  ; 798 (0)     ; 0 (0)                     ; 0 (0)         ; 0           ; 0    ; 0            ; 0       ; 0         ; 0    ; 0            ; 798 (0)      ; 0 (0)             ; 0 (0)            ; |UnidadedeProcessamento|Out:Chamada12|lpm_divide:Mod3|lpm_divide_kcm:auto_generated                                                                        ; lpm_divide_kcm         ; work         ;
;             |sign_div_unsign_9nh:divider| ; 798 (0)     ; 0 (0)                     ; 0 (0)         ; 0           ; 0    ; 0            ; 0       ; 0         ; 0    ; 0            ; 798 (0)      ; 0 (0)             ; 0 (0)            ; |UnidadedeProcessamento|Out:Chamada12|lpm_divide:Mod3|lpm_divide_kcm:auto_generated|sign_div_unsign_9nh:divider                                            ; sign_div_unsign_9nh    ; work         ;
;                |alt_u_div_6af:divider|    ; 798 (798)   ; 0 (0)                     ; 0 (0)         ; 0           ; 0    ; 0            ; 0       ; 0         ; 0    ; 0            ; 798 (798)    ; 0 (0)             ; 0 (0)            ; |UnidadedeProcessamento|Out:Chamada12|lpm_divide:Mod3|lpm_divide_kcm:auto_generated|sign_div_unsign_9nh:divider|alt_u_div_6af:divider                      ; alt_u_div_6af          ; work         ;
;    |PC:Chamada5|                          ; 10 (10)     ; 10 (10)                   ; 0 (0)         ; 0           ; 0    ; 0            ; 0       ; 0         ; 0    ; 0            ; 0 (0)        ; 0 (0)             ; 10 (10)          ; |UnidadedeProcessamento|PC:Chamada5                                                                                                                        ; PC                     ; work         ;
;    |ULA:Chamada1|                         ; 1983 (850)  ; 0 (0)                     ; 0 (0)         ; 0           ; 0    ; 6            ; 0       ; 3         ; 0    ; 0            ; 1982 (849)   ; 0 (0)             ; 1 (1)            ; |UnidadedeProcessamento|ULA:Chamada1                                                                                                                       ; ULA                    ; work         ;
;       |lpm_divide:Div0|                   ; 1105 (0)    ; 0 (0)                     ; 0 (0)         ; 0           ; 0    ; 0            ; 0       ; 0         ; 0    ; 0            ; 1105 (0)     ; 0 (0)             ; 0 (0)            ; |UnidadedeProcessamento|ULA:Chamada1|lpm_divide:Div0                                                                                                       ; lpm_divide             ; work         ;
;          |lpm_divide_hkm:auto_generated|  ; 1105 (0)    ; 0 (0)                     ; 0 (0)         ; 0           ; 0    ; 0            ; 0       ; 0         ; 0    ; 0            ; 1105 (0)     ; 0 (0)             ; 0 (0)            ; |UnidadedeProcessamento|ULA:Chamada1|lpm_divide:Div0|lpm_divide_hkm:auto_generated                                                                         ; lpm_divide_hkm         ; work         ;
;             |sign_div_unsign_bnh:divider| ; 1105 (0)    ; 0 (0)                     ; 0 (0)         ; 0           ; 0    ; 0            ; 0       ; 0         ; 0    ; 0            ; 1105 (0)     ; 0 (0)             ; 0 (0)            ; |UnidadedeProcessamento|ULA:Chamada1|lpm_divide:Div0|lpm_divide_hkm:auto_generated|sign_div_unsign_bnh:divider                                             ; sign_div_unsign_bnh    ; work         ;
;                |alt_u_div_8af:divider|    ; 1105 (1104) ; 0 (0)                     ; 0 (0)         ; 0           ; 0    ; 0            ; 0       ; 0         ; 0    ; 0            ; 1105 (1104)  ; 0 (0)             ; 0 (0)            ; |UnidadedeProcessamento|ULA:Chamada1|lpm_divide:Div0|lpm_divide_hkm:auto_generated|sign_div_unsign_bnh:divider|alt_u_div_8af:divider                       ; alt_u_div_8af          ; work         ;
;                   |add_sub_8pc:add_sub_1| ; 1 (1)       ; 0 (0)                     ; 0 (0)         ; 0           ; 0    ; 0            ; 0       ; 0         ; 0    ; 0            ; 1 (1)        ; 0 (0)             ; 0 (0)            ; |UnidadedeProcessamento|ULA:Chamada1|lpm_divide:Div0|lpm_divide_hkm:auto_generated|sign_div_unsign_bnh:divider|alt_u_div_8af:divider|add_sub_8pc:add_sub_1 ; add_sub_8pc            ; work         ;
;       |lpm_mult:Mult0|                    ; 28 (0)      ; 0 (0)                     ; 0 (0)         ; 0           ; 0    ; 6            ; 0       ; 3         ; 0    ; 0            ; 28 (0)       ; 0 (0)             ; 0 (0)            ; |UnidadedeProcessamento|ULA:Chamada1|lpm_mult:Mult0                                                                                                        ; lpm_mult               ; work         ;
;          |mult_7dt:auto_generated|        ; 28 (28)     ; 0 (0)                     ; 0 (0)         ; 0           ; 0    ; 6            ; 0       ; 3         ; 0    ; 0            ; 28 (28)      ; 0 (0)             ; 0 (0)            ; |UnidadedeProcessamento|ULA:Chamada1|lpm_mult:Mult0|mult_7dt:auto_generated                                                                                ; mult_7dt               ; work         ;
;    |UnidadedeControle:Chamada6|           ; 43 (43)     ; 0 (0)                     ; 0 (0)         ; 0           ; 0    ; 0            ; 0       ; 0         ; 0    ; 0            ; 43 (43)      ; 0 (0)             ; 0 (0)            ; |UnidadedeProcessamento|UnidadedeControle:Chamada6                                                                                                         ; UnidadedeControle      ; work         ;
;    |UnidadedeControleULA:Chamada8|        ; 25 (25)     ; 0 (0)                     ; 0 (0)         ; 0           ; 0    ; 0            ; 0       ; 0         ; 0    ; 0            ; 25 (25)      ; 0 (0)             ; 0 (0)            ; |UnidadedeProcessamento|UnidadedeControleULA:Chamada8                                                                                                      ; UnidadedeControleULA   ; work         ;
+-------------------------------------------+-------------+---------------------------+---------------+-------------+------+--------------+---------+-----------+------+--------------+--------------+-------------------+------------------+------------------------------------------------------------------------------------------------------------------------------------------------------------+------------------------+--------------+
Note: For table entries with two numbers listed, the numbers in parentheses indicate the number of resources of the given type used by the specific entity alone. The numbers listed outside of parentheses indicate the total resources of the given type used by the specific entity and all of its sub-entities in the hierarchy.


+---------------------------------------------------------------------------------------------------+
; Delay Chain Summary                                                                               ;
+-------------------+----------+---------------+---------------+-----------------------+-----+------+
; Name              ; Pin Type ; Pad to Core 0 ; Pad to Core 1 ; Pad to Input Register ; TCO ; TCOE ;
+-------------------+----------+---------------+---------------+-----------------------+-----+------+
; Display1[0]       ; Output   ; --            ; --            ; --                    ; --  ; --   ;
; Display1[1]       ; Output   ; --            ; --            ; --                    ; --  ; --   ;
; Display1[2]       ; Output   ; --            ; --            ; --                    ; --  ; --   ;
; Display1[3]       ; Output   ; --            ; --            ; --                    ; --  ; --   ;
; Display1[4]       ; Output   ; --            ; --            ; --                    ; --  ; --   ;
; Display1[5]       ; Output   ; --            ; --            ; --                    ; --  ; --   ;
; Display1[6]       ; Output   ; --            ; --            ; --                    ; --  ; --   ;
; Display2[0]       ; Output   ; --            ; --            ; --                    ; --  ; --   ;
; Display2[1]       ; Output   ; --            ; --            ; --                    ; --  ; --   ;
; Display2[2]       ; Output   ; --            ; --            ; --                    ; --  ; --   ;
; Display2[3]       ; Output   ; --            ; --            ; --                    ; --  ; --   ;
; Display2[4]       ; Output   ; --            ; --            ; --                    ; --  ; --   ;
; Display2[5]       ; Output   ; --            ; --            ; --                    ; --  ; --   ;
; Display2[6]       ; Output   ; --            ; --            ; --                    ; --  ; --   ;
; Display3[0]       ; Output   ; --            ; --            ; --                    ; --  ; --   ;
; Display3[1]       ; Output   ; --            ; --            ; --                    ; --  ; --   ;
; Display3[2]       ; Output   ; --            ; --            ; --                    ; --  ; --   ;
; Display3[3]       ; Output   ; --            ; --            ; --                    ; --  ; --   ;
; Display3[4]       ; Output   ; --            ; --            ; --                    ; --  ; --   ;
; Display3[5]       ; Output   ; --            ; --            ; --                    ; --  ; --   ;
; Display3[6]       ; Output   ; --            ; --            ; --                    ; --  ; --   ;
; Display4[0]       ; Output   ; --            ; --            ; --                    ; --  ; --   ;
; Display4[1]       ; Output   ; --            ; --            ; --                    ; --  ; --   ;
; Display4[2]       ; Output   ; --            ; --            ; --                    ; --  ; --   ;
; Display4[3]       ; Output   ; --            ; --            ; --                    ; --  ; --   ;
; Display4[4]       ; Output   ; --            ; --            ; --                    ; --  ; --   ;
; Display4[5]       ; Output   ; --            ; --            ; --                    ; --  ; --   ;
; Display4[6]       ; Output   ; --            ; --            ; --                    ; --  ; --   ;
; led               ; Output   ; --            ; --            ; --                    ; --  ; --   ;
; zero              ; Output   ; --            ; --            ; --                    ; --  ; --   ;
; Interruptores[1]  ; Input    ; (6) 1314 ps   ; --            ; --                    ; --  ; --   ;
; Interruptores[0]  ; Input    ; (6) 1314 ps   ; --            ; --                    ; --  ; --   ;
; Interruptores[2]  ; Input    ; (6) 1314 ps   ; --            ; --                    ; --  ; --   ;
; Interruptores[3]  ; Input    ; --            ; (6) 1314 ps   ; --                    ; --  ; --   ;
; Interruptores[4]  ; Input    ; (6) 1314 ps   ; --            ; --                    ; --  ; --   ;
; Interruptores[5]  ; Input    ; (6) 1314 ps   ; --            ; --                    ; --  ; --   ;
; Interruptores[8]  ; Input    ; (6) 1314 ps   ; --            ; --                    ; --  ; --   ;
; Interruptores[7]  ; Input    ; (6) 1314 ps   ; --            ; --                    ; --  ; --   ;
; Interruptores[6]  ; Input    ; --            ; (6) 1314 ps   ; --                    ; --  ; --   ;
; Interruptores[15] ; Input    ; (6) 1314 ps   ; --            ; --                    ; --  ; --   ;
; Interruptores[14] ; Input    ; (6) 1314 ps   ; --            ; --                    ; --  ; --   ;
; Interruptores[11] ; Input    ; --            ; (6) 1314 ps   ; --                    ; --  ; --   ;
; Interruptores[12] ; Input    ; (6) 1314 ps   ; --            ; --                    ; --  ; --   ;
; Interruptores[13] ; Input    ; (6) 1314 ps   ; --            ; --                    ; --  ; --   ;
; Interruptores[9]  ; Input    ; --            ; (6) 1314 ps   ; --                    ; --  ; --   ;
; Interruptores[10] ; Input    ; --            ; (6) 1314 ps   ; --                    ; --  ; --   ;
; clock             ; Input    ; (0) 0 ps      ; --            ; --                    ; --  ; --   ;
+-------------------+----------+---------------+---------------+-----------------------+-----+------+


+------------------------------------------------------------------------------+
; Pad To Core Delay Chain Fanout                                               ;
+------------------------------------------------+-------------------+---------+
; Source Pin / Fanout                            ; Pad To Core Index ; Setting ;
+------------------------------------------------+-------------------+---------+
; Interruptores[1]                               ;                   ;         ;
;      - MuxALUSRC:Chamada13|Saida_AluSrc[1]~0   ; 0                 ; 6       ;
; Interruptores[0]                               ;                   ;         ;
;      - MuxALUSRC:Chamada13|Saida_AluSrc[0]~2   ; 0                 ; 6       ;
; Interruptores[2]                               ;                   ;         ;
;      - MuxALUSRC:Chamada13|Saida_AluSrc[2]~4   ; 0                 ; 6       ;
; Interruptores[3]                               ;                   ;         ;
;      - MuxALUSRC:Chamada13|Saida_AluSrc[3]~6   ; 1                 ; 6       ;
; Interruptores[4]                               ;                   ;         ;
;      - MuxALUSRC:Chamada13|Saida_AluSrc[4]~9   ; 0                 ; 6       ;
; Interruptores[5]                               ;                   ;         ;
;      - MuxALUSRC:Chamada13|Saida_AluSrc[5]~25  ; 0                 ; 6       ;
; Interruptores[8]                               ;                   ;         ;
;      - MuxALUSRC:Chamada13|Saida_AluSrc[8]~27  ; 0                 ; 6       ;
; Interruptores[7]                               ;                   ;         ;
;      - MuxALUSRC:Chamada13|Saida_AluSrc[7]~29  ; 0                 ; 6       ;
; Interruptores[6]                               ;                   ;         ;
;      - MuxALUSRC:Chamada13|Saida_AluSrc[6]~31  ; 1                 ; 6       ;
; Interruptores[15]                              ;                   ;         ;
;      - MuxALUSRC:Chamada13|Saida_AluSrc[15]~33 ; 0                 ; 6       ;
; Interruptores[14]                              ;                   ;         ;
;      - MuxALUSRC:Chamada13|Saida_AluSrc[14]~34 ; 0                 ; 6       ;
; Interruptores[11]                              ;                   ;         ;
;      - MuxALUSRC:Chamada13|Saida_AluSrc[11]~36 ; 1                 ; 6       ;
; Interruptores[12]                              ;                   ;         ;
;      - MuxALUSRC:Chamada13|Saida_AluSrc[12]~38 ; 0                 ; 6       ;
; Interruptores[13]                              ;                   ;         ;
;      - MuxALUSRC:Chamada13|Saida_AluSrc[13]~40 ; 0                 ; 6       ;
; Interruptores[9]                               ;                   ;         ;
;      - MuxALUSRC:Chamada13|Saida_AluSrc[9]~42  ; 1                 ; 6       ;
; Interruptores[10]                              ;                   ;         ;
;      - MuxALUSRC:Chamada13|Saida_AluSrc[10]~44 ; 1                 ; 6       ;
; clock                                          ;                   ;         ;
+------------------------------------------------+-------------------+---------+


+-----------------------------------------------------------------------------------------------------------------------------------------------------------------------------------------------+
; Control Signals                                                                                                                                                                               ;
+----------------------------------------------------+--------------------+---------+----------------------------+--------+----------------------+------------------+---------------------------+
; Name                                               ; Location           ; Fan-Out ; Usage                      ; Global ; Global Resource Used ; Global Line Name ; Enable Signal Source Name ;
+----------------------------------------------------+--------------------+---------+----------------------------+--------+----------------------+------------------+---------------------------+
; BancodeRegistradores:Chamada2|Decoder0~11          ; LCCOMB_X56_Y29_N16 ; 32      ; Clock enable               ; no     ; --                   ; --               ; --                        ;
; BancodeRegistradores:Chamada2|Decoder0~14          ; LCCOMB_X56_Y29_N2  ; 32      ; Clock enable               ; no     ; --                   ; --               ; --                        ;
; BancodeRegistradores:Chamada2|Decoder0~15          ; LCCOMB_X56_Y29_N12 ; 32      ; Clock enable               ; no     ; --                   ; --               ; --                        ;
; BancodeRegistradores:Chamada2|Decoder0~16          ; LCCOMB_X56_Y29_N14 ; 32      ; Clock enable               ; no     ; --                   ; --               ; --                        ;
; BancodeRegistradores:Chamada2|Decoder0~17          ; LCCOMB_X59_Y30_N16 ; 32      ; Clock enable               ; no     ; --                   ; --               ; --                        ;
; BancodeRegistradores:Chamada2|Decoder0~19          ; LCCOMB_X59_Y30_N2  ; 32      ; Clock enable               ; no     ; --                   ; --               ; --                        ;
; BancodeRegistradores:Chamada2|Decoder0~20          ; LCCOMB_X56_Y29_N8  ; 32      ; Clock enable               ; no     ; --                   ; --               ; --                        ;
; BancodeRegistradores:Chamada2|Decoder0~21          ; LCCOMB_X59_Y30_N20 ; 32      ; Clock enable               ; no     ; --                   ; --               ; --                        ;
; BancodeRegistradores:Chamada2|Decoder0~22          ; LCCOMB_X61_Y28_N6  ; 32      ; Clock enable               ; no     ; --                   ; --               ; --                        ;
; BancodeRegistradores:Chamada2|Decoder0~23          ; LCCOMB_X55_Y30_N28 ; 32      ; Clock enable               ; no     ; --                   ; --               ; --                        ;
; BancodeRegistradores:Chamada2|Decoder0~24          ; LCCOMB_X56_Y29_N10 ; 32      ; Clock enable               ; no     ; --                   ; --               ; --                        ;
; BancodeRegistradores:Chamada2|Decoder0~25          ; LCCOMB_X59_Y30_N30 ; 32      ; Clock enable               ; no     ; --                   ; --               ; --                        ;
; BancodeRegistradores:Chamada2|Decoder0~26          ; LCCOMB_X56_Y29_N20 ; 32      ; Clock enable               ; no     ; --                   ; --               ; --                        ;
; BancodeRegistradores:Chamada2|Decoder0~27          ; LCCOMB_X56_Y29_N30 ; 32      ; Clock enable               ; no     ; --                   ; --               ; --                        ;
; BancodeRegistradores:Chamada2|Decoder0~28          ; LCCOMB_X56_Y30_N28 ; 32      ; Clock enable               ; no     ; --                   ; --               ; --                        ;
; BancodeRegistradores:Chamada2|Decoder0~30          ; LCCOMB_X56_Y29_N0  ; 32      ; Clock enable               ; no     ; --                   ; --               ; --                        ;
; BancodeRegistradores:Chamada2|Decoder0~32          ; LCCOMB_X59_Y30_N24 ; 32      ; Clock enable               ; no     ; --                   ; --               ; --                        ;
; BancodeRegistradores:Chamada2|Decoder0~33          ; LCCOMB_X55_Y30_N18 ; 32      ; Clock enable               ; no     ; --                   ; --               ; --                        ;
; BancodeRegistradores:Chamada2|Decoder0~34          ; LCCOMB_X56_Y29_N26 ; 32      ; Clock enable               ; no     ; --                   ; --               ; --                        ;
; BancodeRegistradores:Chamada2|Decoder0~36          ; LCCOMB_X59_Y30_N10 ; 32      ; Clock enable               ; no     ; --                   ; --               ; --                        ;
; BancodeRegistradores:Chamada2|Decoder0~37          ; LCCOMB_X56_Y29_N4  ; 32      ; Clock enable               ; no     ; --                   ; --               ; --                        ;
; BancodeRegistradores:Chamada2|Decoder0~39          ; LCCOMB_X58_Y30_N4  ; 32      ; Clock enable               ; no     ; --                   ; --               ; --                        ;
; BancodeRegistradores:Chamada2|Decoder0~41          ; LCCOMB_X56_Y29_N18 ; 32      ; Clock enable               ; no     ; --                   ; --               ; --                        ;
; BancodeRegistradores:Chamada2|Decoder0~42          ; LCCOMB_X59_Y30_N14 ; 32      ; Clock enable               ; no     ; --                   ; --               ; --                        ;
; BancodeRegistradores:Chamada2|Decoder0~43          ; LCCOMB_X56_Y29_N22 ; 32      ; Clock enable               ; no     ; --                   ; --               ; --                        ;
; BancodeRegistradores:Chamada2|Decoder0~44          ; LCCOMB_X59_Y30_N0  ; 32      ; Clock enable               ; no     ; --                   ; --               ; --                        ;
; BancodeRegistradores:Chamada2|Decoder0~45          ; LCCOMB_X58_Y30_N14 ; 32      ; Clock enable               ; no     ; --                   ; --               ; --                        ;
; BancodeRegistradores:Chamada2|registers[1][29]~178 ; LCCOMB_X58_Y34_N10 ; 32      ; Clock enable               ; no     ; --                   ; --               ; --                        ;
; BancodeRegistradores:Chamada2|registers[2][22]~179 ; LCCOMB_X63_Y30_N22 ; 32      ; Clock enable               ; no     ; --                   ; --               ; --                        ;
; BancodeRegistradores:Chamada2|registers[3][4]~181  ; LCCOMB_X63_Y34_N18 ; 32      ; Clock enable               ; no     ; --                   ; --               ; --                        ;
; BancodeRegistradores:Chamada2|registers[4][4]~176  ; LCCOMB_X63_Y32_N14 ; 32      ; Clock enable               ; no     ; --                   ; --               ; --                        ;
; Entrada:Chamada11|RegClock                         ; FF_X48_Y25_N27     ; 13      ; Clock                      ; no     ; --                   ; --               ; --                        ;
; Entrada:Chamada11|RegClock                         ; FF_X48_Y25_N27     ; 1015    ; Clock                      ; yes    ; Global Clock         ; GCLK11           ; --                        ;
; MultiplexadorJumpReg:MuxJumpReg|always0~0          ; LCCOMB_X50_Y31_N8  ; 10      ; Sync. load                 ; no     ; --                   ; --               ; --                        ;
; Out:Chamada12|contador1[0]                         ; FF_X57_Y35_N31     ; 17      ; Sync. clear, Sync. load    ; no     ; --                   ; --               ; --                        ;
; Out:Chamada12|saidaDisplay1[2]~0                   ; LCCOMB_X57_Y35_N24 ; 16      ; Clock enable               ; no     ; --                   ; --               ; --                        ;
; PCFunctHabilitaHalt                                ; LCCOMB_X48_Y30_N30 ; 10      ; Clock enable               ; no     ; --                   ; --               ; --                        ;
; ULA:Chamada1|Mux64~1                               ; LCCOMB_X49_Y31_N4  ; 32      ; Latch enable               ; yes    ; Global Clock         ; GCLK15           ; --                        ;
; UnidadedeControle:Chamada6|WideOr4~1               ; LCCOMB_X50_Y28_N26 ; 4       ; Latch enable               ; no     ; --                   ; --               ; --                        ;
; UnidadedeControle:Chamada6|WideOr4~1               ; LCCOMB_X50_Y28_N26 ; 13      ; Latch enable               ; yes    ; Global Clock         ; GCLK19           ; --                        ;
; UnidadedeControle:Chamada6|auxMemWrite             ; LCCOMB_X50_Y28_N0  ; 5       ; Clock enable, Write enable ; no     ; --                   ; --               ; --                        ;
; UnidadedeControle:Chamada6|auxMemtoReg             ; LCCOMB_X50_Y28_N12 ; 103     ; Clock enable               ; no     ; --                   ; --               ; --                        ;
; UnidadedeControleULA:Chamada8|Mux11~1              ; LCCOMB_X49_Y30_N0  ; 4       ; Latch enable               ; no     ; --                   ; --               ; --                        ;
; UnidadedeControleULA:Chamada8|Mux11~1              ; LCCOMB_X49_Y30_N0  ; 3       ; Latch enable               ; yes    ; Global Clock         ; GCLK16           ; --                        ;
; clock                                              ; PIN_Y2             ; 29      ; Clock                      ; yes    ; Global Clock         ; GCLK4            ; --                        ;
; clock                                              ; PIN_Y2             ; 2       ; Clock                      ; no     ; --                   ; --               ; --                        ;
+----------------------------------------------------+--------------------+---------+----------------------------+--------+----------------------+------------------+---------------------------+


+-----------------------------------------------------------------------------------------------------------------------------------------------------------------------------------+
; Global & Other Fast Signals                                                                                                                                                       ;
+---------------------------------------+--------------------+---------+--------------------------------------+----------------------+------------------+---------------------------+
; Name                                  ; Location           ; Fan-Out ; Fan-Out Using Intentional Clock Skew ; Global Resource Used ; Global Line Name ; Enable Signal Source Name ;
+---------------------------------------+--------------------+---------+--------------------------------------+----------------------+------------------+---------------------------+
; Entrada:Chamada11|RegClock            ; FF_X48_Y25_N27     ; 1015    ; 0                                    ; Global Clock         ; GCLK11           ; --                        ;
; ULA:Chamada1|Mux64~1                  ; LCCOMB_X49_Y31_N4  ; 32      ; 0                                    ; Global Clock         ; GCLK15           ; --                        ;
; UnidadedeControle:Chamada6|WideOr4~1  ; LCCOMB_X50_Y28_N26 ; 13      ; 0                                    ; Global Clock         ; GCLK19           ; --                        ;
; UnidadedeControleULA:Chamada8|Mux11~1 ; LCCOMB_X49_Y30_N0  ; 3       ; 0                                    ; Global Clock         ; GCLK16           ; --                        ;
; clock                                 ; PIN_Y2             ; 29      ; 0                                    ; Global Clock         ; GCLK4            ; --                        ;
+---------------------------------------+--------------------+---------+--------------------------------------+----------------------+------------------+---------------------------+


+------------------------------------------------------------------------------------------------------------------------------------------------------------------------------------------------------------------------------------------------------------------------------------------------------------------------------------------------------------------------------------------------------------------------------------------------------------------------------------------------------------------------------------------------------------------------------------------------------------------------------------------------------------------------+
; Fitter RAM Summary                                                                                                                                                                                                                                                                                                                                                                                                                                                                                                                                                                                                                                                     ;
+-------------------------------------------------------------------------------------------+------+------------------+--------------+--------------+--------------+--------------+--------------+------------------------+-------------------------+------------------------+-------------------------+-------+-----------------------------+-----------------------------+-----------------------------+-----------------------------+---------------------+------+------+----------------------------------------------------------------+----------------------+------------------------+------------------------+----------+------------------------+---------------+
; Name                                                                                      ; Type ; Mode             ; Clock Mode   ; Port A Depth ; Port A Width ; Port B Depth ; Port B Width ; Port A Input Registers ; Port A Output Registers ; Port B Input Registers ; Port B Output Registers ; Size  ; Implementation Port A Depth ; Implementation Port A Width ; Implementation Port B Depth ; Implementation Port B Width ; Implementation Bits ; M9Ks ; MIF  ; Location                                                       ; Mixed Width RDW Mode ; Port A RDW Mode        ; Port B RDW Mode        ; ECC Mode ; ECC Pipeline Registers ; Fits in MLABs ;
+-------------------------------------------------------------------------------------------+------+------------------+--------------+--------------+--------------+--------------+--------------+------------------------+-------------------------+------------------------+-------------------------+-------+-----------------------------+-----------------------------+-----------------------------+-----------------------------+---------------------+------+------+----------------------------------------------------------------+----------------------+------------------------+------------------------+----------+------------------------+---------------+
; MemoriadeDadosRAM:Chamada7|altsyncram:ram_rtl_0|altsyncram_02e1:auto_generated|ALTSYNCRAM ; AUTO ; Simple Dual Port ; Single Clock ; 1024         ; 32           ; 1024         ; 32           ; yes                    ; no                      ; yes                    ; no                      ; 32768 ; 1024                        ; 32                          ; 1024                        ; 32                          ; 32768               ; 4    ; None ; M9K_X64_Y32_N0, M9K_X51_Y34_N0, M9K_X51_Y33_N0, M9K_X51_Y32_N0 ; Don't care           ; New data with NBE Read ; New data with NBE Read ; Off      ; No                     ; No - Unknown  ;
+-------------------------------------------------------------------------------------------+------+------------------+--------------+--------------+--------------+--------------+--------------+------------------------+-------------------------+------------------------+-------------------------+-------+-----------------------------+-----------------------------+-----------------------------+-----------------------------+---------------------+------+------+----------------------------------------------------------------+----------------------+------------------------+------------------------+----------+------------------------+---------------+
Note: Fitter may spread logical memories into multiple blocks to improve timing. The actual required RAM blocks can be found in the Fitter Resource Usage section.


+-----------------------------------------------------------------------------------------------+
; Fitter DSP Block Usage Summary                                                                ;
+---------------------------------------+-------------+---------------------+-------------------+
; Statistic                             ; Number Used ; Available per Block ; Maximum Available ;
+---------------------------------------+-------------+---------------------+-------------------+
; Simple Multipliers (9-bit)            ; 0           ; 2                   ; 532               ;
; Simple Multipliers (18-bit)           ; 3           ; 1                   ; 266               ;
; Embedded Multiplier Blocks            ; 3           ; --                  ; 266               ;
; Embedded Multiplier 9-bit elements    ; 6           ; 2                   ; 532               ;
; Signed Embedded Multipliers           ; 0           ; --                  ; --                ;
; Unsigned Embedded Multipliers         ; 3           ; --                  ; --                ;
; Mixed Sign Embedded Multipliers       ; 0           ; --                  ; --                ;
; Variable Sign Embedded Multipliers    ; 0           ; --                  ; --                ;
; Dedicated Input Shift Register Chains ; 0           ; --                  ; --                ;
+---------------------------------------+-------------+---------------------+-------------------+


+-----------------------------------------------------------------------------------------------------------------------------------------------------------------------------------------------------------------------------------------------------------------+
; DSP Block Details                                                                                                                                                                                                                                               ;
+------------------------------------------------------------------+----------------------------+--------------------+---------------------+--------------------------------+-----------------------+-----------------------+-------------------+-----------------+
; Name                                                             ; Mode                       ; Location           ; Sign Representation ; Has Input Shift Register Chain ; Data A Input Register ; Data B Input Register ; Pipeline Register ; Output Register ;
+------------------------------------------------------------------+----------------------------+--------------------+---------------------+--------------------------------+-----------------------+-----------------------+-------------------+-----------------+
; ULA:Chamada1|lpm_mult:Mult0|mult_7dt:auto_generated|mac_out4     ; Simple Multiplier (18-bit) ; DSPOUT_X44_Y33_N2  ;                     ; No                             ;                       ;                       ;                   ; no              ;
;    ULA:Chamada1|lpm_mult:Mult0|mult_7dt:auto_generated|mac_mult3 ;                            ; DSPMULT_X44_Y33_N0 ; Unsigned            ;                                ; no                    ; no                    ; no                ;                 ;
; ULA:Chamada1|lpm_mult:Mult0|mult_7dt:auto_generated|mac_out6     ; Simple Multiplier (18-bit) ; DSPOUT_X44_Y34_N2  ;                     ; No                             ;                       ;                       ;                   ; no              ;
;    ULA:Chamada1|lpm_mult:Mult0|mult_7dt:auto_generated|mac_mult5 ;                            ; DSPMULT_X44_Y34_N0 ; Unsigned            ;                                ; no                    ; no                    ; no                ;                 ;
; ULA:Chamada1|lpm_mult:Mult0|mult_7dt:auto_generated|w513w[0]     ; Simple Multiplier (18-bit) ; DSPOUT_X44_Y32_N2  ;                     ; No                             ;                       ;                       ;                   ; no              ;
;    ULA:Chamada1|lpm_mult:Mult0|mult_7dt:auto_generated|mac_mult1 ;                            ; DSPMULT_X44_Y32_N0 ; Unsigned            ;                                ; no                    ; no                    ; no                ;                 ;
+------------------------------------------------------------------+----------------------------+--------------------+---------------------+--------------------------------+-----------------------+-----------------------+-------------------+-----------------+


+---------------------------------------------------+
; Routing Usage Summary                             ;
+-----------------------+---------------------------+
; Routing Resource Type ; Usage                     ;
+-----------------------+---------------------------+
; Block interconnects   ; 10,024 / 342,891 ( 3 % )  ;
; C16 interconnects     ; 122 / 10,120 ( 1 % )      ;
; C4 interconnects      ; 5,519 / 209,544 ( 3 % )   ;
; Direct links          ; 1,409 / 342,891 ( < 1 % ) ;
; Global clocks         ; 5 / 20 ( 25 % )           ;
; Local interconnects   ; 2,947 / 119,088 ( 2 % )   ;
; R24 interconnects     ; 190 / 9,963 ( 2 % )       ;
; R4 interconnects      ; 6,406 / 289,782 ( 2 % )   ;
+-----------------------+---------------------------+


+-----------------------------------------------------------------------------+
; LAB Logic Elements                                                          ;
+---------------------------------------------+-------------------------------+
; Number of Logic Elements  (Average = 12.81) ; Number of LABs  (Total = 540) ;
+---------------------------------------------+-------------------------------+
; 1                                           ; 55                            ;
; 2                                           ; 14                            ;
; 3                                           ; 7                             ;
; 4                                           ; 5                             ;
; 5                                           ; 6                             ;
; 6                                           ; 6                             ;
; 7                                           ; 2                             ;
; 8                                           ; 2                             ;
; 9                                           ; 3                             ;
; 10                                          ; 12                            ;
; 11                                          ; 9                             ;
; 12                                          ; 15                            ;
; 13                                          ; 26                            ;
; 14                                          ; 32                            ;
; 15                                          ; 48                            ;
; 16                                          ; 298                           ;
+---------------------------------------------+-------------------------------+


+--------------------------------------------------------------------+
; LAB-wide Signals                                                   ;
+------------------------------------+-------------------------------+
; LAB-wide Signals  (Average = 0.49) ; Number of LABs  (Total = 540) ;
+------------------------------------+-------------------------------+
; 1 Clock                            ; 133                           ;
; 1 Clock enable                     ; 20                            ;
; 1 Sync. clear                      ; 2                             ;
; 1 Sync. load                       ; 7                             ;
; 2 Clock enables                    ; 104                           ;
+------------------------------------+-------------------------------+


+------------------------------------------------------------------------------+
; LAB Signals Sourced                                                          ;
+----------------------------------------------+-------------------------------+
; Number of Signals Sourced  (Average = 13.98) ; Number of LABs  (Total = 540) ;
+----------------------------------------------+-------------------------------+
; 0                                            ; 56                            ;
; 1                                            ; 20                            ;
; 2                                            ; 12                            ;
; 3                                            ; 6                             ;
; 4                                            ; 4                             ;
; 5                                            ; 2                             ;
; 6                                            ; 5                             ;
; 7                                            ; 6                             ;
; 8                                            ; 2                             ;
; 9                                            ; 4                             ;
; 10                                           ; 4                             ;
; 11                                           ; 8                             ;
; 12                                           ; 7                             ;
; 13                                           ; 18                            ;
; 14                                           ; 33                            ;
; 15                                           ; 107                           ;
; 16                                           ; 148                           ;
; 17                                           ; 8                             ;
; 18                                           ; 7                             ;
; 19                                           ; 7                             ;
; 20                                           ; 4                             ;
; 21                                           ; 7                             ;
; 22                                           ; 4                             ;
; 23                                           ; 4                             ;
; 24                                           ; 7                             ;
; 25                                           ; 1                             ;
; 26                                           ; 5                             ;
; 27                                           ; 6                             ;
; 28                                           ; 5                             ;
; 29                                           ; 5                             ;
; 30                                           ; 4                             ;
; 31                                           ; 3                             ;
; 32                                           ; 21                            ;
+----------------------------------------------+-------------------------------+


+---------------------------------------------------------------------------------+
; LAB Signals Sourced Out                                                         ;
+-------------------------------------------------+-------------------------------+
; Number of Signals Sourced Out  (Average = 8.91) ; Number of LABs  (Total = 540) ;
+-------------------------------------------------+-------------------------------+
; 0                                               ; 56                            ;
; 1                                               ; 27                            ;
; 2                                               ; 14                            ;
; 3                                               ; 20                            ;
; 4                                               ; 18                            ;
; 5                                               ; 24                            ;
; 6                                               ; 25                            ;
; 7                                               ; 25                            ;
; 8                                               ; 35                            ;
; 9                                               ; 28                            ;
; 10                                              ; 40                            ;
; 11                                              ; 50                            ;
; 12                                              ; 33                            ;
; 13                                              ; 27                            ;
; 14                                              ; 26                            ;
; 15                                              ; 11                            ;
; 16                                              ; 54                            ;
; 17                                              ; 4                             ;
; 18                                              ; 5                             ;
; 19                                              ; 3                             ;
; 20                                              ; 4                             ;
; 21                                              ; 0                             ;
; 22                                              ; 3                             ;
; 23                                              ; 1                             ;
; 24                                              ; 5                             ;
; 25                                              ; 0                             ;
; 26                                              ; 1                             ;
; 27                                              ; 1                             ;
+-------------------------------------------------+-------------------------------+


+------------------------------------------------------------------------------+
; LAB Distinct Inputs                                                          ;
+----------------------------------------------+-------------------------------+
; Number of Distinct Inputs  (Average = 17.06) ; Number of LABs  (Total = 540) ;
+----------------------------------------------+-------------------------------+
; 0                                            ; 0                             ;
; 1                                            ; 17                            ;
; 2                                            ; 17                            ;
; 3                                            ; 4                             ;
; 4                                            ; 12                            ;
; 5                                            ; 3                             ;
; 6                                            ; 11                            ;
; 7                                            ; 12                            ;
; 8                                            ; 23                            ;
; 9                                            ; 24                            ;
; 10                                           ; 19                            ;
; 11                                           ; 19                            ;
; 12                                           ; 19                            ;
; 13                                           ; 10                            ;
; 14                                           ; 23                            ;
; 15                                           ; 23                            ;
; 16                                           ; 12                            ;
; 17                                           ; 32                            ;
; 18                                           ; 14                            ;
; 19                                           ; 16                            ;
; 20                                           ; 17                            ;
; 21                                           ; 7                             ;
; 22                                           ; 13                            ;
; 23                                           ; 23                            ;
; 24                                           ; 16                            ;
; 25                                           ; 12                            ;
; 26                                           ; 8                             ;
; 27                                           ; 10                            ;
; 28                                           ; 16                            ;
; 29                                           ; 10                            ;
; 30                                           ; 19                            ;
; 31                                           ; 10                            ;
; 32                                           ; 20                            ;
; 33                                           ; 11                            ;
; 34                                           ; 8                             ;
; 35                                           ; 7                             ;
; 36                                           ; 3                             ;
; 37                                           ; 3                             ;
+----------------------------------------------+-------------------------------+


+------------------------------------------+
; I/O Rules Summary                        ;
+----------------------------------+-------+
; I/O Rules Statistic              ; Total ;
+----------------------------------+-------+
; Total I/O Rules                  ; 30    ;
; Number of I/O Rules Passed       ; 12    ;
; Number of I/O Rules Failed       ; 0     ;
; Number of I/O Rules Unchecked    ; 0     ;
; Number of I/O Rules Inapplicable ; 18    ;
+----------------------------------+-------+


+-----------------------------------------------------------------------------------------------------------------------------------------------------------------------------------------------------------------------------------------------------------------------------------------------------+
; I/O Rules Details                                                                                                                                                                                                                                                                                   ;
+--------------+-----------+-----------------------------------+------------------------------------------------------------------------------------------------------+----------+--------------------------------------------------------------------------+---------------------+-------------------+
; Status       ; ID        ; Category                          ; Rule Description                                                                                     ; Severity ; Information                                                              ; Area                ; Extra Information ;
+--------------+-----------+-----------------------------------+------------------------------------------------------------------------------------------------------+----------+--------------------------------------------------------------------------+---------------------+-------------------+
; Pass         ; IO_000001 ; Capacity Checks                   ; Number of pins in an I/O bank should not exceed the number of locations available.                   ; Critical ; 0 such failures found.                                                   ; I/O                 ;                   ;
; Inapplicable ; IO_000002 ; Capacity Checks                   ; Number of clocks in an I/O bank should not exceed the number of clocks available.                    ; Critical ; No Global Signal assignments found.                                      ; I/O                 ;                   ;
; Pass         ; IO_000003 ; Capacity Checks                   ; Number of pins in a Vrefgroup should not exceed the number of locations available.                   ; Critical ; 0 such failures found.                                                   ; I/O                 ;                   ;
; Inapplicable ; IO_000004 ; Voltage Compatibility Checks      ; The I/O bank should support the requested VCCIO.                                                     ; Critical ; No IOBANK_VCCIO assignments found.                                       ; I/O                 ;                   ;
; Inapplicable ; IO_000005 ; Voltage Compatibility Checks      ; The I/O bank should not have competing VREF values.                                                  ; Critical ; No VREF I/O Standard assignments found.                                  ; I/O                 ;                   ;
; Pass         ; IO_000006 ; Voltage Compatibility Checks      ; The I/O bank should not have competing VCCIO values.                                                 ; Critical ; 0 such failures found.                                                   ; I/O                 ;                   ;
; Pass         ; IO_000007 ; Valid Location Checks             ; Checks for unavailable locations.                                                                    ; Critical ; 0 such failures found.                                                   ; I/O                 ;                   ;
; Inapplicable ; IO_000008 ; Valid Location Checks             ; Checks for reserved locations.                                                                       ; Critical ; No reserved LogicLock region found.                                      ; I/O                 ;                   ;
; Pass         ; IO_000009 ; I/O Properties Checks for One I/O ; The location should support the requested I/O standard.                                              ; Critical ; 0 such failures found.                                                   ; I/O                 ;                   ;
; Pass         ; IO_000010 ; I/O Properties Checks for One I/O ; The location should support the requested I/O direction.                                             ; Critical ; 0 such failures found.                                                   ; I/O                 ;                   ;
; Inapplicable ; IO_000011 ; I/O Properties Checks for One I/O ; The location should support the requested Current Strength.                                          ; Critical ; No Current Strength assignments found.                                   ; I/O                 ;                   ;
; Pass         ; IO_000012 ; I/O Properties Checks for One I/O ; The location should support the requested On Chip Termination value.                                 ; Critical ; 0 such failures found.                                                   ; I/O                 ;                   ;
; Inapplicable ; IO_000013 ; I/O Properties Checks for One I/O ; The location should support the requested Bus Hold value.                                            ; Critical ; No Enable Bus-Hold Circuitry assignments found.                          ; I/O                 ;                   ;
; Inapplicable ; IO_000014 ; I/O Properties Checks for One I/O ; The location should support the requested Weak Pull Up value.                                        ; Critical ; No Weak Pull-Up Resistor assignments found.                              ; I/O                 ;                   ;
; Pass         ; IO_000015 ; I/O Properties Checks for One I/O ; The location should support the requested PCI Clamp Diode.                                           ; Critical ; 0 such failures found.                                                   ; I/O                 ;                   ;
; Inapplicable ; IO_000018 ; I/O Properties Checks for One I/O ; The I/O standard should support the requested Current Strength.                                      ; Critical ; No Current Strength assignments found.                                   ; I/O                 ;                   ;
; Pass         ; IO_000019 ; I/O Properties Checks for One I/O ; The I/O standard should support the requested On Chip Termination value.                             ; Critical ; 0 such failures found.                                                   ; I/O                 ;                   ;
; Pass         ; IO_000020 ; I/O Properties Checks for One I/O ; The I/O standard should support the requested PCI Clamp Diode.                                       ; Critical ; 0 such failures found.                                                   ; I/O                 ;                   ;
; Inapplicable ; IO_000021 ; I/O Properties Checks for One I/O ; The I/O standard should support the requested Weak Pull Up value.                                    ; Critical ; No Weak Pull-Up Resistor assignments found.                              ; I/O                 ;                   ;
; Inapplicable ; IO_000022 ; I/O Properties Checks for One I/O ; The I/O standard should support the requested Bus Hold value.                                        ; Critical ; No Enable Bus-Hold Circuitry assignments found.                          ; I/O                 ;                   ;
; Inapplicable ; IO_000023 ; I/O Properties Checks for One I/O ; The I/O standard should support the Open Drain value.                                                ; Critical ; No open drain assignments found.                                         ; I/O                 ;                   ;
; Pass         ; IO_000024 ; I/O Properties Checks for One I/O ; The I/O direction should support the On Chip Termination value.                                      ; Critical ; 0 such failures found.                                                   ; I/O                 ;                   ;
; Inapplicable ; IO_000026 ; I/O Properties Checks for One I/O ; On Chip Termination and Current Strength should not be used at the same time.                        ; Critical ; No Current Strength assignments found.                                   ; I/O                 ;                   ;
; Inapplicable ; IO_000027 ; I/O Properties Checks for One I/O ; Weak Pull Up and Bus Hold should not be used at the same time.                                       ; Critical ; No Enable Bus-Hold Circuitry or Weak Pull-Up Resistor assignments found. ; I/O                 ;                   ;
; Inapplicable ; IO_000045 ; I/O Properties Checks for One I/O ; The I/O standard should support the requested Slew Rate value.                                       ; Critical ; No Slew Rate assignments found.                                          ; I/O                 ;                   ;
; Inapplicable ; IO_000046 ; I/O Properties Checks for One I/O ; The location should support the requested Slew Rate value.                                           ; Critical ; No Slew Rate assignments found.                                          ; I/O                 ;                   ;
; Inapplicable ; IO_000047 ; I/O Properties Checks for One I/O ; On Chip Termination and Slew Rate should not be used at the same time.                               ; Critical ; No Slew Rate assignments found.                                          ; I/O                 ;                   ;
; Pass         ; IO_000033 ; Electromigration Checks           ; Current density for consecutive I/Os should not exceed 240mA for row I/Os and 240mA for column I/Os. ; Critical ; 0 such failures found.                                                   ; I/O                 ;                   ;
; Inapplicable ; IO_000034 ; SI Related Distance Checks        ; Single-ended outputs should be 5 LAB row(s) away from a differential I/O.                            ; High     ; No Differential I/O Standard assignments found.                          ; I/O                 ;                   ;
; Inapplicable ; IO_000042 ; SI Related SSO Limit Checks       ; No more than 20 outputs are allowed in a VREF group when VREF is being read from.                    ; High     ; No VREF I/O Standard assignments found.                                  ; I/O                 ;                   ;
; ----         ; ----      ; Disclaimer                        ; OCT rules are checked but not reported.                                                              ; None     ; ----                                                                     ; On Chip Termination ;                   ;
+--------------+-----------+-----------------------------------+------------------------------------------------------------------------------------------------------+----------+--------------------------------------------------------------------------+---------------------+-------------------+


+--------------------------------------------------------------------------------------------------------------------------------------------------------------------------------------------------------------------------------------------------------------------------------------------------------------------------------------------------------------------------------------------------------------------------------------------------------------------------+
; I/O Rules Matrix                                                                                                                                                                                                                                                                                                                                                                                                                                                         ;
+--------------------+--------------+--------------+--------------+--------------+--------------+-----------+--------------+--------------+-----------+-----------+--------------+--------------+--------------+--------------+--------------+--------------+--------------+--------------+--------------+--------------+--------------+--------------+--------------+--------------+--------------+--------------+--------------+-----------+--------------+--------------+
; Pin/Rules          ; IO_000001    ; IO_000002    ; IO_000003    ; IO_000004    ; IO_000005    ; IO_000006 ; IO_000007    ; IO_000008    ; IO_000009 ; IO_000010 ; IO_000011    ; IO_000012    ; IO_000013    ; IO_000014    ; IO_000015    ; IO_000018    ; IO_000019    ; IO_000020    ; IO_000021    ; IO_000022    ; IO_000023    ; IO_000024    ; IO_000026    ; IO_000027    ; IO_000045    ; IO_000046    ; IO_000047    ; IO_000033 ; IO_000034    ; IO_000042    ;
+--------------------+--------------+--------------+--------------+--------------+--------------+-----------+--------------+--------------+-----------+-----------+--------------+--------------+--------------+--------------+--------------+--------------+--------------+--------------+--------------+--------------+--------------+--------------+--------------+--------------+--------------+--------------+--------------+-----------+--------------+--------------+
; Total Pass         ; 46           ; 0            ; 46           ; 0            ; 0            ; 47        ; 46           ; 0            ; 47        ; 47        ; 0            ; 30           ; 0            ; 0            ; 17           ; 0            ; 30           ; 17           ; 0            ; 0            ; 0            ; 30           ; 0            ; 0            ; 0            ; 0            ; 0            ; 47        ; 0            ; 0            ;
; Total Unchecked    ; 0            ; 0            ; 0            ; 0            ; 0            ; 0         ; 0            ; 0            ; 0         ; 0         ; 0            ; 0            ; 0            ; 0            ; 0            ; 0            ; 0            ; 0            ; 0            ; 0            ; 0            ; 0            ; 0            ; 0            ; 0            ; 0            ; 0            ; 0         ; 0            ; 0            ;
; Total Inapplicable ; 1            ; 47           ; 1            ; 47           ; 47           ; 0         ; 1            ; 47           ; 0         ; 0         ; 47           ; 17           ; 47           ; 47           ; 30           ; 47           ; 17           ; 30           ; 47           ; 47           ; 47           ; 17           ; 47           ; 47           ; 47           ; 47           ; 47           ; 0         ; 47           ; 47           ;
; Total Fail         ; 0            ; 0            ; 0            ; 0            ; 0            ; 0         ; 0            ; 0            ; 0         ; 0         ; 0            ; 0            ; 0            ; 0            ; 0            ; 0            ; 0            ; 0            ; 0            ; 0            ; 0            ; 0            ; 0            ; 0            ; 0            ; 0            ; 0            ; 0         ; 0            ; 0            ;
; Display1[0]        ; Pass         ; Inapplicable ; Pass         ; Inapplicable ; Inapplicable ; Pass      ; Pass         ; Inapplicable ; Pass      ; Pass      ; Inapplicable ; Pass         ; Inapplicable ; Inapplicable ; Inapplicable ; Inapplicable ; Pass         ; Inapplicable ; Inapplicable ; Inapplicable ; Inapplicable ; Pass         ; Inapplicable ; Inapplicable ; Inapplicable ; Inapplicable ; Inapplicable ; Pass      ; Inapplicable ; Inapplicable ;
; Display1[1]        ; Pass         ; Inapplicable ; Pass         ; Inapplicable ; Inapplicable ; Pass      ; Pass         ; Inapplicable ; Pass      ; Pass      ; Inapplicable ; Pass         ; Inapplicable ; Inapplicable ; Inapplicable ; Inapplicable ; Pass         ; Inapplicable ; Inapplicable ; Inapplicable ; Inapplicable ; Pass         ; Inapplicable ; Inapplicable ; Inapplicable ; Inapplicable ; Inapplicable ; Pass      ; Inapplicable ; Inapplicable ;
; Display1[2]        ; Pass         ; Inapplicable ; Pass         ; Inapplicable ; Inapplicable ; Pass      ; Pass         ; Inapplicable ; Pass      ; Pass      ; Inapplicable ; Pass         ; Inapplicable ; Inapplicable ; Inapplicable ; Inapplicable ; Pass         ; Inapplicable ; Inapplicable ; Inapplicable ; Inapplicable ; Pass         ; Inapplicable ; Inapplicable ; Inapplicable ; Inapplicable ; Inapplicable ; Pass      ; Inapplicable ; Inapplicable ;
; Display1[3]        ; Pass         ; Inapplicable ; Pass         ; Inapplicable ; Inapplicable ; Pass      ; Pass         ; Inapplicable ; Pass      ; Pass      ; Inapplicable ; Pass         ; Inapplicable ; Inapplicable ; Inapplicable ; Inapplicable ; Pass         ; Inapplicable ; Inapplicable ; Inapplicable ; Inapplicable ; Pass         ; Inapplicable ; Inapplicable ; Inapplicable ; Inapplicable ; Inapplicable ; Pass      ; Inapplicable ; Inapplicable ;
; Display1[4]        ; Pass         ; Inapplicable ; Pass         ; Inapplicable ; Inapplicable ; Pass      ; Pass         ; Inapplicable ; Pass      ; Pass      ; Inapplicable ; Pass         ; Inapplicable ; Inapplicable ; Inapplicable ; Inapplicable ; Pass         ; Inapplicable ; Inapplicable ; Inapplicable ; Inapplicable ; Pass         ; Inapplicable ; Inapplicable ; Inapplicable ; Inapplicable ; Inapplicable ; Pass      ; Inapplicable ; Inapplicable ;
; Display1[5]        ; Pass         ; Inapplicable ; Pass         ; Inapplicable ; Inapplicable ; Pass      ; Pass         ; Inapplicable ; Pass      ; Pass      ; Inapplicable ; Pass         ; Inapplicable ; Inapplicable ; Inapplicable ; Inapplicable ; Pass         ; Inapplicable ; Inapplicable ; Inapplicable ; Inapplicable ; Pass         ; Inapplicable ; Inapplicable ; Inapplicable ; Inapplicable ; Inapplicable ; Pass      ; Inapplicable ; Inapplicable ;
; Display1[6]        ; Pass         ; Inapplicable ; Pass         ; Inapplicable ; Inapplicable ; Pass      ; Pass         ; Inapplicable ; Pass      ; Pass      ; Inapplicable ; Pass         ; Inapplicable ; Inapplicable ; Inapplicable ; Inapplicable ; Pass         ; Inapplicable ; Inapplicable ; Inapplicable ; Inapplicable ; Pass         ; Inapplicable ; Inapplicable ; Inapplicable ; Inapplicable ; Inapplicable ; Pass      ; Inapplicable ; Inapplicable ;
; Display2[0]        ; Pass         ; Inapplicable ; Pass         ; Inapplicable ; Inapplicable ; Pass      ; Pass         ; Inapplicable ; Pass      ; Pass      ; Inapplicable ; Pass         ; Inapplicable ; Inapplicable ; Inapplicable ; Inapplicable ; Pass         ; Inapplicable ; Inapplicable ; Inapplicable ; Inapplicable ; Pass         ; Inapplicable ; Inapplicable ; Inapplicable ; Inapplicable ; Inapplicable ; Pass      ; Inapplicable ; Inapplicable ;
; Display2[1]        ; Pass         ; Inapplicable ; Pass         ; Inapplicable ; Inapplicable ; Pass      ; Pass         ; Inapplicable ; Pass      ; Pass      ; Inapplicable ; Pass         ; Inapplicable ; Inapplicable ; Inapplicable ; Inapplicable ; Pass         ; Inapplicable ; Inapplicable ; Inapplicable ; Inapplicable ; Pass         ; Inapplicable ; Inapplicable ; Inapplicable ; Inapplicable ; Inapplicable ; Pass      ; Inapplicable ; Inapplicable ;
; Display2[2]        ; Pass         ; Inapplicable ; Pass         ; Inapplicable ; Inapplicable ; Pass      ; Pass         ; Inapplicable ; Pass      ; Pass      ; Inapplicable ; Pass         ; Inapplicable ; Inapplicable ; Inapplicable ; Inapplicable ; Pass         ; Inapplicable ; Inapplicable ; Inapplicable ; Inapplicable ; Pass         ; Inapplicable ; Inapplicable ; Inapplicable ; Inapplicable ; Inapplicable ; Pass      ; Inapplicable ; Inapplicable ;
; Display2[3]        ; Pass         ; Inapplicable ; Pass         ; Inapplicable ; Inapplicable ; Pass      ; Pass         ; Inapplicable ; Pass      ; Pass      ; Inapplicable ; Pass         ; Inapplicable ; Inapplicable ; Inapplicable ; Inapplicable ; Pass         ; Inapplicable ; Inapplicable ; Inapplicable ; Inapplicable ; Pass         ; Inapplicable ; Inapplicable ; Inapplicable ; Inapplicable ; Inapplicable ; Pass      ; Inapplicable ; Inapplicable ;
; Display2[4]        ; Pass         ; Inapplicable ; Pass         ; Inapplicable ; Inapplicable ; Pass      ; Pass         ; Inapplicable ; Pass      ; Pass      ; Inapplicable ; Pass         ; Inapplicable ; Inapplicable ; Inapplicable ; Inapplicable ; Pass         ; Inapplicable ; Inapplicable ; Inapplicable ; Inapplicable ; Pass         ; Inapplicable ; Inapplicable ; Inapplicable ; Inapplicable ; Inapplicable ; Pass      ; Inapplicable ; Inapplicable ;
; Display2[5]        ; Pass         ; Inapplicable ; Pass         ; Inapplicable ; Inapplicable ; Pass      ; Pass         ; Inapplicable ; Pass      ; Pass      ; Inapplicable ; Pass         ; Inapplicable ; Inapplicable ; Inapplicable ; Inapplicable ; Pass         ; Inapplicable ; Inapplicable ; Inapplicable ; Inapplicable ; Pass         ; Inapplicable ; Inapplicable ; Inapplicable ; Inapplicable ; Inapplicable ; Pass      ; Inapplicable ; Inapplicable ;
; Display2[6]        ; Pass         ; Inapplicable ; Pass         ; Inapplicable ; Inapplicable ; Pass      ; Pass         ; Inapplicable ; Pass      ; Pass      ; Inapplicable ; Pass         ; Inapplicable ; Inapplicable ; Inapplicable ; Inapplicable ; Pass         ; Inapplicable ; Inapplicable ; Inapplicable ; Inapplicable ; Pass         ; Inapplicable ; Inapplicable ; Inapplicable ; Inapplicable ; Inapplicable ; Pass      ; Inapplicable ; Inapplicable ;
; Display3[0]        ; Pass         ; Inapplicable ; Pass         ; Inapplicable ; Inapplicable ; Pass      ; Pass         ; Inapplicable ; Pass      ; Pass      ; Inapplicable ; Pass         ; Inapplicable ; Inapplicable ; Inapplicable ; Inapplicable ; Pass         ; Inapplicable ; Inapplicable ; Inapplicable ; Inapplicable ; Pass         ; Inapplicable ; Inapplicable ; Inapplicable ; Inapplicable ; Inapplicable ; Pass      ; Inapplicable ; Inapplicable ;
; Display3[1]        ; Pass         ; Inapplicable ; Pass         ; Inapplicable ; Inapplicable ; Pass      ; Pass         ; Inapplicable ; Pass      ; Pass      ; Inapplicable ; Pass         ; Inapplicable ; Inapplicable ; Inapplicable ; Inapplicable ; Pass         ; Inapplicable ; Inapplicable ; Inapplicable ; Inapplicable ; Pass         ; Inapplicable ; Inapplicable ; Inapplicable ; Inapplicable ; Inapplicable ; Pass      ; Inapplicable ; Inapplicable ;
; Display3[2]        ; Pass         ; Inapplicable ; Pass         ; Inapplicable ; Inapplicable ; Pass      ; Pass         ; Inapplicable ; Pass      ; Pass      ; Inapplicable ; Pass         ; Inapplicable ; Inapplicable ; Inapplicable ; Inapplicable ; Pass         ; Inapplicable ; Inapplicable ; Inapplicable ; Inapplicable ; Pass         ; Inapplicable ; Inapplicable ; Inapplicable ; Inapplicable ; Inapplicable ; Pass      ; Inapplicable ; Inapplicable ;
; Display3[3]        ; Pass         ; Inapplicable ; Pass         ; Inapplicable ; Inapplicable ; Pass      ; Pass         ; Inapplicable ; Pass      ; Pass      ; Inapplicable ; Pass         ; Inapplicable ; Inapplicable ; Inapplicable ; Inapplicable ; Pass         ; Inapplicable ; Inapplicable ; Inapplicable ; Inapplicable ; Pass         ; Inapplicable ; Inapplicable ; Inapplicable ; Inapplicable ; Inapplicable ; Pass      ; Inapplicable ; Inapplicable ;
; Display3[4]        ; Pass         ; Inapplicable ; Pass         ; Inapplicable ; Inapplicable ; Pass      ; Pass         ; Inapplicable ; Pass      ; Pass      ; Inapplicable ; Pass         ; Inapplicable ; Inapplicable ; Inapplicable ; Inapplicable ; Pass         ; Inapplicable ; Inapplicable ; Inapplicable ; Inapplicable ; Pass         ; Inapplicable ; Inapplicable ; Inapplicable ; Inapplicable ; Inapplicable ; Pass      ; Inapplicable ; Inapplicable ;
; Display3[5]        ; Pass         ; Inapplicable ; Pass         ; Inapplicable ; Inapplicable ; Pass      ; Pass         ; Inapplicable ; Pass      ; Pass      ; Inapplicable ; Pass         ; Inapplicable ; Inapplicable ; Inapplicable ; Inapplicable ; Pass         ; Inapplicable ; Inapplicable ; Inapplicable ; Inapplicable ; Pass         ; Inapplicable ; Inapplicable ; Inapplicable ; Inapplicable ; Inapplicable ; Pass      ; Inapplicable ; Inapplicable ;
; Display3[6]        ; Pass         ; Inapplicable ; Pass         ; Inapplicable ; Inapplicable ; Pass      ; Pass         ; Inapplicable ; Pass      ; Pass      ; Inapplicable ; Pass         ; Inapplicable ; Inapplicable ; Inapplicable ; Inapplicable ; Pass         ; Inapplicable ; Inapplicable ; Inapplicable ; Inapplicable ; Pass         ; Inapplicable ; Inapplicable ; Inapplicable ; Inapplicable ; Inapplicable ; Pass      ; Inapplicable ; Inapplicable ;
; Display4[0]        ; Pass         ; Inapplicable ; Pass         ; Inapplicable ; Inapplicable ; Pass      ; Pass         ; Inapplicable ; Pass      ; Pass      ; Inapplicable ; Pass         ; Inapplicable ; Inapplicable ; Inapplicable ; Inapplicable ; Pass         ; Inapplicable ; Inapplicable ; Inapplicable ; Inapplicable ; Pass         ; Inapplicable ; Inapplicable ; Inapplicable ; Inapplicable ; Inapplicable ; Pass      ; Inapplicable ; Inapplicable ;
; Display4[1]        ; Pass         ; Inapplicable ; Pass         ; Inapplicable ; Inapplicable ; Pass      ; Pass         ; Inapplicable ; Pass      ; Pass      ; Inapplicable ; Pass         ; Inapplicable ; Inapplicable ; Inapplicable ; Inapplicable ; Pass         ; Inapplicable ; Inapplicable ; Inapplicable ; Inapplicable ; Pass         ; Inapplicable ; Inapplicable ; Inapplicable ; Inapplicable ; Inapplicable ; Pass      ; Inapplicable ; Inapplicable ;
; Display4[2]        ; Pass         ; Inapplicable ; Pass         ; Inapplicable ; Inapplicable ; Pass      ; Pass         ; Inapplicable ; Pass      ; Pass      ; Inapplicable ; Pass         ; Inapplicable ; Inapplicable ; Inapplicable ; Inapplicable ; Pass         ; Inapplicable ; Inapplicable ; Inapplicable ; Inapplicable ; Pass         ; Inapplicable ; Inapplicable ; Inapplicable ; Inapplicable ; Inapplicable ; Pass      ; Inapplicable ; Inapplicable ;
; Display4[3]        ; Pass         ; Inapplicable ; Pass         ; Inapplicable ; Inapplicable ; Pass      ; Pass         ; Inapplicable ; Pass      ; Pass      ; Inapplicable ; Pass         ; Inapplicable ; Inapplicable ; Inapplicable ; Inapplicable ; Pass         ; Inapplicable ; Inapplicable ; Inapplicable ; Inapplicable ; Pass         ; Inapplicable ; Inapplicable ; Inapplicable ; Inapplicable ; Inapplicable ; Pass      ; Inapplicable ; Inapplicable ;
; Display4[4]        ; Pass         ; Inapplicable ; Pass         ; Inapplicable ; Inapplicable ; Pass      ; Pass         ; Inapplicable ; Pass      ; Pass      ; Inapplicable ; Pass         ; Inapplicable ; Inapplicable ; Inapplicable ; Inapplicable ; Pass         ; Inapplicable ; Inapplicable ; Inapplicable ; Inapplicable ; Pass         ; Inapplicable ; Inapplicable ; Inapplicable ; Inapplicable ; Inapplicable ; Pass      ; Inapplicable ; Inapplicable ;
; Display4[5]        ; Pass         ; Inapplicable ; Pass         ; Inapplicable ; Inapplicable ; Pass      ; Pass         ; Inapplicable ; Pass      ; Pass      ; Inapplicable ; Pass         ; Inapplicable ; Inapplicable ; Inapplicable ; Inapplicable ; Pass         ; Inapplicable ; Inapplicable ; Inapplicable ; Inapplicable ; Pass         ; Inapplicable ; Inapplicable ; Inapplicable ; Inapplicable ; Inapplicable ; Pass      ; Inapplicable ; Inapplicable ;
; Display4[6]        ; Pass         ; Inapplicable ; Pass         ; Inapplicable ; Inapplicable ; Pass      ; Pass         ; Inapplicable ; Pass      ; Pass      ; Inapplicable ; Pass         ; Inapplicable ; Inapplicable ; Inapplicable ; Inapplicable ; Pass         ; Inapplicable ; Inapplicable ; Inapplicable ; Inapplicable ; Pass         ; Inapplicable ; Inapplicable ; Inapplicable ; Inapplicable ; Inapplicable ; Pass      ; Inapplicable ; Inapplicable ;
; led                ; Pass         ; Inapplicable ; Pass         ; Inapplicable ; Inapplicable ; Pass      ; Pass         ; Inapplicable ; Pass      ; Pass      ; Inapplicable ; Pass         ; Inapplicable ; Inapplicable ; Inapplicable ; Inapplicable ; Pass         ; Inapplicable ; Inapplicable ; Inapplicable ; Inapplicable ; Pass         ; Inapplicable ; Inapplicable ; Inapplicable ; Inapplicable ; Inapplicable ; Pass      ; Inapplicable ; Inapplicable ;
; zero               ; Inapplicable ; Inapplicable ; Inapplicable ; Inapplicable ; Inapplicable ; Pass      ; Inapplicable ; Inapplicable ; Pass      ; Pass      ; Inapplicable ; Pass         ; Inapplicable ; Inapplicable ; Inapplicable ; Inapplicable ; Pass         ; Inapplicable ; Inapplicable ; Inapplicable ; Inapplicable ; Pass         ; Inapplicable ; Inapplicable ; Inapplicable ; Inapplicable ; Inapplicable ; Pass      ; Inapplicable ; Inapplicable ;
; Interruptores[1]   ; Pass         ; Inapplicable ; Pass         ; Inapplicable ; Inapplicable ; Pass      ; Pass         ; Inapplicable ; Pass      ; Pass      ; Inapplicable ; Inapplicable ; Inapplicable ; Inapplicable ; Pass         ; Inapplicable ; Inapplicable ; Pass         ; Inapplicable ; Inapplicable ; Inapplicable ; Inapplicable ; Inapplicable ; Inapplicable ; Inapplicable ; Inapplicable ; Inapplicable ; Pass      ; Inapplicable ; Inapplicable ;
; Interruptores[0]   ; Pass         ; Inapplicable ; Pass         ; Inapplicable ; Inapplicable ; Pass      ; Pass         ; Inapplicable ; Pass      ; Pass      ; Inapplicable ; Inapplicable ; Inapplicable ; Inapplicable ; Pass         ; Inapplicable ; Inapplicable ; Pass         ; Inapplicable ; Inapplicable ; Inapplicable ; Inapplicable ; Inapplicable ; Inapplicable ; Inapplicable ; Inapplicable ; Inapplicable ; Pass      ; Inapplicable ; Inapplicable ;
; Interruptores[2]   ; Pass         ; Inapplicable ; Pass         ; Inapplicable ; Inapplicable ; Pass      ; Pass         ; Inapplicable ; Pass      ; Pass      ; Inapplicable ; Inapplicable ; Inapplicable ; Inapplicable ; Pass         ; Inapplicable ; Inapplicable ; Pass         ; Inapplicable ; Inapplicable ; Inapplicable ; Inapplicable ; Inapplicable ; Inapplicable ; Inapplicable ; Inapplicable ; Inapplicable ; Pass      ; Inapplicable ; Inapplicable ;
; Interruptores[3]   ; Pass         ; Inapplicable ; Pass         ; Inapplicable ; Inapplicable ; Pass      ; Pass         ; Inapplicable ; Pass      ; Pass      ; Inapplicable ; Inapplicable ; Inapplicable ; Inapplicable ; Pass         ; Inapplicable ; Inapplicable ; Pass         ; Inapplicable ; Inapplicable ; Inapplicable ; Inapplicable ; Inapplicable ; Inapplicable ; Inapplicable ; Inapplicable ; Inapplicable ; Pass      ; Inapplicable ; Inapplicable ;
; Interruptores[4]   ; Pass         ; Inapplicable ; Pass         ; Inapplicable ; Inapplicable ; Pass      ; Pass         ; Inapplicable ; Pass      ; Pass      ; Inapplicable ; Inapplicable ; Inapplicable ; Inapplicable ; Pass         ; Inapplicable ; Inapplicable ; Pass         ; Inapplicable ; Inapplicable ; Inapplicable ; Inapplicable ; Inapplicable ; Inapplicable ; Inapplicable ; Inapplicable ; Inapplicable ; Pass      ; Inapplicable ; Inapplicable ;
; Interruptores[5]   ; Pass         ; Inapplicable ; Pass         ; Inapplicable ; Inapplicable ; Pass      ; Pass         ; Inapplicable ; Pass      ; Pass      ; Inapplicable ; Inapplicable ; Inapplicable ; Inapplicable ; Pass         ; Inapplicable ; Inapplicable ; Pass         ; Inapplicable ; Inapplicable ; Inapplicable ; Inapplicable ; Inapplicable ; Inapplicable ; Inapplicable ; Inapplicable ; Inapplicable ; Pass      ; Inapplicable ; Inapplicable ;
; Interruptores[8]   ; Pass         ; Inapplicable ; Pass         ; Inapplicable ; Inapplicable ; Pass      ; Pass         ; Inapplicable ; Pass      ; Pass      ; Inapplicable ; Inapplicable ; Inapplicable ; Inapplicable ; Pass         ; Inapplicable ; Inapplicable ; Pass         ; Inapplicable ; Inapplicable ; Inapplicable ; Inapplicable ; Inapplicable ; Inapplicable ; Inapplicable ; Inapplicable ; Inapplicable ; Pass      ; Inapplicable ; Inapplicable ;
; Interruptores[7]   ; Pass         ; Inapplicable ; Pass         ; Inapplicable ; Inapplicable ; Pass      ; Pass         ; Inapplicable ; Pass      ; Pass      ; Inapplicable ; Inapplicable ; Inapplicable ; Inapplicable ; Pass         ; Inapplicable ; Inapplicable ; Pass         ; Inapplicable ; Inapplicable ; Inapplicable ; Inapplicable ; Inapplicable ; Inapplicable ; Inapplicable ; Inapplicable ; Inapplicable ; Pass      ; Inapplicable ; Inapplicable ;
; Interruptores[6]   ; Pass         ; Inapplicable ; Pass         ; Inapplicable ; Inapplicable ; Pass      ; Pass         ; Inapplicable ; Pass      ; Pass      ; Inapplicable ; Inapplicable ; Inapplicable ; Inapplicable ; Pass         ; Inapplicable ; Inapplicable ; Pass         ; Inapplicable ; Inapplicable ; Inapplicable ; Inapplicable ; Inapplicable ; Inapplicable ; Inapplicable ; Inapplicable ; Inapplicable ; Pass      ; Inapplicable ; Inapplicable ;
; Interruptores[15]  ; Pass         ; Inapplicable ; Pass         ; Inapplicable ; Inapplicable ; Pass      ; Pass         ; Inapplicable ; Pass      ; Pass      ; Inapplicable ; Inapplicable ; Inapplicable ; Inapplicable ; Pass         ; Inapplicable ; Inapplicable ; Pass         ; Inapplicable ; Inapplicable ; Inapplicable ; Inapplicable ; Inapplicable ; Inapplicable ; Inapplicable ; Inapplicable ; Inapplicable ; Pass      ; Inapplicable ; Inapplicable ;
; Interruptores[14]  ; Pass         ; Inapplicable ; Pass         ; Inapplicable ; Inapplicable ; Pass      ; Pass         ; Inapplicable ; Pass      ; Pass      ; Inapplicable ; Inapplicable ; Inapplicable ; Inapplicable ; Pass         ; Inapplicable ; Inapplicable ; Pass         ; Inapplicable ; Inapplicable ; Inapplicable ; Inapplicable ; Inapplicable ; Inapplicable ; Inapplicable ; Inapplicable ; Inapplicable ; Pass      ; Inapplicable ; Inapplicable ;
; Interruptores[11]  ; Pass         ; Inapplicable ; Pass         ; Inapplicable ; Inapplicable ; Pass      ; Pass         ; Inapplicable ; Pass      ; Pass      ; Inapplicable ; Inapplicable ; Inapplicable ; Inapplicable ; Pass         ; Inapplicable ; Inapplicable ; Pass         ; Inapplicable ; Inapplicable ; Inapplicable ; Inapplicable ; Inapplicable ; Inapplicable ; Inapplicable ; Inapplicable ; Inapplicable ; Pass      ; Inapplicable ; Inapplicable ;
; Interruptores[12]  ; Pass         ; Inapplicable ; Pass         ; Inapplicable ; Inapplicable ; Pass      ; Pass         ; Inapplicable ; Pass      ; Pass      ; Inapplicable ; Inapplicable ; Inapplicable ; Inapplicable ; Pass         ; Inapplicable ; Inapplicable ; Pass         ; Inapplicable ; Inapplicable ; Inapplicable ; Inapplicable ; Inapplicable ; Inapplicable ; Inapplicable ; Inapplicable ; Inapplicable ; Pass      ; Inapplicable ; Inapplicable ;
; Interruptores[13]  ; Pass         ; Inapplicable ; Pass         ; Inapplicable ; Inapplicable ; Pass      ; Pass         ; Inapplicable ; Pass      ; Pass      ; Inapplicable ; Inapplicable ; Inapplicable ; Inapplicable ; Pass         ; Inapplicable ; Inapplicable ; Pass         ; Inapplicable ; Inapplicable ; Inapplicable ; Inapplicable ; Inapplicable ; Inapplicable ; Inapplicable ; Inapplicable ; Inapplicable ; Pass      ; Inapplicable ; Inapplicable ;
; Interruptores[9]   ; Pass         ; Inapplicable ; Pass         ; Inapplicable ; Inapplicable ; Pass      ; Pass         ; Inapplicable ; Pass      ; Pass      ; Inapplicable ; Inapplicable ; Inapplicable ; Inapplicable ; Pass         ; Inapplicable ; Inapplicable ; Pass         ; Inapplicable ; Inapplicable ; Inapplicable ; Inapplicable ; Inapplicable ; Inapplicable ; Inapplicable ; Inapplicable ; Inapplicable ; Pass      ; Inapplicable ; Inapplicable ;
; Interruptores[10]  ; Pass         ; Inapplicable ; Pass         ; Inapplicable ; Inapplicable ; Pass      ; Pass         ; Inapplicable ; Pass      ; Pass      ; Inapplicable ; Inapplicable ; Inapplicable ; Inapplicable ; Pass         ; Inapplicable ; Inapplicable ; Pass         ; Inapplicable ; Inapplicable ; Inapplicable ; Inapplicable ; Inapplicable ; Inapplicable ; Inapplicable ; Inapplicable ; Inapplicable ; Pass      ; Inapplicable ; Inapplicable ;
; clock              ; Pass         ; Inapplicable ; Pass         ; Inapplicable ; Inapplicable ; Pass      ; Pass         ; Inapplicable ; Pass      ; Pass      ; Inapplicable ; Inapplicable ; Inapplicable ; Inapplicable ; Pass         ; Inapplicable ; Inapplicable ; Pass         ; Inapplicable ; Inapplicable ; Inapplicable ; Inapplicable ; Inapplicable ; Inapplicable ; Inapplicable ; Inapplicable ; Inapplicable ; Pass      ; Inapplicable ; Inapplicable ;
+--------------------+--------------+--------------+--------------+--------------+--------------+-----------+--------------+--------------+-----------+-----------+--------------+--------------+--------------+--------------+--------------+--------------+--------------+--------------+--------------+--------------+--------------+--------------+--------------+--------------+--------------+--------------+--------------+-----------+--------------+--------------+


+---------------------------------------------------------------------------------------------+
; Fitter Device Options                                                                       ;
+------------------------------------------------------------------+--------------------------+
; Option                                                           ; Setting                  ;
+------------------------------------------------------------------+--------------------------+
; Enable user-supplied start-up clock (CLKUSR)                     ; Off                      ;
; Enable device-wide reset (DEV_CLRn)                              ; Off                      ;
; Enable device-wide output enable (DEV_OE)                        ; Off                      ;
; Enable INIT_DONE output                                          ; Off                      ;
; Configuration scheme                                             ; Active Serial            ;
; Error detection CRC                                              ; Off                      ;
; Enable open drain on CRC_ERROR pin                               ; Off                      ;
; Enable input tri-state on active configuration pins in user mode ; Off                      ;
; Configuration Voltage Level                                      ; Auto                     ;
; Force Configuration Voltage Level                                ; Off                      ;
; nCEO                                                             ; As output driving ground ;
; Data[0]                                                          ; As input tri-stated      ;
; Data[1]/ASDO                                                     ; As input tri-stated      ;
; Data[7..2]                                                       ; Unreserved               ;
; FLASH_nCE/nCSO                                                   ; As input tri-stated      ;
; Other Active Parallel pins                                       ; Unreserved               ;
; DCLK                                                             ; As output driving ground ;
+------------------------------------------------------------------+--------------------------+


+------------------------------------+
; Operating Settings and Conditions  ;
+---------------------------+--------+
; Setting                   ; Value  ;
+---------------------------+--------+
; Nominal Core Voltage      ; 1.20 V ;
; Low Junction Temperature  ; 0 °C   ;
; High Junction Temperature ; 85 °C  ;
+---------------------------+--------+


+-----------------+
; Fitter Messages ;
+-----------------+
Info (20030): Parallel compilation is enabled and will use 8 of the 8 processors detected
Info (119006): Selected device EP4CE115F29C7 for design "mips"
Info (21077): Low junction temperature is 0 degrees C
Info (21077): High junction temperature is 85 degrees C
Info (171001): Fitter is performing a Fast Fit compilation, which decreases Fitter effort to reduce compilation time
Warning (292013): Feature LogicLock is only available with a valid subscription license. You can purchase a software subscription to gain full access to this feature.
Info (176444): Device migration not selected. If you intend to use device migration later, you may need to change the pin assignments as they may be incompatible with other devices
    Info (176445): Device EP4CE40F29C7 is compatible
    Info (176445): Device EP4CE40F29I7 is compatible
    Info (176445): Device EP4CE30F29C7 is compatible
    Info (176445): Device EP4CE30F29I7 is compatible
    Info (176445): Device EP4CE55F29C7 is compatible
    Info (176445): Device EP4CE55F29I7 is compatible
    Info (176445): Device EP4CE75F29C7 is compatible
    Info (176445): Device EP4CE75F29I7 is compatible
    Info (176445): Device EP4CE115F29I7 is compatible
Info (169124): Fitter converted 5 user pins into dedicated programming pins
    Info (169125): Pin ~ALTERA_ASDO_DATA1~ is reserved at location F4
    Info (169125): Pin ~ALTERA_FLASH_nCE_nCSO~ is reserved at location E2
    Info (169125): Pin ~ALTERA_DCLK~ is reserved at location P3
    Info (169125): Pin ~ALTERA_DATA0~ is reserved at location N7
    Info (169125): Pin ~ALTERA_nCEO~ is reserved at location P28
Warning (15714): Some pins have incomplete I/O assignments. Refer to the I/O Assignment Warnings report for details
Info (176045): Design uses memory blocks. Violating setup or hold times of memory block address registers for either read or write operations could cause memory contents to be corrupted. Make sure that all memory block address registers meet the setup and hold time requirements.
Critical Warning (169085): No exact pin location assignment(s) for 1 pins of 47 total pins. For the list of pins please refer to the I/O Assignment Warnings table in the fitter report.
Warning (335093): The Timing Analyzer is analyzing 54 combinational loops as latches. For more details, run the Check Timing command in the Timing Analyzer or view the "User-Specified and Inferred Latches" table in the Analysis & Synthesis report.
Info (332104): Reading SDC File: 'Projeto-Processador.sdc'
Info (332151): Clock uncertainty is not calculated until you update the timing netlist.
Warning (332060): Node: Entrada:Chamada11|RegClock was determined to be a clock but was found without an associated clock assignment.
    Info (13166): Register Out:Chamada12|saidaDisplay1[0] is being clocked by Entrada:Chamada11|RegClock
Warning (332060): Node: PC:Chamada5|IndiceAtual[0] was determined to be a clock but was found without an associated clock assignment.
    Info (13166): Latch UnidadedeControleULA:Chamada8|RegControle[1] is being clocked by PC:Chamada5|IndiceAtual[0]
Warning (332060): Node: UnidadedeControleULA:Chamada8|RegControle[1] was determined to be a clock but was found without an associated clock assignment.
    Info (13166): Latch ULA:Chamada1|result[28] is being clocked by UnidadedeControleULA:Chamada8|RegControle[1]
Info (332154): The derive_clock_uncertainty command did not apply clock uncertainty to any clock-to-clock transfers.
Info (332129): Detected timing requirements -- optimizing circuit to achieve only the specified requirements
Info (332111): Found 1 clocks
    Info (332111):   Period   Clock Name
    Info (332111): ======== ============
    Info (332111):   20.000      CLK_50M
Info (176353): Automatically promoted node clock~input (placed in PIN Y2 (CLK2, DIFFCLK_1p)) File: C:/Users/Mateus/Documents/Processador-MIPS-32-Bits/Processador/UnidadedeProcessamento.v Line: 5
    Info (176355): Automatically promoted destinations to use location or clock signal Global Clock CLKCTRL_G4
    Info (176356): Following destination nodes may be non-global or may not use global or regional clocks
        Info (176357): Destination node Entrada:Chamada11|RegClock File: C:/Users/Mateus/Documents/Processador-MIPS-32-Bits/Processador/entrada.v Line: 17
Info (176353): Automatically promoted node Entrada:Chamada11|RegClock  File: C:/Users/Mateus/Documents/Processador-MIPS-32-Bits/Processador/entrada.v Line: 17
    Info (176355): Automatically promoted destinations to use location or clock signal Global Clock
    Info (176356): Following destination nodes may be non-global or may not use global or regional clocks
        Info (176357): Destination node PC:Chamada5|IndiceAtual[7] File: C:/Users/Mateus/Documents/Processador-MIPS-32-Bits/Processador/PC.v Line: 22
        Info (176357): Destination node PC:Chamada5|IndiceAtual[8] File: C:/Users/Mateus/Documents/Processador-MIPS-32-Bits/Processador/PC.v Line: 22
        Info (176357): Destination node PC:Chamada5|IndiceAtual[9] File: C:/Users/Mateus/Documents/Processador-MIPS-32-Bits/Processador/PC.v Line: 22
        Info (176357): Destination node PC:Chamada5|IndiceAtual[0] File: C:/Users/Mateus/Documents/Processador-MIPS-32-Bits/Processador/PC.v Line: 22
        Info (176357): Destination node PC:Chamada5|IndiceAtual[1] File: C:/Users/Mateus/Documents/Processador-MIPS-32-Bits/Processador/PC.v Line: 22
        Info (176357): Destination node PC:Chamada5|IndiceAtual[2] File: C:/Users/Mateus/Documents/Processador-MIPS-32-Bits/Processador/PC.v Line: 22
        Info (176357): Destination node PC:Chamada5|IndiceAtual[5] File: C:/Users/Mateus/Documents/Processador-MIPS-32-Bits/Processador/PC.v Line: 22
        Info (176357): Destination node PC:Chamada5|IndiceAtual[4] File: C:/Users/Mateus/Documents/Processador-MIPS-32-Bits/Processador/PC.v Line: 22
        Info (176357): Destination node PC:Chamada5|IndiceAtual[3] File: C:/Users/Mateus/Documents/Processador-MIPS-32-Bits/Processador/PC.v Line: 22
        Info (176357): Destination node PC:Chamada5|IndiceAtual[6] File: C:/Users/Mateus/Documents/Processador-MIPS-32-Bits/Processador/PC.v Line: 22
        Info (176358): Non-global destination nodes limited to 10 nodes
Info (176353): Automatically promoted node ULA:Chamada1|Mux64~1  File: C:/Users/Mateus/Documents/Processador-MIPS-32-Bits/Processador/ULA.v Line: 22
    Info (176355): Automatically promoted destinations to use location or clock signal Global Clock
Info (176353): Automatically promoted node UnidadedeControle:Chamada6|WideOr4~1  File: C:/Users/Mateus/Documents/Processador-MIPS-32-Bits/Processador/UnidadedeControle.v Line: 22
    Info (176355): Automatically promoted destinations to use location or clock signal Global Clock
    Info (176356): Following destination nodes may be non-global or may not use global or regional clocks
        Info (176357): Destination node UnidadedeControle:Chamada6|auxAluOp[0] File: C:/Users/Mateus/Documents/Processador-MIPS-32-Bits/Processador/UnidadedeControle.v Line: 22
        Info (176357): Destination node UnidadedeControle:Chamada6|auxAluOp[1] File: C:/Users/Mateus/Documents/Processador-MIPS-32-Bits/Processador/UnidadedeControle.v Line: 22
        Info (176357): Destination node UnidadedeControle:Chamada6|auxAluOp[2] File: C:/Users/Mateus/Documents/Processador-MIPS-32-Bits/Processador/UnidadedeControle.v Line: 22
Info (176353): Automatically promoted node UnidadedeControleULA:Chamada8|Mux11~1  File: C:/Users/Mateus/Documents/Processador-MIPS-32-Bits/Processador/UnidadedeControleULA.v Line: 14
    Info (176355): Automatically promoted destinations to use location or clock signal Global Clock
    Info (176356): Following destination nodes may be non-global or may not use global or regional clocks
        Info (176357): Destination node UnidadedeControleULA:Chamada8|RegControle[1] File: C:/Users/Mateus/Documents/Processador-MIPS-32-Bits/Processador/UnidadedeControleULA.v Line: 14
        Info (176357): Destination node UnidadedeControleULA:Chamada8|RegControle[3] File: C:/Users/Mateus/Documents/Processador-MIPS-32-Bits/Processador/UnidadedeControleULA.v Line: 14
        Info (176357): Destination node UnidadedeControleULA:Chamada8|RegControle[2] File: C:/Users/Mateus/Documents/Processador-MIPS-32-Bits/Processador/UnidadedeControleULA.v Line: 14
Info (176233): Starting register packing
Info (176235): Finished register packing
    Extra Info (176219): No registers were packed into other blocks
Info (176214): Statistics of I/O pins that need to be placed that use the same VCCIO and VREF, before I/O pin placement
    Info (176211): Number of I/O pins in group: 1 (unused VREF, 2.5V VCCIO, 0 input, 1 output, 0 bidirectional)
        Info (176212): I/O standards used: 2.5 V.
Info (176215): I/O bank details before I/O pin placement
    Info (176214): Statistics of I/O banks
        Info (176213): I/O bank number 1 does not use VREF pins and has undetermined VCCIO pins. 4 total pin(s) used --  52 pins available
        Info (176213): I/O bank number 2 does not use VREF pins and has undetermined VCCIO pins. 1 total pin(s) used --  62 pins available
        Info (176213): I/O bank number 3 does not use VREF pins and has undetermined VCCIO pins. 0 total pin(s) used --  73 pins available
        Info (176213): I/O bank number 4 does not use VREF pins and has 2.5V VCCIO pins. 5 total pin(s) used --  66 pins available
        Info (176213): I/O bank number 5 does not use VREF pins and has 2.5V VCCIO pins. 31 total pin(s) used --  34 pins available
        Info (176213): I/O bank number 6 does not use VREF pins and has 2.5V VCCIO pins. 6 total pin(s) used --  52 pins available
        Info (176213): I/O bank number 7 does not use VREF pins and has 2.5V VCCIO pins. 4 total pin(s) used --  68 pins available
        Info (176213): I/O bank number 8 does not use VREF pins and has undetermined VCCIO pins. 0 total pin(s) used --  71 pins available
Info (171121): Fitter preparation operations ending: elapsed time is 00:00:03
Info (14896): Fitter has disabled Advanced Physical Optimization because it is not supported for the current family.
Info (170189): Fitter placement preparation operations beginning
Info (170190): Fitter placement preparation operations ending: elapsed time is 00:00:01
Info (170191): Fitter placement operations beginning
Info (170137): Fitter placement was successful
Info (170192): Fitter placement operations ending: elapsed time is 00:00:01
Info (170193): Fitter routing operations beginning
Info (170195): Router estimated average interconnect usage is 2% of the available device resources
    Info (170196): Router estimated peak interconnect usage is 30% of the available device resources in the region that extends from location X58_Y24 to location X68_Y36
Info (170194): Fitter routing operations ending: elapsed time is 00:00:02
Info (11888): Total time spent on timing analysis during the Fitter is 0.52 seconds.
Info (334003): Started post-fitting delay annotation
Info (334004): Delay annotation completed successfully
Info (334003): Started post-fitting delay annotation
Info (334004): Delay annotation completed successfully
Info (11218): Fitter post-fit operations ending: elapsed time is 00:00:01
Info (144001): Generated suppressed messages file C:/Users/Mateus/Documents/Processador-MIPS-32-Bits/Processador/output_files/mips.fit.smsg
Info: Quartus Prime Fitter was successful. 0 errors, 7 warnings
    Info: Peak virtual memory: 6124 megabytes
    Info: Processing ended: Fri Jun 26 10:50:30 2026
    Info: Elapsed time: 00:00:18
    Info: Total CPU time (on all processors): 00:00:24


+----------------------------+
; Fitter Suppressed Messages ;
+----------------------------+
The suppressed messages can be found in C:/Users/Mateus/Documents/Processador-MIPS-32-Bits/Processador/output_files/mips.fit.smsg.


