Analysis & Synthesis report for mips
Fri Jun 26 10:50:11 2026
Quartus Prime Version 25.1std.0 Build 1129 10/21/2025 SC Lite Edition


---------------------
; Table of Contents ;
---------------------
  1. Legal Notice
  2. Analysis & Synthesis Summary
  3. Analysis & Synthesis Settings
  4. Parallel Compilation
  5. Analysis & Synthesis Source Files Read
  6. Analysis & Synthesis Resource Usage Summary
  7. Analysis & Synthesis Resource Utilization by Entity
  8. Analysis & Synthesis RAM Summary
  9. Analysis & Synthesis DSP Block Usage Summary
 10. User-Specified and Inferred Latches
 11. Registers Removed During Synthesis
 12. General Register Statistics
 13. Inverted Register Statistics
 14. Registers Packed Into Inferred Megafunctions
 15. Multiplexer Restructuring Statistics (Restructuring Performed)
 16. Source assignments for MemoriadeDadosRAM:Chamada7|altsyncram:ram_rtl_0|altsyncram_02e1:auto_generated
 17. Parameter Settings for User Entity Instance: MemoriaInstrucoesROM:Chamada3
 18. Parameter Settings for User Entity Instance: MemoriadeDadosRAM:Chamada7
 19. Parameter Settings for Inferred Entity Instance: MemoriadeDadosRAM:Chamada7|altsyncram:ram_rtl_0
 20. Parameter Settings for Inferred Entity Instance: ULA:Chamada1|lpm_mult:Mult0
 21. Parameter Settings for Inferred Entity Instance: ULA:Chamada1|lpm_divide:Div0
 22. Parameter Settings for Inferred Entity Instance: Out:Chamada12|lpm_divide:Mod0
 23. Parameter Settings for Inferred Entity Instance: Out:Chamada12|lpm_divide:Mod1
 24. Parameter Settings for Inferred Entity Instance: Out:Chamada12|lpm_divide:Div0
 25. Parameter Settings for Inferred Entity Instance: Out:Chamada12|lpm_divide:Mod2
 26. Parameter Settings for Inferred Entity Instance: Out:Chamada12|lpm_divide:Div1
 27. Parameter Settings for Inferred Entity Instance: Out:Chamada12|lpm_divide:Mod3
 28. Parameter Settings for Inferred Entity Instance: Out:Chamada12|lpm_divide:Div2
 29. altsyncram Parameter Settings by Entity Instance
 30. lpm_mult Parameter Settings by Entity Instance
 31. Port Connectivity Checks: "MultiplexadorJAL:MuxJAL"
 32. Port Connectivity Checks: "MemoriadeDadosRAM:Chamada7"
 33. Port Connectivity Checks: "BancodeRegistradores:Chamada2"
 34. Port Connectivity Checks: "Interruption:ChamadaInterruption"
 35. Port Connectivity Checks: "MultiplexadorJumpReg:MuxJumpReg"
 36. Port Connectivity Checks: "MultiplexadorJump:MuxJump"
 37. Port Connectivity Checks: "Jump:JumpAddr"
 38. Port Connectivity Checks: "UnidadedeControle:Chamada6"
 39. Port Connectivity Checks: "Out:Chamada12|Display4:bc4"
 40. Port Connectivity Checks: "Out:Chamada12|Display3:bc3"
 41. Port Connectivity Checks: "Out:Chamada12|Display2:bc2"
 42. Port Connectivity Checks: "Out:Chamada12|Display1:bc1"
 43. Post-Synthesis Netlist Statistics for Top Partition
 44. Elapsed Time Per Partition
 45. Analysis & Synthesis Messages



----------------
; Legal Notice ;
----------------
Copyright (C) 2025  Altera Corporation. All rights reserved.
Your use of Altera Corporation's design tools, logic functions 
and other software and tools, and any partner logic 
functions, and any output files from any of the foregoing 
(including device programming or simulation files), and any 
associated documentation or information are expressly subject 
to the terms and conditions of the Altera Program License 
Subscription Agreement, the Altera Quartus Prime License Agreement,
the Altera IP License Agreement, or other applicable license
agreement, including, without limitation, that your use is for
the sole purpose of programming logic devices manufactured by
Altera and sold by Altera or its authorized distributors.  Please
refer to the Altera Software License Subscription Agreements 
on the Quartus Prime software download page.



+--------------------------------------------------------------------------------------+
; Analysis & Synthesis Summary                                                         ;
+------------------------------------+-------------------------------------------------+
; Analysis & Synthesis Status        ; Successful - Fri Jun 26 10:50:11 2026           ;
; Quartus Prime Version              ; 25.1std.0 Build 1129 10/21/2025 SC Lite Edition ;
; Revision Name                      ; mips                                            ;
; Top-level Entity Name              ; UnidadedeProcessamento                          ;
; Family                             ; Cyclone IV E                                    ;
; Total logic elements               ; 7,540                                           ;
;     Total combinational functions  ; 6,705                                           ;
;     Dedicated logic registers      ; 1,051                                           ;
; Total registers                    ; 1051                                            ;
; Total pins                         ; 47                                              ;
; Total virtual pins                 ; 206                                             ;
; Total memory bits                  ; 32,768                                          ;
; Embedded Multiplier 9-bit elements ; 6                                               ;
; Total PLLs                         ; 0                                               ;
+------------------------------------+-------------------------------------------------+


+----------------------------------------------------------------------------------------------------------------+
; Analysis & Synthesis Settings                                                                                  ;
+------------------------------------------------------------------+------------------------+--------------------+
; Option                                                           ; Setting                ; Default Value      ;
+------------------------------------------------------------------+------------------------+--------------------+
; Device                                                           ; EP4CE115F29C7          ;                    ;
; Top-level entity name                                            ; UnidadedeProcessamento ; mips               ;
; Family name                                                      ; Cyclone IV E           ; Cyclone V          ;
; Use smart compilation                                            ; On                     ; Off                ;
; Maximum processors allowed for parallel compilation              ; All                    ;                    ;
; Enable parallel Assembler and Timing Analyzer during compilation ; On                     ; On                 ;
; Enable compact report table                                      ; Off                    ; Off                ;
; Restructure Multiplexers                                         ; Auto                   ; Auto               ;
; Create Debugging Nodes for IP Cores                              ; Off                    ; Off                ;
; Preserve fewer node names                                        ; On                     ; On                 ;
; Intel FPGA IP Evaluation Mode                                    ; Enable                 ; Enable             ;
; Verilog Version                                                  ; Verilog_2001           ; Verilog_2001       ;
; VHDL Version                                                     ; VHDL_1993              ; VHDL_1993          ;
; State Machine Processing                                         ; Auto                   ; Auto               ;
; Safe State Machine                                               ; Off                    ; Off                ;
; Extract Verilog State Machines                                   ; On                     ; On                 ;
; Extract VHDL State Machines                                      ; On                     ; On                 ;
; Ignore Verilog initial constructs                                ; Off                    ; Off                ;
; Iteration limit for constant Verilog loops                       ; 5000                   ; 5000               ;
; Iteration limit for non-constant Verilog loops                   ; 250                    ; 250                ;
; Add Pass-Through Logic to Inferred RAMs                          ; On                     ; On                 ;
; Infer RAMs from Raw Logic                                        ; On                     ; On                 ;
; Parallel Synthesis                                               ; On                     ; On                 ;
; DSP Block Balancing                                              ; Auto                   ; Auto               ;
; NOT Gate Push-Back                                               ; On                     ; On                 ;
; Power-Up Don't Care                                              ; On                     ; On                 ;
; Remove Redundant Logic Cells                                     ; Off                    ; Off                ;
; Remove Duplicate Registers                                       ; On                     ; On                 ;
; Ignore CARRY Buffers                                             ; Off                    ; Off                ;
; Ignore CASCADE Buffers                                           ; Off                    ; Off                ;
; Ignore GLOBAL Buffers                                            ; Off                    ; Off                ;
; Ignore ROW GLOBAL Buffers                                        ; Off                    ; Off                ;
; Ignore LCELL Buffers                                             ; Off                    ; Off                ;
; Ignore SOFT Buffers                                              ; On                     ; On                 ;
; Limit AHDL Integers to 32 Bits                                   ; Off                    ; Off                ;
; Optimization Technique                                           ; Balanced               ; Balanced           ;
; Carry Chain Length                                               ; 70                     ; 70                 ;
; Auto Carry Chains                                                ; On                     ; On                 ;
; Auto Open-Drain Pins                                             ; On                     ; On                 ;
; Perform WYSIWYG Primitive Resynthesis                            ; Off                    ; Off                ;
; Auto ROM Replacement                                             ; On                     ; On                 ;
; Auto RAM Replacement                                             ; On                     ; On                 ;
; Auto DSP Block Replacement                                       ; On                     ; On                 ;
; Auto Shift Register Replacement                                  ; Auto                   ; Auto               ;
; Allow Shift Register Merging across Hierarchies                  ; Auto                   ; Auto               ;
; Auto Clock Enable Replacement                                    ; On                     ; On                 ;
; Strict RAM Replacement                                           ; Off                    ; Off                ;
; Allow Synchronous Control Signals                                ; On                     ; On                 ;
; Force Use of Synchronous Clear Signals                           ; Off                    ; Off                ;
; Auto RAM Block Balancing                                         ; On                     ; On                 ;
; Auto RAM to Logic Cell Conversion                                ; Off                    ; Off                ;
; Auto Resource Sharing                                            ; Off                    ; Off                ;
; Allow Any RAM Size For Recognition                               ; Off                    ; Off                ;
; Allow Any ROM Size For Recognition                               ; Off                    ; Off                ;
; Allow Any Shift Register Size For Recognition                    ; Off                    ; Off                ;
; Use LogicLock Constraints during Resource Balancing              ; On                     ; On                 ;
; Ignore translate_off and synthesis_off directives                ; Off                    ; Off                ;
; Timing-Driven Synthesis                                          ; On                     ; On                 ;
; Report Parameter Settings                                        ; On                     ; On                 ;
; Report Source Assignments                                        ; On                     ; On                 ;
; Report Connectivity Checks                                       ; On                     ; On                 ;
; Ignore Maximum Fan-Out Assignments                               ; Off                    ; Off                ;
; Synchronization Register Chain Length                            ; 2                      ; 2                  ;
; Power Optimization During Synthesis                              ; Normal compilation     ; Normal compilation ;
; HDL message level                                                ; Level2                 ; Level2             ;
; Suppress Register Optimization Related Messages                  ; Off                    ; Off                ;
; Number of Removed Registers Reported in Synthesis Report         ; 5000                   ; 5000               ;
; Number of Swept Nodes Reported in Synthesis Report               ; 5000                   ; 5000               ;
; Number of Inverted Registers Reported in Synthesis Report        ; 100                    ; 100                ;
; Clock MUX Protection                                             ; On                     ; On                 ;
; Auto Gated Clock Conversion                                      ; Off                    ; Off                ;
; Block Design Naming                                              ; Auto                   ; Auto               ;
; SDC constraint protection                                        ; Off                    ; Off                ;
; Synthesis Effort                                                 ; Auto                   ; Auto               ;
; Shift Register Replacement - Allow Asynchronous Clear Signal     ; On                     ; On                 ;
; Pre-Mapping Resynthesis Optimization                             ; Off                    ; Off                ;
; Analysis & Synthesis Message Level                               ; Medium                 ; Medium             ;
; Disable Register Merging Across Hierarchies                      ; Auto                   ; Auto               ;
; Resource Aware Inference For Block RAM                           ; On                     ; On                 ;
+------------------------------------------------------------------+------------------------+--------------------+


+------------------------------------------+
; Parallel Compilation                     ;
+----------------------------+-------------+
; Processors                 ; Number      ;
+----------------------------+-------------+
; Number detected on machine ; 12          ;
; Maximum allowed            ; 8           ;
;                            ;             ;
; Average used               ; 1.00        ;
; Maximum used               ; 8           ;
;                            ;             ;
; Usage by Processor         ; % Time Used ;
;     Processor 1            ; 100.0%      ;
;     Processor 2            ;   0.0%      ;
;     Processor 3            ;   0.0%      ;
;     Processor 4            ;   0.0%      ;
;     Processor 5            ;   0.0%      ;
;     Processors 6-8         ;   0.0%      ;
+----------------------------+-------------+


+-----------------------------------------------------------------------------------------------------------------------------------------------------------------------------------------+
; Analysis & Synthesis Source Files Read                                                                                                                                                  ;
+----------------------------------+-----------------+------------------------------+-------------------------------------------------------------------------------------------+---------+
; File Name with User-Entered Path ; Used in Netlist ; File Type                    ; File Name with Absolute Path                                                              ; Library ;
+----------------------------------+-----------------+------------------------------+-------------------------------------------------------------------------------------------+---------+
; single_port_rom_init.txt         ; yes             ; User File                    ; C:/Users/Mateus/Documents/Processador-MIPS-32-Bits/Processador/single_port_rom_init.txt   ;         ;
; MultiplexadorJumpReg.v           ; yes             ; User Verilog HDL File        ; C:/Users/Mateus/Documents/Processador-MIPS-32-Bits/Processador/MultiplexadorJumpReg.v     ;         ;
; MultiplexadorJump.v              ; yes             ; User Verilog HDL File        ; C:/Users/Mateus/Documents/Processador-MIPS-32-Bits/Processador/MultiplexadorJump.v        ;         ;
; MultiplexadorJAL.v               ; yes             ; User Verilog HDL File        ; C:/Users/Mateus/Documents/Processador-MIPS-32-Bits/Processador/MultiplexadorJAL.v         ;         ;
; MultiplexadorDestino.v           ; yes             ; User Verilog HDL File        ; C:/Users/Mateus/Documents/Processador-MIPS-32-Bits/Processador/MultiplexadorDestino.v     ;         ;
; Jump.v                           ; yes             ; User Verilog HDL File        ; C:/Users/Mateus/Documents/Processador-MIPS-32-Bits/Processador/Jump.v                     ;         ;
; ExtensorSinal.v                  ; yes             ; User Verilog HDL File        ; C:/Users/Mateus/Documents/Processador-MIPS-32-Bits/Processador/ExtensorSinal.v            ;         ;
; BNEandBEQ.v                      ; yes             ; User Verilog HDL File        ; C:/Users/Mateus/Documents/Processador-MIPS-32-Bits/Processador/BNEandBEQ.v                ;         ;
; ULA.v                            ; yes             ; User Verilog HDL File        ; C:/Users/Mateus/Documents/Processador-MIPS-32-Bits/Processador/ULA.v                      ;         ;
; BancodeRegistradores.v           ; yes             ; User Verilog HDL File        ; C:/Users/Mateus/Documents/Processador-MIPS-32-Bits/Processador/BancodeRegistradores.v     ;         ;
; UnidadedeProcessamento.v         ; yes             ; User Verilog HDL File        ; C:/Users/Mateus/Documents/Processador-MIPS-32-Bits/Processador/UnidadedeProcessamento.v   ;         ;
; MemoriadeDadosRAM.v              ; yes             ; User Verilog HDL File        ; C:/Users/Mateus/Documents/Processador-MIPS-32-Bits/Processador/MemoriadeDadosRAM.v        ;         ;
; MemoriaInstrucoesROM.v           ; yes             ; User Verilog HDL File        ; C:/Users/Mateus/Documents/Processador-MIPS-32-Bits/Processador/MemoriaInstrucoesROM.v     ;         ;
; UnidadedeControleULA.v           ; yes             ; User Verilog HDL File        ; C:/Users/Mateus/Documents/Processador-MIPS-32-Bits/Processador/UnidadedeControleULA.v     ;         ;
; PC.v                             ; yes             ; User Verilog HDL File        ; C:/Users/Mateus/Documents/Processador-MIPS-32-Bits/Processador/PC.v                       ;         ;
; UnidadedeControle.v              ; yes             ; User Verilog HDL File        ; C:/Users/Mateus/Documents/Processador-MIPS-32-Bits/Processador/UnidadedeControle.v        ;         ;
; Out.v                            ; yes             ; User Verilog HDL File        ; C:/Users/Mateus/Documents/Processador-MIPS-32-Bits/Processador/Out.v                      ;         ;
; Display1.v                       ; yes             ; User Verilog HDL File        ; C:/Users/Mateus/Documents/Processador-MIPS-32-Bits/Processador/Display1.v                 ;         ;
; Display2.v                       ; yes             ; User Verilog HDL File        ; C:/Users/Mateus/Documents/Processador-MIPS-32-Bits/Processador/Display2.v                 ;         ;
; Display3.v                       ; yes             ; User Verilog HDL File        ; C:/Users/Mateus/Documents/Processador-MIPS-32-Bits/Processador/Display3.v                 ;         ;
; Display4.v                       ; yes             ; User Verilog HDL File        ; C:/Users/Mateus/Documents/Processador-MIPS-32-Bits/Processador/Display4.v                 ;         ;
; Branch.v                         ; yes             ; User Verilog HDL File        ; C:/Users/Mateus/Documents/Processador-MIPS-32-Bits/Processador/Branch.v                   ;         ;
; entrada.v                        ; yes             ; Auto-Found Verilog HDL File  ; C:/Users/Mateus/Documents/Processador-MIPS-32-Bits/Processador/entrada.v                  ;         ;
; muxregdst.v                      ; yes             ; Auto-Found Verilog HDL File  ; C:/Users/Mateus/Documents/Processador-MIPS-32-Bits/Processador/muxregdst.v                ;         ;
; interruption.v                   ; yes             ; Auto-Found Verilog HDL File  ; C:/Users/Mateus/Documents/Processador-MIPS-32-Bits/Processador/interruption.v             ;         ;
; muxalusrc.v                      ; yes             ; Auto-Found Verilog HDL File  ; C:/Users/Mateus/Documents/Processador-MIPS-32-Bits/Processador/muxalusrc.v                ;         ;
; muxmemreg.v                      ; yes             ; Auto-Found Verilog HDL File  ; C:/Users/Mateus/Documents/Processador-MIPS-32-Bits/Processador/muxmemreg.v                ;         ;
; altsyncram.tdf                   ; yes             ; Megafunction                 ; c:/altera_lite/25.1std/quartus/libraries/megafunctions/altsyncram.tdf                     ;         ;
; stratix_ram_block.inc            ; yes             ; Megafunction                 ; c:/altera_lite/25.1std/quartus/libraries/megafunctions/stratix_ram_block.inc              ;         ;
; lpm_mux.inc                      ; yes             ; Megafunction                 ; c:/altera_lite/25.1std/quartus/libraries/megafunctions/lpm_mux.inc                        ;         ;
; lpm_decode.inc                   ; yes             ; Megafunction                 ; c:/altera_lite/25.1std/quartus/libraries/megafunctions/lpm_decode.inc                     ;         ;
; aglobal251.inc                   ; yes             ; Megafunction                 ; c:/altera_lite/25.1std/quartus/libraries/megafunctions/aglobal251.inc                     ;         ;
; a_rdenreg.inc                    ; yes             ; Megafunction                 ; c:/altera_lite/25.1std/quartus/libraries/megafunctions/a_rdenreg.inc                      ;         ;
; altrom.inc                       ; yes             ; Megafunction                 ; c:/altera_lite/25.1std/quartus/libraries/megafunctions/altrom.inc                         ;         ;
; altram.inc                       ; yes             ; Megafunction                 ; c:/altera_lite/25.1std/quartus/libraries/megafunctions/altram.inc                         ;         ;
; altdpram.inc                     ; yes             ; Megafunction                 ; c:/altera_lite/25.1std/quartus/libraries/megafunctions/altdpram.inc                       ;         ;
; db/altsyncram_02e1.tdf           ; yes             ; Auto-Generated Megafunction  ; C:/Users/Mateus/Documents/Processador-MIPS-32-Bits/Processador/db/altsyncram_02e1.tdf     ;         ;
; lpm_mult.tdf                     ; yes             ; Megafunction                 ; c:/altera_lite/25.1std/quartus/libraries/megafunctions/lpm_mult.tdf                       ;         ;
; lpm_add_sub.inc                  ; yes             ; Megafunction                 ; c:/altera_lite/25.1std/quartus/libraries/megafunctions/lpm_add_sub.inc                    ;         ;
; multcore.inc                     ; yes             ; Megafunction                 ; c:/altera_lite/25.1std/quartus/libraries/megafunctions/multcore.inc                       ;         ;
; bypassff.inc                     ; yes             ; Megafunction                 ; c:/altera_lite/25.1std/quartus/libraries/megafunctions/bypassff.inc                       ;         ;
; altshift.inc                     ; yes             ; Megafunction                 ; c:/altera_lite/25.1std/quartus/libraries/megafunctions/altshift.inc                       ;         ;
; db/mult_7dt.tdf                  ; yes             ; Auto-Generated Megafunction  ; C:/Users/Mateus/Documents/Processador-MIPS-32-Bits/Processador/db/mult_7dt.tdf            ;         ;
; lpm_divide.tdf                   ; yes             ; Megafunction                 ; c:/altera_lite/25.1std/quartus/libraries/megafunctions/lpm_divide.tdf                     ;         ;
; abs_divider.inc                  ; yes             ; Megafunction                 ; c:/altera_lite/25.1std/quartus/libraries/megafunctions/abs_divider.inc                    ;         ;
; sign_div_unsign.inc              ; yes             ; Megafunction                 ; c:/altera_lite/25.1std/quartus/libraries/megafunctions/sign_div_unsign.inc                ;         ;
; db/lpm_divide_hkm.tdf            ; yes             ; Auto-Generated Megafunction  ; C:/Users/Mateus/Documents/Processador-MIPS-32-Bits/Processador/db/lpm_divide_hkm.tdf      ;         ;
; db/sign_div_unsign_bnh.tdf       ; yes             ; Auto-Generated Megafunction  ; C:/Users/Mateus/Documents/Processador-MIPS-32-Bits/Processador/db/sign_div_unsign_bnh.tdf ;         ;
; db/alt_u_div_8af.tdf             ; yes             ; Auto-Generated Megafunction  ; C:/Users/Mateus/Documents/Processador-MIPS-32-Bits/Processador/db/alt_u_div_8af.tdf       ;         ;
; db/add_sub_7pc.tdf               ; yes             ; Auto-Generated Megafunction  ; C:/Users/Mateus/Documents/Processador-MIPS-32-Bits/Processador/db/add_sub_7pc.tdf         ;         ;
; db/add_sub_8pc.tdf               ; yes             ; Auto-Generated Megafunction  ; C:/Users/Mateus/Documents/Processador-MIPS-32-Bits/Processador/db/add_sub_8pc.tdf         ;         ;
; db/lpm_divide_3bm.tdf            ; yes             ; Auto-Generated Megafunction  ; C:/Users/Mateus/Documents/Processador-MIPS-32-Bits/Processador/db/lpm_divide_3bm.tdf      ;         ;
; db/sign_div_unsign_olh.tdf       ; yes             ; Auto-Generated Megafunction  ; C:/Users/Mateus/Documents/Processador-MIPS-32-Bits/Processador/db/sign_div_unsign_olh.tdf ;         ;
; db/alt_u_div_47f.tdf             ; yes             ; Auto-Generated Megafunction  ; C:/Users/Mateus/Documents/Processador-MIPS-32-Bits/Processador/db/alt_u_div_47f.tdf       ;         ;
; db/lpm_divide_6bm.tdf            ; yes             ; Auto-Generated Megafunction  ; C:/Users/Mateus/Documents/Processador-MIPS-32-Bits/Processador/db/lpm_divide_6bm.tdf      ;         ;
; db/sign_div_unsign_rlh.tdf       ; yes             ; Auto-Generated Megafunction  ; C:/Users/Mateus/Documents/Processador-MIPS-32-Bits/Processador/db/sign_div_unsign_rlh.tdf ;         ;
; db/alt_u_div_a7f.tdf             ; yes             ; Auto-Generated Megafunction  ; C:/Users/Mateus/Documents/Processador-MIPS-32-Bits/Processador/db/alt_u_div_a7f.tdf       ;         ;
; db/lpm_divide_ihm.tdf            ; yes             ; Auto-Generated Megafunction  ; C:/Users/Mateus/Documents/Processador-MIPS-32-Bits/Processador/db/lpm_divide_ihm.tdf      ;         ;
; db/sign_div_unsign_akh.tdf       ; yes             ; Auto-Generated Megafunction  ; C:/Users/Mateus/Documents/Processador-MIPS-32-Bits/Processador/db/sign_div_unsign_akh.tdf ;         ;
; db/alt_u_div_84f.tdf             ; yes             ; Auto-Generated Megafunction  ; C:/Users/Mateus/Documents/Processador-MIPS-32-Bits/Processador/db/alt_u_div_84f.tdf       ;         ;
; db/lpm_divide_gcm.tdf            ; yes             ; Auto-Generated Megafunction  ; C:/Users/Mateus/Documents/Processador-MIPS-32-Bits/Processador/db/lpm_divide_gcm.tdf      ;         ;
; db/sign_div_unsign_5nh.tdf       ; yes             ; Auto-Generated Megafunction  ; C:/Users/Mateus/Documents/Processador-MIPS-32-Bits/Processador/db/sign_div_unsign_5nh.tdf ;         ;
; db/alt_u_div_u9f.tdf             ; yes             ; Auto-Generated Megafunction  ; C:/Users/Mateus/Documents/Processador-MIPS-32-Bits/Processador/db/alt_u_div_u9f.tdf       ;         ;
; db/lpm_divide_vim.tdf            ; yes             ; Auto-Generated Megafunction  ; C:/Users/Mateus/Documents/Processador-MIPS-32-Bits/Processador/db/lpm_divide_vim.tdf      ;         ;
; db/sign_div_unsign_nlh.tdf       ; yes             ; Auto-Generated Megafunction  ; C:/Users/Mateus/Documents/Processador-MIPS-32-Bits/Processador/db/sign_div_unsign_nlh.tdf ;         ;
; db/alt_u_div_27f.tdf             ; yes             ; Auto-Generated Megafunction  ; C:/Users/Mateus/Documents/Processador-MIPS-32-Bits/Processador/db/alt_u_div_27f.tdf       ;         ;
; db/lpm_divide_kcm.tdf            ; yes             ; Auto-Generated Megafunction  ; C:/Users/Mateus/Documents/Processador-MIPS-32-Bits/Processador/db/lpm_divide_kcm.tdf      ;         ;
; db/sign_div_unsign_9nh.tdf       ; yes             ; Auto-Generated Megafunction  ; C:/Users/Mateus/Documents/Processador-MIPS-32-Bits/Processador/db/sign_div_unsign_9nh.tdf ;         ;
; db/alt_u_div_6af.tdf             ; yes             ; Auto-Generated Megafunction  ; C:/Users/Mateus/Documents/Processador-MIPS-32-Bits/Processador/db/alt_u_div_6af.tdf       ;         ;
; db/lpm_divide_dkm.tdf            ; yes             ; Auto-Generated Megafunction  ; C:/Users/Mateus/Documents/Processador-MIPS-32-Bits/Processador/db/lpm_divide_dkm.tdf      ;         ;
; db/sign_div_unsign_6nh.tdf       ; yes             ; Auto-Generated Megafunction  ; C:/Users/Mateus/Documents/Processador-MIPS-32-Bits/Processador/db/sign_div_unsign_6nh.tdf ;         ;
; db/alt_u_div_v9f.tdf             ; yes             ; Auto-Generated Megafunction  ; C:/Users/Mateus/Documents/Processador-MIPS-32-Bits/Processador/db/alt_u_div_v9f.tdf       ;         ;
+----------------------------------+-----------------+------------------------------+-------------------------------------------------------------------------------------------+---------+


+--------------------------------------------------------------------------+
; Analysis & Synthesis Resource Usage Summary                              ;
+---------------------------------------------+----------------------------+
; Resource                                    ; Usage                      ;
+---------------------------------------------+----------------------------+
; Estimated Total logic elements              ; 7,540                      ;
;                                             ;                            ;
; Total combinational functions               ; 6705                       ;
; Logic element usage by number of LUT inputs ;                            ;
;     -- 4 input functions                    ; 3299                       ;
;     -- 3 input functions                    ; 1866                       ;
;     -- <=2 input functions                  ; 1540                       ;
;                                             ;                            ;
; Logic elements by mode                      ;                            ;
;     -- normal mode                          ; 5256                       ;
;     -- arithmetic mode                      ; 1449                       ;
;                                             ;                            ;
; Total registers                             ; 1051                       ;
;     -- Dedicated logic registers            ; 1051                       ;
;     -- I/O registers                        ; 0                          ;
;                                             ;                            ;
; Virtual pins                                ; 206                        ;
; I/O pins                                    ; 47                         ;
; Total memory bits                           ; 32768                      ;
;                                             ;                            ;
; Embedded Multiplier 9-bit elements          ; 6                          ;
;                                             ;                            ;
; Maximum fan-out node                        ; Entrada:Chamada11|RegClock ;
; Maximum fan-out                             ; 1055                       ;
; Total fan-out                               ; 25540                      ;
; Average fan-out                             ; 3.16                       ;
+---------------------------------------------+----------------------------+


+---------------------------------------------------------------------------------------------------------------------------------------------------------------------------------------------------------------------------------------------------------------------------------------------------------------------------------------------------------------------------+
; Analysis & Synthesis Resource Utilization by Entity                                                                                                                                                                                                                                                                                                                       ;
+-------------------------------------------+---------------------+---------------------------+-------------+--------------+---------+-----------+------+--------------+------------------------------------------------------------------------------------------------------------------------------------------------------------+------------------------+--------------+
; Compilation Hierarchy Node                ; Combinational ALUTs ; Dedicated Logic Registers ; Memory Bits ; DSP Elements ; DSP 9x9 ; DSP 18x18 ; Pins ; Virtual Pins ; Full Hierarchy Name                                                                                                                                        ; Entity Name            ; Library Name ;
+-------------------------------------------+---------------------+---------------------------+-------------+--------------+---------+-----------+------+--------------+------------------------------------------------------------------------------------------------------------------------------------------------------------+------------------------+--------------+
; |UnidadedeProcessamento                   ; 6705 (1)            ; 1051 (0)                  ; 32768       ; 6            ; 0       ; 3         ; 47   ; 206          ; |UnidadedeProcessamento                                                                                                                                    ; UnidadedeProcessamento ; work         ;
;    |BancodeRegistradores:Chamada2|        ; 1522 (1522)         ; 993 (993)                 ; 0           ; 0            ; 0       ; 0         ; 0    ; 0            ; |UnidadedeProcessamento|BancodeRegistradores:Chamada2                                                                                                      ; BancodeRegistradores   ; work         ;
;    |Branch:BranchAddr|                    ; 10 (10)             ; 0 (0)                     ; 0           ; 0            ; 0       ; 0         ; 0    ; 0            ; |UnidadedeProcessamento|Branch:BranchAddr                                                                                                                  ; Branch                 ; work         ;
;    |Entrada:Chamada11|                    ; 67 (67)             ; 30 (30)                   ; 0           ; 0            ; 0       ; 0         ; 0    ; 0            ; |UnidadedeProcessamento|Entrada:Chamada11                                                                                                                  ; Entrada                ; work         ;
;    |Interruption:ChamadaInterruption|     ; 1 (1)               ; 1 (1)                     ; 0           ; 0            ; 0       ; 0         ; 0    ; 0            ; |UnidadedeProcessamento|Interruption:ChamadaInterruption                                                                                                   ; Interruption           ; work         ;
;    |MemoriaInstrucoesROM:Chamada3|        ; 193 (193)           ; 0 (0)                     ; 0           ; 0            ; 0       ; 0         ; 0    ; 0            ; |UnidadedeProcessamento|MemoriaInstrucoesROM:Chamada3                                                                                                      ; MemoriaInstrucoesROM   ; work         ;
;    |MemoriadeDadosRAM:Chamada7|           ; 0 (0)               ; 0 (0)                     ; 32768       ; 0            ; 0       ; 0         ; 0    ; 0            ; |UnidadedeProcessamento|MemoriadeDadosRAM:Chamada7                                                                                                         ; MemoriadeDadosRAM      ; work         ;
;       |altsyncram:ram_rtl_0|              ; 0 (0)               ; 0 (0)                     ; 32768       ; 0            ; 0       ; 0         ; 0    ; 0            ; |UnidadedeProcessamento|MemoriadeDadosRAM:Chamada7|altsyncram:ram_rtl_0                                                                                    ; altsyncram             ; work         ;
;          |altsyncram_02e1:auto_generated| ; 0 (0)               ; 0 (0)                     ; 32768       ; 0            ; 0       ; 0         ; 0    ; 0            ; |UnidadedeProcessamento|MemoriadeDadosRAM:Chamada7|altsyncram:ram_rtl_0|altsyncram_02e1:auto_generated                                                     ; altsyncram_02e1        ; work         ;
;    |MultiplexadorJAL:MuxJAL|              ; 33 (33)             ; 0 (0)                     ; 0           ; 0            ; 0       ; 0         ; 0    ; 0            ; |UnidadedeProcessamento|MultiplexadorJAL:MuxJAL                                                                                                            ; MultiplexadorJAL       ; work         ;
;    |MultiplexadorJump:MuxJump|            ; 1 (1)               ; 0 (0)                     ; 0           ; 0            ; 0       ; 0         ; 0    ; 0            ; |UnidadedeProcessamento|MultiplexadorJump:MuxJump                                                                                                          ; MultiplexadorJump      ; work         ;
;    |MultiplexadorJumpReg:MuxJumpReg|      ; 1 (1)               ; 0 (0)                     ; 0           ; 0            ; 0       ; 0         ; 0    ; 0            ; |UnidadedeProcessamento|MultiplexadorJumpReg:MuxJumpReg                                                                                                    ; MultiplexadorJumpReg   ; work         ;
;    |MuxALUSRC:Chamada13|                  ; 48 (48)             ; 0 (0)                     ; 0           ; 0            ; 0       ; 0         ; 0    ; 0            ; |UnidadedeProcessamento|MuxALUSRC:Chamada13                                                                                                                ; MuxALUSRC              ; work         ;
;    |MuxMemReg:Chamada10|                  ; 32 (32)             ; 0 (0)                     ; 0           ; 0            ; 0       ; 0         ; 0    ; 0            ; |UnidadedeProcessamento|MuxMemReg:Chamada10                                                                                                                ; MuxMemReg              ; work         ;
;    |MuxRegDst:Chamada9|                   ; 9 (9)               ; 0 (0)                     ; 0           ; 0            ; 0       ; 0         ; 0    ; 0            ; |UnidadedeProcessamento|MuxRegDst:Chamada9                                                                                                                 ; MuxRegDst              ; work         ;
;    |Out:Chamada12|                        ; 2726 (1)            ; 17 (17)                   ; 0           ; 0            ; 0       ; 0         ; 0    ; 0            ; |UnidadedeProcessamento|Out:Chamada12                                                                                                                      ; Out                    ; work         ;
;       |Display1:bc1|                      ; 7 (7)               ; 0 (0)                     ; 0           ; 0            ; 0       ; 0         ; 0    ; 0            ; |UnidadedeProcessamento|Out:Chamada12|Display1:bc1                                                                                                         ; Display1               ; work         ;
;       |Display2:bc2|                      ; 7 (7)               ; 0 (0)                     ; 0           ; 0            ; 0       ; 0         ; 0    ; 0            ; |UnidadedeProcessamento|Out:Chamada12|Display2:bc2                                                                                                         ; Display2               ; work         ;
;       |Display3:bc3|                      ; 7 (7)               ; 0 (0)                     ; 0           ; 0            ; 0       ; 0         ; 0    ; 0            ; |UnidadedeProcessamento|Out:Chamada12|Display3:bc3                                                                                                         ; Display3               ; work         ;
;       |Display4:bc4|                      ; 7 (7)               ; 0 (0)                     ; 0           ; 0            ; 0       ; 0         ; 0    ; 0            ; |UnidadedeProcessamento|Out:Chamada12|Display4:bc4                                                                                                         ; Display4               ; work         ;
;       |lpm_divide:Div0|                   ; 50 (0)              ; 0 (0)                     ; 0           ; 0            ; 0       ; 0         ; 0    ; 0            ; |UnidadedeProcessamento|Out:Chamada12|lpm_divide:Div0                                                                                                      ; lpm_divide             ; work         ;
;          |lpm_divide_ihm:auto_generated|  ; 50 (0)              ; 0 (0)                     ; 0           ; 0            ; 0       ; 0         ; 0    ; 0            ; |UnidadedeProcessamento|Out:Chamada12|lpm_divide:Div0|lpm_divide_ihm:auto_generated                                                                        ; lpm_divide_ihm         ; work         ;
;             |sign_div_unsign_akh:divider| ; 50 (0)              ; 0 (0)                     ; 0           ; 0            ; 0       ; 0         ; 0    ; 0            ; |UnidadedeProcessamento|Out:Chamada12|lpm_divide:Div0|lpm_divide_ihm:auto_generated|sign_div_unsign_akh:divider                                            ; sign_div_unsign_akh    ; work         ;
;                |alt_u_div_84f:divider|    ; 50 (50)             ; 0 (0)                     ; 0           ; 0            ; 0       ; 0         ; 0    ; 0            ; |UnidadedeProcessamento|Out:Chamada12|lpm_divide:Div0|lpm_divide_ihm:auto_generated|sign_div_unsign_akh:divider|alt_u_div_84f:divider                      ; alt_u_div_84f          ; work         ;
;       |lpm_divide:Div1|                   ; 76 (0)              ; 0 (0)                     ; 0           ; 0            ; 0       ; 0         ; 0    ; 0            ; |UnidadedeProcessamento|Out:Chamada12|lpm_divide:Div1                                                                                                      ; lpm_divide             ; work         ;
;          |lpm_divide_vim:auto_generated|  ; 76 (0)              ; 0 (0)                     ; 0           ; 0            ; 0       ; 0         ; 0    ; 0            ; |UnidadedeProcessamento|Out:Chamada12|lpm_divide:Div1|lpm_divide_vim:auto_generated                                                                        ; lpm_divide_vim         ; work         ;
;             |sign_div_unsign_nlh:divider| ; 76 (0)              ; 0 (0)                     ; 0           ; 0            ; 0       ; 0         ; 0    ; 0            ; |UnidadedeProcessamento|Out:Chamada12|lpm_divide:Div1|lpm_divide_vim:auto_generated|sign_div_unsign_nlh:divider                                            ; sign_div_unsign_nlh    ; work         ;
;                |alt_u_div_27f:divider|    ; 76 (76)             ; 0 (0)                     ; 0           ; 0            ; 0       ; 0         ; 0    ; 0            ; |UnidadedeProcessamento|Out:Chamada12|lpm_divide:Div1|lpm_divide_vim:auto_generated|sign_div_unsign_nlh:divider|alt_u_div_27f:divider                      ; alt_u_div_27f          ; work         ;
;       |lpm_divide:Div2|                   ; 131 (0)             ; 0 (0)                     ; 0           ; 0            ; 0       ; 0         ; 0    ; 0            ; |UnidadedeProcessamento|Out:Chamada12|lpm_divide:Div2                                                                                                      ; lpm_divide             ; work         ;
;          |lpm_divide_dkm:auto_generated|  ; 131 (0)             ; 0 (0)                     ; 0           ; 0            ; 0       ; 0         ; 0    ; 0            ; |UnidadedeProcessamento|Out:Chamada12|lpm_divide:Div2|lpm_divide_dkm:auto_generated                                                                        ; lpm_divide_dkm         ; work         ;
;             |sign_div_unsign_6nh:divider| ; 131 (0)             ; 0 (0)                     ; 0           ; 0            ; 0       ; 0         ; 0    ; 0            ; |UnidadedeProcessamento|Out:Chamada12|lpm_divide:Div2|lpm_divide_dkm:auto_generated|sign_div_unsign_6nh:divider                                            ; sign_div_unsign_6nh    ; work         ;
;                |alt_u_div_v9f:divider|    ; 131 (131)           ; 0 (0)                     ; 0           ; 0            ; 0       ; 0         ; 0    ; 0            ; |UnidadedeProcessamento|Out:Chamada12|lpm_divide:Div2|lpm_divide_dkm:auto_generated|sign_div_unsign_6nh:divider|alt_u_div_v9f:divider                      ; alt_u_div_v9f          ; work         ;
;       |lpm_divide:Mod0|                   ; 371 (0)             ; 0 (0)                     ; 0           ; 0            ; 0       ; 0         ; 0    ; 0            ; |UnidadedeProcessamento|Out:Chamada12|lpm_divide:Mod0                                                                                                      ; lpm_divide             ; work         ;
;          |lpm_divide_3bm:auto_generated|  ; 371 (0)             ; 0 (0)                     ; 0           ; 0            ; 0       ; 0         ; 0    ; 0            ; |UnidadedeProcessamento|Out:Chamada12|lpm_divide:Mod0|lpm_divide_3bm:auto_generated                                                                        ; lpm_divide_3bm         ; work         ;
;             |sign_div_unsign_olh:divider| ; 371 (0)             ; 0 (0)                     ; 0           ; 0            ; 0       ; 0         ; 0    ; 0            ; |UnidadedeProcessamento|Out:Chamada12|lpm_divide:Mod0|lpm_divide_3bm:auto_generated|sign_div_unsign_olh:divider                                            ; sign_div_unsign_olh    ; work         ;
;                |alt_u_div_47f:divider|    ; 371 (371)           ; 0 (0)                     ; 0           ; 0            ; 0       ; 0         ; 0    ; 0            ; |UnidadedeProcessamento|Out:Chamada12|lpm_divide:Mod0|lpm_divide_3bm:auto_generated|sign_div_unsign_olh:divider|alt_u_div_47f:divider                      ; alt_u_div_47f          ; work         ;
;       |lpm_divide:Mod1|                   ; 568 (0)             ; 0 (0)                     ; 0           ; 0            ; 0       ; 0         ; 0    ; 0            ; |UnidadedeProcessamento|Out:Chamada12|lpm_divide:Mod1                                                                                                      ; lpm_divide             ; work         ;
;          |lpm_divide_6bm:auto_generated|  ; 568 (0)             ; 0 (0)                     ; 0           ; 0            ; 0       ; 0         ; 0    ; 0            ; |UnidadedeProcessamento|Out:Chamada12|lpm_divide:Mod1|lpm_divide_6bm:auto_generated                                                                        ; lpm_divide_6bm         ; work         ;
;             |sign_div_unsign_rlh:divider| ; 568 (0)             ; 0 (0)                     ; 0           ; 0            ; 0       ; 0         ; 0    ; 0            ; |UnidadedeProcessamento|Out:Chamada12|lpm_divide:Mod1|lpm_divide_6bm:auto_generated|sign_div_unsign_rlh:divider                                            ; sign_div_unsign_rlh    ; work         ;
;                |alt_u_div_a7f:divider|    ; 568 (568)           ; 0 (0)                     ; 0           ; 0            ; 0       ; 0         ; 0    ; 0            ; |UnidadedeProcessamento|Out:Chamada12|lpm_divide:Mod1|lpm_divide_6bm:auto_generated|sign_div_unsign_rlh:divider|alt_u_div_a7f:divider                      ; alt_u_div_a7f          ; work         ;
;       |lpm_divide:Mod2|                   ; 703 (0)             ; 0 (0)                     ; 0           ; 0            ; 0       ; 0         ; 0    ; 0            ; |UnidadedeProcessamento|Out:Chamada12|lpm_divide:Mod2                                                                                                      ; lpm_divide             ; work         ;
;          |lpm_divide_gcm:auto_generated|  ; 703 (0)             ; 0 (0)                     ; 0           ; 0            ; 0       ; 0         ; 0    ; 0            ; |UnidadedeProcessamento|Out:Chamada12|lpm_divide:Mod2|lpm_divide_gcm:auto_generated                                                                        ; lpm_divide_gcm         ; work         ;
;             |sign_div_unsign_5nh:divider| ; 703 (0)             ; 0 (0)                     ; 0           ; 0            ; 0       ; 0         ; 0    ; 0            ; |UnidadedeProcessamento|Out:Chamada12|lpm_divide:Mod2|lpm_divide_gcm:auto_generated|sign_div_unsign_5nh:divider                                            ; sign_div_unsign_5nh    ; work         ;
;                |alt_u_div_u9f:divider|    ; 703 (703)           ; 0 (0)                     ; 0           ; 0            ; 0       ; 0         ; 0    ; 0            ; |UnidadedeProcessamento|Out:Chamada12|lpm_divide:Mod2|lpm_divide_gcm:auto_generated|sign_div_unsign_5nh:divider|alt_u_div_u9f:divider                      ; alt_u_div_u9f          ; work         ;
;       |lpm_divide:Mod3|                   ; 798 (0)             ; 0 (0)                     ; 0           ; 0            ; 0       ; 0         ; 0    ; 0            ; |UnidadedeProcessamento|Out:Chamada12|lpm_divide:Mod3                                                                                                      ; lpm_divide             ; work         ;
;          |lpm_divide_kcm:auto_generated|  ; 798 (0)             ; 0 (0)                     ; 0           ; 0            ; 0       ; 0         ; 0    ; 0            ; |UnidadedeProcessamento|Out:Chamada12|lpm_divide:Mod3|lpm_divide_kcm:auto_generated                                                                        ; lpm_divide_kcm         ; work         ;
;             |sign_div_unsign_9nh:divider| ; 798 (0)             ; 0 (0)                     ; 0           ; 0            ; 0       ; 0         ; 0    ; 0            ; |UnidadedeProcessamento|Out:Chamada12|lpm_divide:Mod3|lpm_divide_kcm:auto_generated|sign_div_unsign_9nh:divider                                            ; sign_div_unsign_9nh    ; work         ;
;                |alt_u_div_6af:divider|    ; 798 (798)           ; 0 (0)                     ; 0           ; 0            ; 0       ; 0         ; 0    ; 0            ; |UnidadedeProcessamento|Out:Chamada12|lpm_divide:Mod3|lpm_divide_kcm:auto_generated|sign_div_unsign_9nh:divider|alt_u_div_6af:divider                      ; alt_u_div_6af          ; work         ;
;    |PC:Chamada5|                          ; 10 (10)             ; 10 (10)                   ; 0           ; 0            ; 0       ; 0         ; 0    ; 0            ; |UnidadedeProcessamento|PC:Chamada5                                                                                                                        ; PC                     ; work         ;
;    |ULA:Chamada1|                         ; 1983 (850)          ; 0 (0)                     ; 0           ; 6            ; 0       ; 3         ; 0    ; 0            ; |UnidadedeProcessamento|ULA:Chamada1                                                                                                                       ; ULA                    ; work         ;
;       |lpm_divide:Div0|                   ; 1105 (0)            ; 0 (0)                     ; 0           ; 0            ; 0       ; 0         ; 0    ; 0            ; |UnidadedeProcessamento|ULA:Chamada1|lpm_divide:Div0                                                                                                       ; lpm_divide             ; work         ;
;          |lpm_divide_hkm:auto_generated|  ; 1105 (0)            ; 0 (0)                     ; 0           ; 0            ; 0       ; 0         ; 0    ; 0            ; |UnidadedeProcessamento|ULA:Chamada1|lpm_divide:Div0|lpm_divide_hkm:auto_generated                                                                         ; lpm_divide_hkm         ; work         ;
;             |sign_div_unsign_bnh:divider| ; 1105 (0)            ; 0 (0)                     ; 0           ; 0            ; 0       ; 0         ; 0    ; 0            ; |UnidadedeProcessamento|ULA:Chamada1|lpm_divide:Div0|lpm_divide_hkm:auto_generated|sign_div_unsign_bnh:divider                                             ; sign_div_unsign_bnh    ; work         ;
;                |alt_u_div_8af:divider|    ; 1105 (1104)         ; 0 (0)                     ; 0           ; 0            ; 0       ; 0         ; 0    ; 0            ; |UnidadedeProcessamento|ULA:Chamada1|lpm_divide:Div0|lpm_divide_hkm:auto_generated|sign_div_unsign_bnh:divider|alt_u_div_8af:divider                       ; alt_u_div_8af          ; work         ;
;                   |add_sub_8pc:add_sub_1| ; 1 (1)               ; 0 (0)                     ; 0           ; 0            ; 0       ; 0         ; 0    ; 0            ; |UnidadedeProcessamento|ULA:Chamada1|lpm_divide:Div0|lpm_divide_hkm:auto_generated|sign_div_unsign_bnh:divider|alt_u_div_8af:divider|add_sub_8pc:add_sub_1 ; add_sub_8pc            ; work         ;
;       |lpm_mult:Mult0|                    ; 28 (0)              ; 0 (0)                     ; 0           ; 6            ; 0       ; 3         ; 0    ; 0            ; |UnidadedeProcessamento|ULA:Chamada1|lpm_mult:Mult0                                                                                                        ; lpm_mult               ; work         ;
;          |mult_7dt:auto_generated|        ; 28 (28)             ; 0 (0)                     ; 0           ; 6            ; 0       ; 3         ; 0    ; 0            ; |UnidadedeProcessamento|ULA:Chamada1|lpm_mult:Mult0|mult_7dt:auto_generated                                                                                ; mult_7dt               ; work         ;
;    |UnidadedeControle:Chamada6|           ; 43 (43)             ; 0 (0)                     ; 0           ; 0            ; 0       ; 0         ; 0    ; 0            ; |UnidadedeProcessamento|UnidadedeControle:Chamada6                                                                                                         ; UnidadedeControle      ; work         ;
;    |UnidadedeControleULA:Chamada8|        ; 25 (25)             ; 0 (0)                     ; 0           ; 0            ; 0       ; 0         ; 0    ; 0            ; |UnidadedeProcessamento|UnidadedeControleULA:Chamada8                                                                                                      ; UnidadedeControleULA   ; work         ;
+-------------------------------------------+---------------------+---------------------------+-------------+--------------+---------+-----------+------+--------------+------------------------------------------------------------------------------------------------------------------------------------------------------------+------------------------+--------------+
Note: For table entries with two numbers listed, the numbers in parentheses indicate the number of resources of the given type used by the specific entity alone. The numbers listed outside of parentheses indicate the total resources of the given type used by the specific entity and all of its sub-entities in the hierarchy.


+------------------------------------------------------------------------------------------------------------------------------------------------------------------------------------------------+
; Analysis & Synthesis RAM Summary                                                                                                                                                               ;
+-------------------------------------------------------------------------------------------+------+------------------+--------------+--------------+--------------+--------------+-------+------+
; Name                                                                                      ; Type ; Mode             ; Port A Depth ; Port A Width ; Port B Depth ; Port B Width ; Size  ; MIF  ;
+-------------------------------------------------------------------------------------------+------+------------------+--------------+--------------+--------------+--------------+-------+------+
; MemoriadeDadosRAM:Chamada7|altsyncram:ram_rtl_0|altsyncram_02e1:auto_generated|ALTSYNCRAM ; AUTO ; Simple Dual Port ; 1024         ; 32           ; 1024         ; 32           ; 32768 ; None ;
+-------------------------------------------------------------------------------------------+------+------------------+--------------+--------------+--------------+--------------+-------+------+


+-----------------------------------------------------+
; Analysis & Synthesis DSP Block Usage Summary        ;
+---------------------------------------+-------------+
; Statistic                             ; Number Used ;
+---------------------------------------+-------------+
; Simple Multipliers (9-bit)            ; 0           ;
; Simple Multipliers (18-bit)           ; 3           ;
; Embedded Multiplier Blocks            ; --          ;
; Embedded Multiplier 9-bit elements    ; 6           ;
; Signed Embedded Multipliers           ; 0           ;
; Unsigned Embedded Multipliers         ; 3           ;
; Mixed Sign Embedded Multipliers       ; 0           ;
; Variable Sign Embedded Multipliers    ; 0           ;
; Dedicated Input Shift Register Chains ; 0           ;
+---------------------------------------+-------------+
Note: number of Embedded Multiplier Blocks used is only available after a successful fit.


+--------------------------------------------------------------------------------------------------------------------+
; User-Specified and Inferred Latches                                                                                ;
+-----------------------------------------------------+-------------------------------------+------------------------+
; Latch Name                                          ; Latch Enable Signal                 ; Free of Timing Hazards ;
+-----------------------------------------------------+-------------------------------------+------------------------+
; UnidadedeControle:Chamada6|auxALUSrc                ; UnidadedeControle:Chamada6|WideOr4  ; yes                    ;
; UnidadedeControleULA:Chamada8|RegControle[0]        ; UnidadedeControleULA:Chamada8|Mux11 ; yes                    ;
; UnidadedeControle:Chamada6|auxIn                    ; UnidadedeControle:Chamada6|WideOr4  ; yes                    ;
; UnidadedeControleULA:Chamada8|RegControle[1]        ; UnidadedeControleULA:Chamada8|Mux11 ; yes                    ;
; UnidadedeControleULA:Chamada8|RegControle[3]        ; UnidadedeControleULA:Chamada8|Mux11 ; yes                    ;
; UnidadedeControleULA:Chamada8|RegControle[2]        ; UnidadedeControleULA:Chamada8|Mux11 ; yes                    ;
; ULA:Chamada1|result[9]                              ; ULA:Chamada1|Mux64                  ; yes                    ;
; ULA:Chamada1|result[19]                             ; ULA:Chamada1|Mux64                  ; yes                    ;
; ULA:Chamada1|result[20]                             ; ULA:Chamada1|Mux64                  ; yes                    ;
; ULA:Chamada1|result[21]                             ; ULA:Chamada1|Mux64                  ; yes                    ;
; ULA:Chamada1|result[22]                             ; ULA:Chamada1|Mux64                  ; yes                    ;
; ULA:Chamada1|result[23]                             ; ULA:Chamada1|Mux64                  ; yes                    ;
; ULA:Chamada1|result[24]                             ; ULA:Chamada1|Mux64                  ; yes                    ;
; ULA:Chamada1|result[25]                             ; ULA:Chamada1|Mux64                  ; yes                    ;
; ULA:Chamada1|result[16]                             ; ULA:Chamada1|Mux64                  ; yes                    ;
; ULA:Chamada1|result[26]                             ; ULA:Chamada1|Mux64                  ; yes                    ;
; ULA:Chamada1|result[12]                             ; ULA:Chamada1|Mux64                  ; yes                    ;
; ULA:Chamada1|result[27]                             ; ULA:Chamada1|Mux64                  ; yes                    ;
; ULA:Chamada1|result[0]                              ; ULA:Chamada1|Mux64                  ; yes                    ;
; ULA:Chamada1|result[28]                             ; ULA:Chamada1|Mux64                  ; yes                    ;
; ULA:Chamada1|result[2]                              ; ULA:Chamada1|Mux64                  ; yes                    ;
; ULA:Chamada1|result[29]                             ; ULA:Chamada1|Mux64                  ; yes                    ;
; ULA:Chamada1|result[3]                              ; ULA:Chamada1|Mux64                  ; yes                    ;
; ULA:Chamada1|result[30]                             ; ULA:Chamada1|Mux64                  ; yes                    ;
; ULA:Chamada1|result[4]                              ; ULA:Chamada1|Mux64                  ; yes                    ;
; ULA:Chamada1|result[31]                             ; ULA:Chamada1|Mux64                  ; yes                    ;
; ULA:Chamada1|result[13]                             ; ULA:Chamada1|Mux64                  ; yes                    ;
; ULA:Chamada1|result[7]                              ; ULA:Chamada1|Mux64                  ; yes                    ;
; ULA:Chamada1|result[5]                              ; ULA:Chamada1|Mux64                  ; yes                    ;
; ULA:Chamada1|result[8]                              ; ULA:Chamada1|Mux64                  ; yes                    ;
; ULA:Chamada1|result[6]                              ; ULA:Chamada1|Mux64                  ; yes                    ;
; ULA:Chamada1|result[1]                              ; ULA:Chamada1|Mux64                  ; yes                    ;
; ULA:Chamada1|result[14]                             ; ULA:Chamada1|Mux64                  ; yes                    ;
; ULA:Chamada1|result[15]                             ; ULA:Chamada1|Mux64                  ; yes                    ;
; ULA:Chamada1|result[17]                             ; ULA:Chamada1|Mux64                  ; yes                    ;
; ULA:Chamada1|result[18]                             ; ULA:Chamada1|Mux64                  ; yes                    ;
; ULA:Chamada1|result[11]                             ; ULA:Chamada1|Mux64                  ; yes                    ;
; ULA:Chamada1|result[10]                             ; ULA:Chamada1|Mux64                  ; yes                    ;
; UnidadedeControle:Chamada6|auxRegDst                ; UnidadedeControle:Chamada6|WideOr4  ; yes                    ;
; UnidadedeControle:Chamada6|auxMemtoReg              ; UnidadedeControle:Chamada6|WideOr4  ; yes                    ;
; UnidadedeControle:Chamada6|auxOut                   ; UnidadedeControle:Chamada6|WideOr4  ; yes                    ;
; UnidadedeControle:Chamada6|auxJAL                   ; UnidadedeControle:Chamada6|WideOr4  ; yes                    ;
; UnidadedeControleULA:Chamada8|RegJALR               ; UnidadedeControleULA:Chamada8|Mux11 ; yes                    ;
; UnidadedeControle:Chamada6|auxRegWrite              ; UnidadedeControle:Chamada6|WideOr4  ; yes                    ;
; UnidadedeControleULA:Chamada8|RegJR                 ; UnidadedeControleULA:Chamada8|Mux11 ; yes                    ;
; UnidadedeControle:Chamada6|auxControlJump           ; UnidadedeControle:Chamada6|WideOr4  ; yes                    ;
; UnidadedeControle:Chamada6|auxBNE                   ; UnidadedeControle:Chamada6|WideOr4  ; yes                    ;
; UnidadedeControle:Chamada6|auxBEQ                   ; UnidadedeControle:Chamada6|WideOr4  ; yes                    ;
; UnidadedeControle:Chamada6|auxPCFunct               ; UnidadedeControle:Chamada6|WideOr4  ; yes                    ;
; UnidadedeControle:Chamada6|auxAluOp[0]              ; UnidadedeControle:Chamada6|WideOr4  ; yes                    ;
; UnidadedeControle:Chamada6|auxAluOp[1]              ; UnidadedeControle:Chamada6|WideOr4  ; yes                    ;
; UnidadedeControle:Chamada6|auxAluOp[2]              ; UnidadedeControle:Chamada6|WideOr4  ; yes                    ;
; UnidadedeControle:Chamada6|auxMemWrite              ; UnidadedeControle:Chamada6|WideOr4  ; yes                    ;
; UnidadedeControle:Chamada6|auxMemRead               ; UnidadedeControle:Chamada6|WideOr4  ; yes                    ;
; UnidadedeControle:Chamada6|auxHalt                  ; UnidadedeControle:Chamada6|WideOr4  ; yes                    ;
; Number of user-specified and inferred latches = 55  ;                                     ;                        ;
+-----------------------------------------------------+-------------------------------------+------------------------+
Note: All latches listed above may not be present at the end of synthesis due to various synthesis optimizations.


+-------------------------------------------------------------------------------------------------------------+
; Registers Removed During Synthesis                                                                          ;
+--------------------------------------------------+----------------------------------------------------------+
; Register name                                    ; Reason for Removal                                       ;
+--------------------------------------------------+----------------------------------------------------------+
; BancodeRegistradores:Chamada2|First_clock[2..31] ; Stuck at GND due to stuck port data_in                   ;
; Out:Chamada12|contador1[1..31]                   ; Stuck at GND due to stuck port data_in                   ;
; Entrada:Chamada11|contador[1..31]                ; Stuck at GND due to stuck port data_in                   ;
; BancodeRegistradores:Chamada2|First_clock[0]     ; Merged with BancodeRegistradores:Chamada2|First_clock[1] ;
; BancodeRegistradores:Chamada2|registers[31][9]   ; Stuck at GND due to stuck port data_in                   ;
; BancodeRegistradores:Chamada2|registers[31][31]  ; Stuck at GND due to stuck port data_in                   ;
; BancodeRegistradores:Chamada2|registers[31][30]  ; Stuck at GND due to stuck port data_in                   ;
; BancodeRegistradores:Chamada2|registers[31][29]  ; Stuck at GND due to stuck port data_in                   ;
; BancodeRegistradores:Chamada2|registers[31][28]  ; Stuck at GND due to stuck port data_in                   ;
; BancodeRegistradores:Chamada2|registers[31][27]  ; Stuck at GND due to stuck port data_in                   ;
; BancodeRegistradores:Chamada2|registers[31][26]  ; Stuck at GND due to stuck port data_in                   ;
; BancodeRegistradores:Chamada2|registers[31][25]  ; Stuck at GND due to stuck port data_in                   ;
; BancodeRegistradores:Chamada2|registers[31][24]  ; Stuck at GND due to stuck port data_in                   ;
; BancodeRegistradores:Chamada2|registers[31][23]  ; Stuck at GND due to stuck port data_in                   ;
; BancodeRegistradores:Chamada2|registers[31][22]  ; Stuck at GND due to stuck port data_in                   ;
; BancodeRegistradores:Chamada2|registers[31][21]  ; Stuck at GND due to stuck port data_in                   ;
; BancodeRegistradores:Chamada2|registers[31][20]  ; Stuck at GND due to stuck port data_in                   ;
; BancodeRegistradores:Chamada2|registers[31][19]  ; Stuck at GND due to stuck port data_in                   ;
; BancodeRegistradores:Chamada2|registers[31][18]  ; Stuck at GND due to stuck port data_in                   ;
; BancodeRegistradores:Chamada2|registers[31][17]  ; Stuck at GND due to stuck port data_in                   ;
; BancodeRegistradores:Chamada2|registers[31][16]  ; Stuck at GND due to stuck port data_in                   ;
; BancodeRegistradores:Chamada2|registers[31][15]  ; Stuck at GND due to stuck port data_in                   ;
; BancodeRegistradores:Chamada2|registers[31][14]  ; Stuck at GND due to stuck port data_in                   ;
; BancodeRegistradores:Chamada2|registers[31][13]  ; Stuck at GND due to stuck port data_in                   ;
; BancodeRegistradores:Chamada2|registers[31][12]  ; Stuck at GND due to stuck port data_in                   ;
; BancodeRegistradores:Chamada2|registers[31][11]  ; Stuck at GND due to stuck port data_in                   ;
; BancodeRegistradores:Chamada2|registers[31][10]  ; Stuck at GND due to stuck port data_in                   ;
; BancodeRegistradores:Chamada2|registers[31][8]   ; Stuck at GND due to stuck port data_in                   ;
; BancodeRegistradores:Chamada2|registers[31][7]   ; Stuck at GND due to stuck port data_in                   ;
; BancodeRegistradores:Chamada2|registers[31][6]   ; Stuck at GND due to stuck port data_in                   ;
; BancodeRegistradores:Chamada2|registers[31][5]   ; Stuck at GND due to stuck port data_in                   ;
; BancodeRegistradores:Chamada2|registers[31][4]   ; Stuck at GND due to stuck port data_in                   ;
; BancodeRegistradores:Chamada2|registers[31][3]   ; Stuck at GND due to stuck port data_in                   ;
; BancodeRegistradores:Chamada2|registers[31][2]   ; Stuck at GND due to stuck port data_in                   ;
; BancodeRegistradores:Chamada2|registers[31][1]   ; Stuck at GND due to stuck port data_in                   ;
; BancodeRegistradores:Chamada2|registers[31][0]   ; Stuck at GND due to stuck port data_in                   ;
; Total Number of Removed Registers = 125          ;                                                          ;
+--------------------------------------------------+----------------------------------------------------------+


+------------------------------------------------------+
; General Register Statistics                          ;
+----------------------------------------------+-------+
; Statistic                                    ; Value ;
+----------------------------------------------+-------+
; Total registers                              ; 1051  ;
; Number of registers using Synchronous Clear  ; 4     ;
; Number of registers using Synchronous Load   ; 22    ;
; Number of registers using Asynchronous Clear ; 0     ;
; Number of registers using Asynchronous Load  ; 0     ;
; Number of registers using Clock Enable       ; 1018  ;
; Number of registers using Preset             ; 0     ;
+----------------------------------------------+-------+


+--------------------------------------------------+
; Inverted Register Statistics                     ;
+----------------------------------------+---------+
; Inverted Register                      ; Fan out ;
+----------------------------------------+---------+
; Out:Chamada12|contador1[0]             ; 17      ;
; Total number of inverted registers = 1 ;         ;
+----------------------------------------+---------+


+-----------------------------------------------------------------------------------+
; Registers Packed Into Inferred Megafunctions                                      ;
+-------------------------------------+--------------------------------------+------+
; Register Name                       ; Megafunction                         ; Type ;
+-------------------------------------+--------------------------------------+------+
; MemoriadeDadosRAM:Chamada7|q[0..31] ; MemoriadeDadosRAM:Chamada7|ram_rtl_0 ; RAM  ;
+-------------------------------------+--------------------------------------+------+


+--------------------------------------------------------------------------------------------------------------------------------------------------------------------------------------+
; Multiplexer Restructuring Statistics (Restructuring Performed)                                                                                                                       ;
+--------------------+-----------+---------------+----------------------+------------------------+------------+------------------------------------------------------------------------+
; Multiplexer Inputs ; Bus Width ; Baseline Area ; Area if Restructured ; Saving if Restructured ; Registered ; Example Multiplexer Output                                             ;
+--------------------+-----------+---------------+----------------------+------------------------+------------+------------------------------------------------------------------------+
; 3:1                ; 16 bits   ; 32 LEs        ; 16 LEs               ; 16 LEs                 ; Yes        ; |UnidadedeProcessamento|Out:Chamada12|saidaDisplay1[2]                 ;
; 3:1                ; 10 bits   ; 20 LEs        ; 20 LEs               ; 0 LEs                  ; Yes        ; |UnidadedeProcessamento|PC:Chamada5|IndiceAtual[6]                     ;
; 3:1                ; 32 bits   ; 64 LEs        ; 32 LEs               ; 32 LEs                 ; Yes        ; |UnidadedeProcessamento|BancodeRegistradores:Chamada2|registers[31][4] ;
; 3:1                ; 32 bits   ; 64 LEs        ; 32 LEs               ; 32 LEs                 ; Yes        ; |UnidadedeProcessamento|BancodeRegistradores:Chamada2|registers[4][4]  ;
; 3:1                ; 32 bits   ; 64 LEs        ; 32 LEs               ; 32 LEs                 ; Yes        ; |UnidadedeProcessamento|BancodeRegistradores:Chamada2|registers[3][4]  ;
; 3:1                ; 32 bits   ; 64 LEs        ; 32 LEs               ; 32 LEs                 ; Yes        ; |UnidadedeProcessamento|BancodeRegistradores:Chamada2|registers[2][22] ;
; 3:1                ; 32 bits   ; 64 LEs        ; 32 LEs               ; 32 LEs                 ; Yes        ; |UnidadedeProcessamento|BancodeRegistradores:Chamada2|registers[1][29] ;
; 3:1                ; 16 bits   ; 32 LEs        ; 32 LEs               ; 0 LEs                  ; No         ; |UnidadedeProcessamento|MuxALUSRC:Chamada13|Saida_AluSrc[7]            ;
; 4:1                ; 16 bits   ; 32 LEs        ; 32 LEs               ; 0 LEs                  ; No         ; |UnidadedeProcessamento|ULA:Chamada1|Mux19                             ;
; 4:1                ; 32 bits   ; 64 LEs        ; 64 LEs               ; 0 LEs                  ; No         ; |UnidadedeProcessamento|ULA:Chamada1|Mux22                             ;
; 7:1                ; 6 bits    ; 24 LEs        ; 24 LEs               ; 0 LEs                  ; No         ; |UnidadedeProcessamento|UnidadedeControleULA:Chamada8|Mux4             ;
; 5:1                ; 8 bits    ; 24 LEs        ; 16 LEs               ; 8 LEs                  ; No         ; |UnidadedeProcessamento|ULA:Chamada1|Mux14                             ;
; 3:1                ; 32 bits   ; 64 LEs        ; 64 LEs               ; 0 LEs                  ; No         ; |UnidadedeProcessamento|ULA:Chamada1|Mux61                             ;
; 5:1                ; 31 bits   ; 93 LEs        ; 93 LEs               ; 0 LEs                  ; No         ; |UnidadedeProcessamento|ULA:Chamada1|Mux10                             ;
; 6:1                ; 4 bits    ; 16 LEs        ; 16 LEs               ; 0 LEs                  ; No         ; |UnidadedeProcessamento|ULA:Chamada1|Mux5                              ;
; 6:1                ; 16 bits   ; 64 LEs        ; 32 LEs               ; 32 LEs                 ; No         ; |UnidadedeProcessamento|ULA:Chamada1|Mux12                             ;
; 32:1               ; 32 bits   ; 672 LEs       ; 672 LEs              ; 0 LEs                  ; No         ; |UnidadedeProcessamento|BancodeRegistradores:Chamada2|Mux64            ;
; 32:1               ; 32 bits   ; 672 LEs       ; 672 LEs              ; 0 LEs                  ; No         ; |UnidadedeProcessamento|BancodeRegistradores:Chamada2|Mux13            ;
; 7:1                ; 2 bits    ; 8 LEs         ; 8 LEs                ; 0 LEs                  ; No         ; |UnidadedeProcessamento|ULA:Chamada1|Mux2                              ;
; 7:1                ; 8 bits    ; 32 LEs        ; 32 LEs               ; 0 LEs                  ; No         ; |UnidadedeProcessamento|ULA:Chamada1|Mux21                             ;
; 8:1                ; 2 bits    ; 10 LEs        ; 8 LEs                ; 2 LEs                  ; No         ; |UnidadedeProcessamento|ULA:Chamada1|Mux0                              ;
; 8:1                ; 4 bits    ; 20 LEs        ; 16 LEs               ; 4 LEs                  ; No         ; |UnidadedeProcessamento|ULA:Chamada1|Mux24                             ;
; 9:1                ; 2 bits    ; 12 LEs        ; 12 LEs               ; 0 LEs                  ; No         ; |UnidadedeProcessamento|ULA:Chamada1|Mux29                             ;
; 10:1               ; 2 bits    ; 12 LEs        ; 12 LEs               ; 0 LEs                  ; No         ; |UnidadedeProcessamento|ULA:Chamada1|Mux30                             ;
+--------------------+-----------+---------------+----------------------+------------------------+------------+------------------------------------------------------------------------+


+-------------------------------------------------------------------------------------------------------+
; Source assignments for MemoriadeDadosRAM:Chamada7|altsyncram:ram_rtl_0|altsyncram_02e1:auto_generated ;
+---------------------------------+--------------------+------+-----------------------------------------+
; Assignment                      ; Value              ; From ; To                                      ;
+---------------------------------+--------------------+------+-----------------------------------------+
; OPTIMIZE_POWER_DURING_SYNTHESIS ; NORMAL_COMPILATION ; -    ; -                                       ;
+---------------------------------+--------------------+------+-----------------------------------------+


+----------------------------------------------------------------------------+
; Parameter Settings for User Entity Instance: MemoriaInstrucoesROM:Chamada3 ;
+----------------+-------+---------------------------------------------------+
; Parameter Name ; Value ; Type                                              ;
+----------------+-------+---------------------------------------------------+
; DATA_WIDTH     ; 32    ; Signed Integer                                    ;
; ADDR_WIDTH     ; 10    ; Signed Integer                                    ;
+----------------+-------+---------------------------------------------------+
Note: In order to hide this table in the UI and the text report file, please set the "Show Parameter Settings in Synthesis Report" option in "Analysis and Synthesis Settings -> More Settings" to "Off".


+-------------------------------------------------------------------------+
; Parameter Settings for User Entity Instance: MemoriadeDadosRAM:Chamada7 ;
+----------------+-------+------------------------------------------------+
; Parameter Name ; Value ; Type                                           ;
+----------------+-------+------------------------------------------------+
; DATA_WIDTH     ; 32    ; Signed Integer                                 ;
; ADDR_WIDTH     ; 10    ; Signed Integer                                 ;
+----------------+-------+------------------------------------------------+
Note: In order to hide this table in the UI and the text report file, please set the "Show Parameter Settings in Synthesis Report" option in "Analysis and Synthesis Settings -> More Settings" to "Off".


+--------------------------------------------------------------------------------------------------+
; Parameter Settings for Inferred Entity Instance: MemoriadeDadosRAM:Chamada7|altsyncram:ram_rtl_0 ;
+------------------------------------+----------------------+--------------------------------------+
; Parameter Name                     ; Value                ; Type                                 ;
+------------------------------------+----------------------+--------------------------------------+
; BYTE_SIZE_BLOCK                    ; 8                    ; Untyped                              ;
; AUTO_CARRY_CHAINS                  ; ON                   ; AUTO_CARRY                           ;
; IGNORE_CARRY_BUFFERS               ; OFF                  ; IGNORE_CARRY                         ;
; AUTO_CASCADE_CHAINS                ; ON                   ; AUTO_CASCADE                         ;
; IGNORE_CASCADE_BUFFERS             ; OFF                  ; IGNORE_CASCADE                       ;
; WIDTH_BYTEENA                      ; 1                    ; Untyped                              ;
; OPERATION_MODE                     ; DUAL_PORT            ; Untyped                              ;
; WIDTH_A                            ; 32                   ; Untyped                              ;
; WIDTHAD_A                          ; 10                   ; Untyped                              ;
; NUMWORDS_A                         ; 1024                 ; Untyped                              ;
; OUTDATA_REG_A                      ; UNREGISTERED         ; Untyped                              ;
; ADDRESS_ACLR_A                     ; NONE                 ; Untyped                              ;
; OUTDATA_ACLR_A                     ; NONE                 ; Untyped                              ;
; WRCONTROL_ACLR_A                   ; NONE                 ; Untyped                              ;
; INDATA_ACLR_A                      ; NONE                 ; Untyped                              ;
; BYTEENA_ACLR_A                     ; NONE                 ; Untyped                              ;
; WIDTH_B                            ; 32                   ; Untyped                              ;
; WIDTHAD_B                          ; 10                   ; Untyped                              ;
; NUMWORDS_B                         ; 1024                 ; Untyped                              ;
; INDATA_REG_B                       ; CLOCK1               ; Untyped                              ;
; WRCONTROL_WRADDRESS_REG_B          ; CLOCK1               ; Untyped                              ;
; RDCONTROL_REG_B                    ; CLOCK1               ; Untyped                              ;
; ADDRESS_REG_B                      ; CLOCK1               ; Untyped                              ;
; OUTDATA_REG_B                      ; UNREGISTERED         ; Untyped                              ;
; BYTEENA_REG_B                      ; CLOCK1               ; Untyped                              ;
; INDATA_ACLR_B                      ; NONE                 ; Untyped                              ;
; WRCONTROL_ACLR_B                   ; NONE                 ; Untyped                              ;
; ADDRESS_ACLR_B                     ; NONE                 ; Untyped                              ;
; OUTDATA_ACLR_B                     ; NONE                 ; Untyped                              ;
; RDCONTROL_ACLR_B                   ; NONE                 ; Untyped                              ;
; BYTEENA_ACLR_B                     ; NONE                 ; Untyped                              ;
; WIDTH_BYTEENA_A                    ; 1                    ; Untyped                              ;
; WIDTH_BYTEENA_B                    ; 1                    ; Untyped                              ;
; RAM_BLOCK_TYPE                     ; AUTO                 ; Untyped                              ;
; BYTE_SIZE                          ; 8                    ; Untyped                              ;
; READ_DURING_WRITE_MODE_MIXED_PORTS ; DONT_CARE            ; Untyped                              ;
; READ_DURING_WRITE_MODE_PORT_A      ; NEW_DATA_NO_NBE_READ ; Untyped                              ;
; READ_DURING_WRITE_MODE_PORT_B      ; NEW_DATA_NO_NBE_READ ; Untyped                              ;
; INIT_FILE                          ; UNUSED               ; Untyped                              ;
; INIT_FILE_LAYOUT                   ; PORT_A               ; Untyped                              ;
; MAXIMUM_DEPTH                      ; 0                    ; Untyped                              ;
; CLOCK_ENABLE_INPUT_A               ; NORMAL               ; Untyped                              ;
; CLOCK_ENABLE_INPUT_B               ; NORMAL               ; Untyped                              ;
; CLOCK_ENABLE_OUTPUT_A              ; NORMAL               ; Untyped                              ;
; CLOCK_ENABLE_OUTPUT_B              ; NORMAL               ; Untyped                              ;
; CLOCK_ENABLE_CORE_A                ; USE_INPUT_CLKEN      ; Untyped                              ;
; CLOCK_ENABLE_CORE_B                ; USE_INPUT_CLKEN      ; Untyped                              ;
; ENABLE_ECC                         ; FALSE                ; Untyped                              ;
; ECC_PIPELINE_STAGE_ENABLED         ; FALSE                ; Untyped                              ;
; WIDTH_ECCSTATUS                    ; 3                    ; Untyped                              ;
; DEVICE_FAMILY                      ; Cyclone IV E         ; Untyped                              ;
; CBXI_PARAMETER                     ; altsyncram_02e1      ; Untyped                              ;
+------------------------------------+----------------------+--------------------------------------+
Note: In order to hide this table in the UI and the text report file, please set the "Show Parameter Settings in Synthesis Report" option in "Analysis and Synthesis Settings -> More Settings" to "Off".


+-------------------------------------------------------------------------------------+
; Parameter Settings for Inferred Entity Instance: ULA:Chamada1|lpm_mult:Mult0        ;
+------------------------------------------------+--------------+---------------------+
; Parameter Name                                 ; Value        ; Type                ;
+------------------------------------------------+--------------+---------------------+
; AUTO_CARRY_CHAINS                              ; ON           ; AUTO_CARRY          ;
; IGNORE_CARRY_BUFFERS                           ; OFF          ; IGNORE_CARRY        ;
; AUTO_CASCADE_CHAINS                            ; ON           ; AUTO_CASCADE        ;
; IGNORE_CASCADE_BUFFERS                         ; OFF          ; IGNORE_CASCADE      ;
; LPM_WIDTHA                                     ; 32           ; Untyped             ;
; LPM_WIDTHB                                     ; 32           ; Untyped             ;
; LPM_WIDTHP                                     ; 64           ; Untyped             ;
; LPM_WIDTHR                                     ; 64           ; Untyped             ;
; LPM_WIDTHS                                     ; 1            ; Untyped             ;
; LPM_REPRESENTATION                             ; UNSIGNED     ; Untyped             ;
; LPM_PIPELINE                                   ; 0            ; Untyped             ;
; LATENCY                                        ; 0            ; Untyped             ;
; INPUT_A_IS_CONSTANT                            ; NO           ; Untyped             ;
; INPUT_B_IS_CONSTANT                            ; NO           ; Untyped             ;
; USE_EAB                                        ; OFF          ; Untyped             ;
; MAXIMIZE_SPEED                                 ; 5            ; Untyped             ;
; DEVICE_FAMILY                                  ; Cyclone IV E ; Untyped             ;
; CARRY_CHAIN                                    ; MANUAL       ; Untyped             ;
; APEX20K_TECHNOLOGY_MAPPER                      ; LUT          ; TECH_MAPPER_APEX20K ;
; DEDICATED_MULTIPLIER_CIRCUITRY                 ; AUTO         ; Untyped             ;
; DEDICATED_MULTIPLIER_MIN_INPUT_WIDTH_FOR_AUTO  ; 0            ; Untyped             ;
; DEDICATED_MULTIPLIER_MIN_OUTPUT_WIDTH_FOR_AUTO ; 0            ; Untyped             ;
; CBXI_PARAMETER                                 ; mult_7dt     ; Untyped             ;
; INPUT_A_FIXED_VALUE                            ; Bx           ; Untyped             ;
; INPUT_B_FIXED_VALUE                            ; Bx           ; Untyped             ;
; USE_AHDL_IMPLEMENTATION                        ; OFF          ; Untyped             ;
+------------------------------------------------+--------------+---------------------+
Note: In order to hide this table in the UI and the text report file, please set the "Show Parameter Settings in Synthesis Report" option in "Analysis and Synthesis Settings -> More Settings" to "Off".


+-------------------------------------------------------------------------------+
; Parameter Settings for Inferred Entity Instance: ULA:Chamada1|lpm_divide:Div0 ;
+------------------------+----------------+-------------------------------------+
; Parameter Name         ; Value          ; Type                                ;
+------------------------+----------------+-------------------------------------+
; LPM_WIDTHN             ; 32             ; Untyped                             ;
; LPM_WIDTHD             ; 32             ; Untyped                             ;
; LPM_NREPRESENTATION    ; UNSIGNED       ; Untyped                             ;
; LPM_DREPRESENTATION    ; UNSIGNED       ; Untyped                             ;
; LPM_PIPELINE           ; 0              ; Untyped                             ;
; LPM_REMAINDERPOSITIVE  ; TRUE           ; Untyped                             ;
; MAXIMIZE_SPEED         ; 5              ; Untyped                             ;
; CBXI_PARAMETER         ; lpm_divide_hkm ; Untyped                             ;
; CARRY_CHAIN            ; MANUAL         ; Untyped                             ;
; OPTIMIZE_FOR_SPEED     ; 5              ; Untyped                             ;
; AUTO_CARRY_CHAINS      ; ON             ; AUTO_CARRY                          ;
; IGNORE_CARRY_BUFFERS   ; OFF            ; IGNORE_CARRY                        ;
; AUTO_CASCADE_CHAINS    ; ON             ; AUTO_CASCADE                        ;
; IGNORE_CASCADE_BUFFERS ; OFF            ; IGNORE_CASCADE                      ;
+------------------------+----------------+-------------------------------------+
Note: In order to hide this table in the UI and the text report file, please set the "Show Parameter Settings in Synthesis Report" option in "Analysis and Synthesis Settings -> More Settings" to "Off".


+--------------------------------------------------------------------------------+
; Parameter Settings for Inferred Entity Instance: Out:Chamada12|lpm_divide:Mod0 ;
+------------------------+----------------+--------------------------------------+
; Parameter Name         ; Value          ; Type                                 ;
+------------------------+----------------+--------------------------------------+
; LPM_WIDTHN             ; 32             ; Untyped                              ;
; LPM_WIDTHD             ; 4              ; Untyped                              ;
; LPM_NREPRESENTATION    ; UNSIGNED       ; Untyped                              ;
; LPM_DREPRESENTATION    ; UNSIGNED       ; Untyped                              ;
; LPM_PIPELINE           ; 0              ; Untyped                              ;
; LPM_REMAINDERPOSITIVE  ; TRUE           ; Untyped                              ;
; MAXIMIZE_SPEED         ; 5              ; Untyped                              ;
; CBXI_PARAMETER         ; lpm_divide_3bm ; Untyped                              ;
; CARRY_CHAIN            ; MANUAL         ; Untyped                              ;
; OPTIMIZE_FOR_SPEED     ; 5              ; Untyped                              ;
; AUTO_CARRY_CHAINS      ; ON             ; AUTO_CARRY                           ;
; IGNORE_CARRY_BUFFERS   ; OFF            ; IGNORE_CARRY                         ;
; AUTO_CASCADE_CHAINS    ; ON             ; AUTO_CASCADE                         ;
; IGNORE_CASCADE_BUFFERS ; OFF            ; IGNORE_CASCADE                       ;
+------------------------+----------------+--------------------------------------+
Note: In order to hide this table in the UI and the text report file, please set the "Show Parameter Settings in Synthesis Report" option in "Analysis and Synthesis Settings -> More Settings" to "Off".


+--------------------------------------------------------------------------------+
; Parameter Settings for Inferred Entity Instance: Out:Chamada12|lpm_divide:Mod1 ;
+------------------------+----------------+--------------------------------------+
; Parameter Name         ; Value          ; Type                                 ;
+------------------------+----------------+--------------------------------------+
; LPM_WIDTHN             ; 32             ; Untyped                              ;
; LPM_WIDTHD             ; 7              ; Untyped                              ;
; LPM_NREPRESENTATION    ; UNSIGNED       ; Untyped                              ;
; LPM_DREPRESENTATION    ; UNSIGNED       ; Untyped                              ;
; LPM_PIPELINE           ; 0              ; Untyped                              ;
; LPM_REMAINDERPOSITIVE  ; TRUE           ; Untyped                              ;
; MAXIMIZE_SPEED         ; 5              ; Untyped                              ;
; CBXI_PARAMETER         ; lpm_divide_6bm ; Untyped                              ;
; CARRY_CHAIN            ; MANUAL         ; Untyped                              ;
; OPTIMIZE_FOR_SPEED     ; 5              ; Untyped                              ;
; AUTO_CARRY_CHAINS      ; ON             ; AUTO_CARRY                           ;
; IGNORE_CARRY_BUFFERS   ; OFF            ; IGNORE_CARRY                         ;
; AUTO_CASCADE_CHAINS    ; ON             ; AUTO_CASCADE                         ;
; IGNORE_CASCADE_BUFFERS ; OFF            ; IGNORE_CASCADE                       ;
+------------------------+----------------+--------------------------------------+
Note: In order to hide this table in the UI and the text report file, please set the "Show Parameter Settings in Synthesis Report" option in "Analysis and Synthesis Settings -> More Settings" to "Off".


+--------------------------------------------------------------------------------+
; Parameter Settings for Inferred Entity Instance: Out:Chamada12|lpm_divide:Div0 ;
+------------------------+----------------+--------------------------------------+
; Parameter Name         ; Value          ; Type                                 ;
+------------------------+----------------+--------------------------------------+
; LPM_WIDTHN             ; 7              ; Untyped                              ;
; LPM_WIDTHD             ; 4              ; Untyped                              ;
; LPM_NREPRESENTATION    ; UNSIGNED       ; Untyped                              ;
; LPM_DREPRESENTATION    ; UNSIGNED       ; Untyped                              ;
; LPM_PIPELINE           ; 0              ; Untyped                              ;
; LPM_REMAINDERPOSITIVE  ; TRUE           ; Untyped                              ;
; MAXIMIZE_SPEED         ; 5              ; Untyped                              ;
; CBXI_PARAMETER         ; lpm_divide_ihm ; Untyped                              ;
; CARRY_CHAIN            ; MANUAL         ; Untyped                              ;
; OPTIMIZE_FOR_SPEED     ; 5              ; Untyped                              ;
; AUTO_CARRY_CHAINS      ; ON             ; AUTO_CARRY                           ;
; IGNORE_CARRY_BUFFERS   ; OFF            ; IGNORE_CARRY                         ;
; AUTO_CASCADE_CHAINS    ; ON             ; AUTO_CASCADE                         ;
; IGNORE_CASCADE_BUFFERS ; OFF            ; IGNORE_CASCADE                       ;
+------------------------+----------------+--------------------------------------+
Note: In order to hide this table in the UI and the text report file, please set the "Show Parameter Settings in Synthesis Report" option in "Analysis and Synthesis Settings -> More Settings" to "Off".


+--------------------------------------------------------------------------------+
; Parameter Settings for Inferred Entity Instance: Out:Chamada12|lpm_divide:Mod2 ;
+------------------------+----------------+--------------------------------------+
; Parameter Name         ; Value          ; Type                                 ;
+------------------------+----------------+--------------------------------------+
; LPM_WIDTHN             ; 32             ; Untyped                              ;
; LPM_WIDTHD             ; 10             ; Untyped                              ;
; LPM_NREPRESENTATION    ; UNSIGNED       ; Untyped                              ;
; LPM_DREPRESENTATION    ; UNSIGNED       ; Untyped                              ;
; LPM_PIPELINE           ; 0              ; Untyped                              ;
; LPM_REMAINDERPOSITIVE  ; TRUE           ; Untyped                              ;
; MAXIMIZE_SPEED         ; 5              ; Untyped                              ;
; CBXI_PARAMETER         ; lpm_divide_gcm ; Untyped                              ;
; CARRY_CHAIN            ; MANUAL         ; Untyped                              ;
; OPTIMIZE_FOR_SPEED     ; 5              ; Untyped                              ;
; AUTO_CARRY_CHAINS      ; ON             ; AUTO_CARRY                           ;
; IGNORE_CARRY_BUFFERS   ; OFF            ; IGNORE_CARRY                         ;
; AUTO_CASCADE_CHAINS    ; ON             ; AUTO_CASCADE                         ;
; IGNORE_CASCADE_BUFFERS ; OFF            ; IGNORE_CASCADE                       ;
+------------------------+----------------+--------------------------------------+
Note: In order to hide this table in the UI and the text report file, please set the "Show Parameter Settings in Synthesis Report" option in "Analysis and Synthesis Settings -> More Settings" to "Off".


+--------------------------------------------------------------------------------+
; Parameter Settings for Inferred Entity Instance: Out:Chamada12|lpm_divide:Div1 ;
+------------------------+----------------+--------------------------------------+
; Parameter Name         ; Value          ; Type                                 ;
+------------------------+----------------+--------------------------------------+
; LPM_WIDTHN             ; 10             ; Untyped                              ;
; LPM_WIDTHD             ; 7              ; Untyped                              ;
; LPM_NREPRESENTATION    ; UNSIGNED       ; Untyped                              ;
; LPM_DREPRESENTATION    ; UNSIGNED       ; Untyped                              ;
; LPM_PIPELINE           ; 0              ; Untyped                              ;
; LPM_REMAINDERPOSITIVE  ; TRUE           ; Untyped                              ;
; MAXIMIZE_SPEED         ; 5              ; Untyped                              ;
; CBXI_PARAMETER         ; lpm_divide_vim ; Untyped                              ;
; CARRY_CHAIN            ; MANUAL         ; Untyped                              ;
; OPTIMIZE_FOR_SPEED     ; 5              ; Untyped                              ;
; AUTO_CARRY_CHAINS      ; ON             ; AUTO_CARRY                           ;
; IGNORE_CARRY_BUFFERS   ; OFF            ; IGNORE_CARRY                         ;
; AUTO_CASCADE_CHAINS    ; ON             ; AUTO_CASCADE                         ;
; IGNORE_CASCADE_BUFFERS ; OFF            ; IGNORE_CASCADE                       ;
+------------------------+----------------+--------------------------------------+
Note: In order to hide this table in the UI and the text report file, please set the "Show Parameter Settings in Synthesis Report" option in "Analysis and Synthesis Settings -> More Settings" to "Off".


+--------------------------------------------------------------------------------+
; Parameter Settings for Inferred Entity Instance: Out:Chamada12|lpm_divide:Mod3 ;
+------------------------+----------------+--------------------------------------+
; Parameter Name         ; Value          ; Type                                 ;
+------------------------+----------------+--------------------------------------+
; LPM_WIDTHN             ; 32             ; Untyped                              ;
; LPM_WIDTHD             ; 14             ; Untyped                              ;
; LPM_NREPRESENTATION    ; UNSIGNED       ; Untyped                              ;
; LPM_DREPRESENTATION    ; UNSIGNED       ; Untyped                              ;
; LPM_PIPELINE           ; 0              ; Untyped                              ;
; LPM_REMAINDERPOSITIVE  ; TRUE           ; Untyped                              ;
; MAXIMIZE_SPEED         ; 5              ; Untyped                              ;
; CBXI_PARAMETER         ; lpm_divide_kcm ; Untyped                              ;
; CARRY_CHAIN            ; MANUAL         ; Untyped                              ;
; OPTIMIZE_FOR_SPEED     ; 5              ; Untyped                              ;
; AUTO_CARRY_CHAINS      ; ON             ; AUTO_CARRY                           ;
; IGNORE_CARRY_BUFFERS   ; OFF            ; IGNORE_CARRY                         ;
; AUTO_CASCADE_CHAINS    ; ON             ; AUTO_CASCADE                         ;
; IGNORE_CASCADE_BUFFERS ; OFF            ; IGNORE_CASCADE                       ;
+------------------------+----------------+--------------------------------------+
Note: In order to hide this table in the UI and the text report file, please set the "Show Parameter Settings in Synthesis Report" option in "Analysis and Synthesis Settings -> More Settings" to "Off".


+--------------------------------------------------------------------------------+
; Parameter Settings for Inferred Entity Instance: Out:Chamada12|lpm_divide:Div2 ;
+------------------------+----------------+--------------------------------------+
; Parameter Name         ; Value          ; Type                                 ;
+------------------------+----------------+--------------------------------------+
; LPM_WIDTHN             ; 14             ; Untyped                              ;
; LPM_WIDTHD             ; 10             ; Untyped                              ;
; LPM_NREPRESENTATION    ; UNSIGNED       ; Untyped                              ;
; LPM_DREPRESENTATION    ; UNSIGNED       ; Untyped                              ;
; LPM_PIPELINE           ; 0              ; Untyped                              ;
; LPM_REMAINDERPOSITIVE  ; TRUE           ; Untyped                              ;
; MAXIMIZE_SPEED         ; 5              ; Untyped                              ;
; CBXI_PARAMETER         ; lpm_divide_dkm ; Untyped                              ;
; CARRY_CHAIN            ; MANUAL         ; Untyped                              ;
; OPTIMIZE_FOR_SPEED     ; 5              ; Untyped                              ;
; AUTO_CARRY_CHAINS      ; ON             ; AUTO_CARRY                           ;
; IGNORE_CARRY_BUFFERS   ; OFF            ; IGNORE_CARRY                         ;
; AUTO_CASCADE_CHAINS    ; ON             ; AUTO_CASCADE                         ;
; IGNORE_CASCADE_BUFFERS ; OFF            ; IGNORE_CASCADE                       ;
+------------------------+----------------+--------------------------------------+
Note: In order to hide this table in the UI and the text report file, please set the "Show Parameter Settings in Synthesis Report" option in "Analysis and Synthesis Settings -> More Settings" to "Off".


+---------------------------------------------------------------------------------------------+
; altsyncram Parameter Settings by Entity Instance                                            ;
+-------------------------------------------+-------------------------------------------------+
; Name                                      ; Value                                           ;
+-------------------------------------------+-------------------------------------------------+
; Number of entity instances                ; 1                                               ;
; Entity Instance                           ; MemoriadeDadosRAM:Chamada7|altsyncram:ram_rtl_0 ;
;     -- OPERATION_MODE                     ; DUAL_PORT                                       ;
;     -- WIDTH_A                            ; 32                                              ;
;     -- NUMWORDS_A                         ; 1024                                            ;
;     -- OUTDATA_REG_A                      ; UNREGISTERED                                    ;
;     -- WIDTH_B                            ; 32                                              ;
;     -- NUMWORDS_B                         ; 1024                                            ;
;     -- ADDRESS_REG_B                      ; CLOCK1                                          ;
;     -- OUTDATA_REG_B                      ; UNREGISTERED                                    ;
;     -- RAM_BLOCK_TYPE                     ; AUTO                                            ;
;     -- READ_DURING_WRITE_MODE_MIXED_PORTS ; DONT_CARE                                       ;
+-------------------------------------------+-------------------------------------------------+


+---------------------------------------------------------------------+
; lpm_mult Parameter Settings by Entity Instance                      ;
+---------------------------------------+-----------------------------+
; Name                                  ; Value                       ;
+---------------------------------------+-----------------------------+
; Number of entity instances            ; 1                           ;
; Entity Instance                       ; ULA:Chamada1|lpm_mult:Mult0 ;
;     -- LPM_WIDTHA                     ; 32                          ;
;     -- LPM_WIDTHB                     ; 32                          ;
;     -- LPM_WIDTHP                     ; 64                          ;
;     -- LPM_REPRESENTATION             ; UNSIGNED                    ;
;     -- INPUT_A_IS_CONSTANT            ; NO                          ;
;     -- INPUT_B_IS_CONSTANT            ; NO                          ;
;     -- USE_EAB                        ; OFF                         ;
;     -- DEDICATED_MULTIPLIER_CIRCUITRY ; AUTO                        ;
;     -- INPUT_A_FIXED_VALUE            ; Bx                          ;
;     -- INPUT_B_FIXED_VALUE            ; Bx                          ;
+---------------------------------------+-----------------------------+


+-----------------------------------------------------+
; Port Connectivity Checks: "MultiplexadorJAL:MuxJAL" ;
+---------------+-------+----------+------------------+
; Port          ; Type  ; Severity ; Details          ;
+---------------+-------+----------+------------------+
; ProximoPC[10] ; Input ; Info     ; Stuck at GND     ;
+---------------+-------+----------+------------------+


+---------------------------------------------------------------------------------------------------------------------------------------------------------------------------------------------------------------+
; Port Connectivity Checks: "MemoriadeDadosRAM:Chamada7"                                                                                                                                                        ;
+------+-------+----------+-------------------------------------------------------------------------------------------------------------------------------------------------------------------------------------+
; Port ; Type  ; Severity ; Details                                                                                                                                                                             ;
+------+-------+----------+-------------------------------------------------------------------------------------------------------------------------------------------------------------------------------------+
; addr ; Input ; Warning  ; Input port expression (32 bits) is wider than the input port (10 bits) it drives.  The 22 most-significant bit(s) in the expression will be dangling if they have no other fanouts. ;
+------+-------+----------+-------------------------------------------------------------------------------------------------------------------------------------------------------------------------------------+


+------------------------------------------------------------------------------------------------------------------------------------------------------------------------------------------+
; Port Connectivity Checks: "BancodeRegistradores:Chamada2"                                                                                                                                ;
+-----------------------+--------+----------+----------------------------------------------------------------------------------------------------------------------------------------------+
; Port                  ; Type   ; Severity ; Details                                                                                                                                      ;
+-----------------------+--------+----------+----------------------------------------------------------------------------------------------------------------------------------------------+
; Unit_Control_RegWrite ; Input  ; Warning  ; Declared by entity but not connected by instance. If a default value exists, it will be used.  Otherwise, the port will be connected to GND. ;
; ReadDataRD            ; Output ; Warning  ; Declared by entity but not connected by instance. Logic that only feeds a dangling port will be removed.                                     ;
+-----------------------+--------+----------+----------------------------------------------------------------------------------------------------------------------------------------------+


+-------------------------------------------------------------------------------------------------------------------+
; Port Connectivity Checks: "Interruption:ChamadaInterruption"                                                      ;
+---------+--------+----------+-------------------------------------------------------------------------------------+
; Port    ; Type   ; Severity ; Details                                                                             ;
+---------+--------+----------+-------------------------------------------------------------------------------------+
; save_pc ; Output ; Info     ; Connected to dangling logic. Logic that only feeds a dangling port will be removed. ;
+---------+--------+----------+-------------------------------------------------------------------------------------+


+----------------------------------------------------------------------------------------------------------------------------------------------+
; Port Connectivity Checks: "MultiplexadorJumpReg:MuxJumpReg"                                                                                  ;
+------------------------------------+--------+----------+-------------------------------------------------------------------------------------+
; Port                               ; Type   ; Severity ; Details                                                                             ;
+------------------------------------+--------+----------+-------------------------------------------------------------------------------------+
; Escolhido_MultiplexadorJumpReg[10] ; Output ; Info     ; Connected to dangling logic. Logic that only feeds a dangling port will be removed. ;
+------------------------------------+--------+----------+-------------------------------------------------------------------------------------+


+-------------------------------------------------------+
; Port Connectivity Checks: "MultiplexadorJump:MuxJump" ;
+--------------------+-------+----------+---------------+
; Port               ; Type  ; Severity ; Details       ;
+--------------------+-------+----------+---------------+
; NormalouBranch[10] ; Input ; Info     ; Stuck at GND  ;
+--------------------+-------+----------+---------------+


+-----------------------------------------------+
; Port Connectivity Checks: "Jump:JumpAddr"     ;
+-------------+-------+----------+--------------+
; Port        ; Type  ; Severity ; Details      ;
+-------------+-------+----------+--------------+
; JumpContext ; Input ; Info     ; Stuck at GND ;
+-------------+-------+----------+--------------+


+-----------------------------------------------------------------------------------------------------------------------+
; Port Connectivity Checks: "UnidadedeControle:Chamada6"                                                                ;
+-------------+--------+----------+-------------------------------------------------------------------------------------+
; Port        ; Type   ; Severity ; Details                                                                             ;
+-------------+--------+----------+-------------------------------------------------------------------------------------+
; EnableClock ; Output ; Info     ; Connected to dangling logic. Logic that only feeds a dangling port will be removed. ;
+-------------+--------+----------+-------------------------------------------------------------------------------------+


+--------------------------------------------------------------------------------------------------------------------------------------------------------------------------------------------------------------+
; Port Connectivity Checks: "Out:Chamada12|Display4:bc4"                                                                                                                                                       ;
+------+-------+----------+------------------------------------------------------------------------------------------------------------------------------------------------------------------------------------+
; Port ; Type  ; Severity ; Details                                                                                                                                                                            ;
+------+-------+----------+------------------------------------------------------------------------------------------------------------------------------------------------------------------------------------+
; bcd  ; Input ; Warning  ; Input port expression (32 bits) is wider than the input port (4 bits) it drives.  The 28 most-significant bit(s) in the expression will be dangling if they have no other fanouts. ;
+------+-------+----------+------------------------------------------------------------------------------------------------------------------------------------------------------------------------------------+


+--------------------------------------------------------------------------------------------------------------------------------------------------------------------------------------------------------------+
; Port Connectivity Checks: "Out:Chamada12|Display3:bc3"                                                                                                                                                       ;
+------+-------+----------+------------------------------------------------------------------------------------------------------------------------------------------------------------------------------------+
; Port ; Type  ; Severity ; Details                                                                                                                                                                            ;
+------+-------+----------+------------------------------------------------------------------------------------------------------------------------------------------------------------------------------------+
; bcd  ; Input ; Warning  ; Input port expression (32 bits) is wider than the input port (4 bits) it drives.  The 28 most-significant bit(s) in the expression will be dangling if they have no other fanouts. ;
+------+-------+----------+------------------------------------------------------------------------------------------------------------------------------------------------------------------------------------+


+--------------------------------------------------------------------------------------------------------------------------------------------------------------------------------------------------------------+
; Port Connectivity Checks: "Out:Chamada12|Display2:bc2"                                                                                                                                                       ;
+------+-------+----------+------------------------------------------------------------------------------------------------------------------------------------------------------------------------------------+
; Port ; Type  ; Severity ; Details                                                                                                                                                                            ;
+------+-------+----------+------------------------------------------------------------------------------------------------------------------------------------------------------------------------------------+
; bcd  ; Input ; Warning  ; Input port expression (32 bits) is wider than the input port (4 bits) it drives.  The 28 most-significant bit(s) in the expression will be dangling if they have no other fanouts. ;
+------+-------+----------+------------------------------------------------------------------------------------------------------------------------------------------------------------------------------------+


+--------------------------------------------------------------------------------------------------------------------------------------------------------------------------------------------------------------+
; Port Connectivity Checks: "Out:Chamada12|Display1:bc1"                                                                                                                                                       ;
+------+-------+----------+------------------------------------------------------------------------------------------------------------------------------------------------------------------------------------+
; Port ; Type  ; Severity ; Details                                                                                                                                                                            ;
+------+-------+----------+------------------------------------------------------------------------------------------------------------------------------------------------------------------------------------+
; bcd  ; Input ; Warning  ; Input port expression (32 bits) is wider than the input port (4 bits) it drives.  The 28 most-significant bit(s) in the expression will be dangling if they have no other fanouts. ;
+------+-------+----------+------------------------------------------------------------------------------------------------------------------------------------------------------------------------------------+


+-----------------------------------------------------+
; Post-Synthesis Netlist Statistics for Top Partition ;
+-----------------------+-----------------------------+
; Type                  ; Count                       ;
+-----------------------+-----------------------------+
; boundary_port         ; 253                         ;
; cycloneiii_ff         ; 1051                        ;
;     ENA               ; 992                         ;
;     ENA SCLR          ; 4                           ;
;     ENA SLD           ; 22                          ;
;     plain             ; 33                          ;
; cycloneiii_lcell_comb ; 6710                        ;
;     arith             ; 1449                        ;
;         2 data inputs ; 61                          ;
;         3 data inputs ; 1388                        ;
;     normal            ; 5261                        ;
;         0 data inputs ; 141                         ;
;         1 data inputs ; 18                          ;
;         2 data inputs ; 1325                        ;
;         3 data inputs ; 478                         ;
;         4 data inputs ; 3299                        ;
; cycloneiii_mac_mult   ; 3                           ;
; cycloneiii_mac_out    ; 3                           ;
; cycloneiii_ram_block  ; 32                          ;
;                       ;                             ;
; Max LUT depth         ; 139.50                      ;
; Average LUT depth     ; 87.02                       ;
+-----------------------+-----------------------------+


+-------------------------------+
; Elapsed Time Per Partition    ;
+----------------+--------------+
; Partition Name ; Elapsed Time ;
+----------------+--------------+
; Top            ; 00:00:10     ;
+----------------+--------------+


+-------------------------------+
; Analysis & Synthesis Messages ;
+-------------------------------+
Info: *******************************************************************
Info: Running Quartus Prime Analysis & Synthesis
    Info: Version 25.1std.0 Build 1129 10/21/2025 SC Lite Edition
    Info: Processing started: Fri Jun 26 10:49:51 2026
Info: Command: quartus_map --read_settings_files=on --write_settings_files=off mips -c mips
Info (20030): Parallel compilation is enabled and will use 8 of the 8 processors detected
Info (12021): Found 1 design units, including 1 entities, in source file multiplexadorpc.v
    Info (12023): Found entity 1: MultiplexadorPC File: C:/Users/Mateus/Documents/Processador-MIPS-32-Bits/Processador/MultiplexadorPC.v Line: 1
Info (12021): Found 1 design units, including 1 entities, in source file multiplexadorjumpreg.v
    Info (12023): Found entity 1: MultiplexadorJumpReg File: C:/Users/Mateus/Documents/Processador-MIPS-32-Bits/Processador/MultiplexadorJumpReg.v Line: 1
Info (12021): Found 1 design units, including 1 entities, in source file multiplexadorjump.v
    Info (12023): Found entity 1: MultiplexadorJump File: C:/Users/Mateus/Documents/Processador-MIPS-32-Bits/Processador/MultiplexadorJump.v Line: 1
Info (12021): Found 1 design units, including 1 entities, in source file multiplexadorjal.v
    Info (12023): Found entity 1: MultiplexadorJAL File: C:/Users/Mateus/Documents/Processador-MIPS-32-Bits/Processador/MultiplexadorJAL.v Line: 1
Info (12021): Found 1 design units, including 1 entities, in source file multiplexadordestino.v
    Info (12023): Found entity 1: MultiplexadorDestino File: C:/Users/Mateus/Documents/Processador-MIPS-32-Bits/Processador/MultiplexadorDestino.v Line: 1
Info (12021): Found 1 design units, including 1 entities, in source file jump.v
    Info (12023): Found entity 1: Jump File: C:/Users/Mateus/Documents/Processador-MIPS-32-Bits/Processador/Jump.v Line: 1
Info (12021): Found 1 design units, including 1 entities, in source file extensorsinal.v
    Info (12023): Found entity 1: ExtensorSinal File: C:/Users/Mateus/Documents/Processador-MIPS-32-Bits/Processador/ExtensorSinal.v Line: 1
Info (12021): Found 1 design units, including 1 entities, in source file bneandbeq.v
    Info (12023): Found entity 1: BNEandBEQ File: C:/Users/Mateus/Documents/Processador-MIPS-32-Bits/Processador/BNEandBEQ.v Line: 1
Info (12021): Found 1 design units, including 1 entities, in source file ula.v
    Info (12023): Found entity 1: ULA File: C:/Users/Mateus/Documents/Processador-MIPS-32-Bits/Processador/ULA.v Line: 1
Info (12021): Found 1 design units, including 1 entities, in source file bancoderegistradores.v
    Info (12023): Found entity 1: BancodeRegistradores File: C:/Users/Mateus/Documents/Processador-MIPS-32-Bits/Processador/BancodeRegistradores.v Line: 1
Info (12021): Found 1 design units, including 1 entities, in source file unidadedeprocessamento.v
    Info (12023): Found entity 1: UnidadedeProcessamento File: C:/Users/Mateus/Documents/Processador-MIPS-32-Bits/Processador/UnidadedeProcessamento.v Line: 1
Info (12021): Found 1 design units, including 1 entities, in source file memoriadedadosram.v
    Info (12023): Found entity 1: MemoriadeDadosRAM File: C:/Users/Mateus/Documents/Processador-MIPS-32-Bits/Processador/MemoriadeDadosRAM.v Line: 4
Info (12021): Found 1 design units, including 1 entities, in source file memoriainstrucoesrom.v
    Info (12023): Found entity 1: MemoriaInstrucoesROM File: C:/Users/Mateus/Documents/Processador-MIPS-32-Bits/Processador/MemoriaInstrucoesROM.v Line: 4
Info (12021): Found 1 design units, including 1 entities, in source file unidadedecontroleula.v
    Info (12023): Found entity 1: UnidadedeControleULA File: C:/Users/Mateus/Documents/Processador-MIPS-32-Bits/Processador/UnidadedeControleULA.v Line: 1
Info (12021): Found 1 design units, including 1 entities, in source file pc.v
    Info (12023): Found entity 1: PC File: C:/Users/Mateus/Documents/Processador-MIPS-32-Bits/Processador/PC.v Line: 1
Info (12021): Found 1 design units, including 1 entities, in source file unidadedecontrole.v
    Info (12023): Found entity 1: UnidadedeControle File: C:/Users/Mateus/Documents/Processador-MIPS-32-Bits/Processador/UnidadedeControle.v Line: 1
Info (12021): Found 1 design units, including 1 entities, in source file out.v
    Info (12023): Found entity 1: Out File: C:/Users/Mateus/Documents/Processador-MIPS-32-Bits/Processador/Out.v Line: 1
Info (12021): Found 1 design units, including 1 entities, in source file display1.v
    Info (12023): Found entity 1: Display1 File: C:/Users/Mateus/Documents/Processador-MIPS-32-Bits/Processador/Display1.v Line: 1
Info (12021): Found 1 design units, including 1 entities, in source file display2.v
    Info (12023): Found entity 1: Display2 File: C:/Users/Mateus/Documents/Processador-MIPS-32-Bits/Processador/Display2.v Line: 1
Info (12021): Found 1 design units, including 1 entities, in source file display3.v
    Info (12023): Found entity 1: Display3 File: C:/Users/Mateus/Documents/Processador-MIPS-32-Bits/Processador/Display3.v Line: 1
Info (12021): Found 1 design units, including 1 entities, in source file display4.v
    Info (12023): Found entity 1: Display4 File: C:/Users/Mateus/Documents/Processador-MIPS-32-Bits/Processador/Display4.v Line: 1
Info (12021): Found 1 design units, including 1 entities, in source file branch.v
    Info (12023): Found entity 1: Branch File: C:/Users/Mateus/Documents/Processador-MIPS-32-Bits/Processador/Branch.v Line: 1
Info (12127): Elaborating entity "UnidadedeProcessamento" for the top level hierarchy
Warning (10036): Verilog HDL or VHDL warning at UnidadedeProcessamento.v(58): object "auxSelec" assigned a value but never read File: C:/Users/Mateus/Documents/Processador-MIPS-32-Bits/Processador/UnidadedeProcessamento.v Line: 58
Warning (12125): Using design file entrada.v, which is not specified as a design file for the current project, but contains definitions for 1 design units and 1 entities in project
    Info (12023): Found entity 1: Entrada File: C:/Users/Mateus/Documents/Processador-MIPS-32-Bits/Processador/entrada.v Line: 1
Info (12128): Elaborating entity "Entrada" for hierarchy "Entrada:Chamada11" File: C:/Users/Mateus/Documents/Processador-MIPS-32-Bits/Processador/UnidadedeProcessamento.v Line: 78
Warning (10230): Verilog HDL assignment warning at entrada.v(30): truncated value with size 32 to match size of target (28) File: C:/Users/Mateus/Documents/Processador-MIPS-32-Bits/Processador/entrada.v Line: 30
Warning (10230): Verilog HDL assignment warning at entrada.v(38): truncated value with size 32 to match size of target (28) File: C:/Users/Mateus/Documents/Processador-MIPS-32-Bits/Processador/entrada.v Line: 38
Info (12128): Elaborating entity "Out" for hierarchy "Out:Chamada12" File: C:/Users/Mateus/Documents/Processador-MIPS-32-Bits/Processador/UnidadedeProcessamento.v Line: 80
Info (12128): Elaborating entity "Display1" for hierarchy "Out:Chamada12|Display1:bc1" File: C:/Users/Mateus/Documents/Processador-MIPS-32-Bits/Processador/Out.v Line: 29
Info (12128): Elaborating entity "Display2" for hierarchy "Out:Chamada12|Display2:bc2" File: C:/Users/Mateus/Documents/Processador-MIPS-32-Bits/Processador/Out.v Line: 30
Info (12128): Elaborating entity "Display3" for hierarchy "Out:Chamada12|Display3:bc3" File: C:/Users/Mateus/Documents/Processador-MIPS-32-Bits/Processador/Out.v Line: 31
Info (12128): Elaborating entity "Display4" for hierarchy "Out:Chamada12|Display4:bc4" File: C:/Users/Mateus/Documents/Processador-MIPS-32-Bits/Processador/Out.v Line: 32
Info (12128): Elaborating entity "UnidadedeControle" for hierarchy "UnidadedeControle:Chamada6" File: C:/Users/Mateus/Documents/Processador-MIPS-32-Bits/Processador/UnidadedeProcessamento.v Line: 84
Warning (10858): Verilog HDL warning at UnidadedeControle.v(16): object auxEnable used but never assigned File: C:/Users/Mateus/Documents/Processador-MIPS-32-Bits/Processador/UnidadedeControle.v Line: 16
Warning (10270): Verilog HDL Case Statement warning at UnidadedeControle.v(22): incomplete case statement has no default case item File: C:/Users/Mateus/Documents/Processador-MIPS-32-Bits/Processador/UnidadedeControle.v Line: 22
Warning (10240): Verilog HDL Always Construct warning at UnidadedeControle.v(22): inferring latch(es) for variable "auxRegWrite", which holds its previous value in one or more paths through the always construct File: C:/Users/Mateus/Documents/Processador-MIPS-32-Bits/Processador/UnidadedeControle.v Line: 22
Warning (10240): Verilog HDL Always Construct warning at UnidadedeControle.v(22): inferring latch(es) for variable "auxPCFunct", which holds its previous value in one or more paths through the always construct File: C:/Users/Mateus/Documents/Processador-MIPS-32-Bits/Processador/UnidadedeControle.v Line: 22
Warning (10240): Verilog HDL Always Construct warning at UnidadedeControle.v(22): inferring latch(es) for variable "auxAluOp", which holds its previous value in one or more paths through the always construct File: C:/Users/Mateus/Documents/Processador-MIPS-32-Bits/Processador/UnidadedeControle.v Line: 22
Warning (10240): Verilog HDL Always Construct warning at UnidadedeControle.v(22): inferring latch(es) for variable "auxMemRead", which holds its previous value in one or more paths through the always construct File: C:/Users/Mateus/Documents/Processador-MIPS-32-Bits/Processador/UnidadedeControle.v Line: 22
Warning (10240): Verilog HDL Always Construct warning at UnidadedeControle.v(22): inferring latch(es) for variable "auxMemWrite", which holds its previous value in one or more paths through the always construct File: C:/Users/Mateus/Documents/Processador-MIPS-32-Bits/Processador/UnidadedeControle.v Line: 22
Warning (10240): Verilog HDL Always Construct warning at UnidadedeControle.v(22): inferring latch(es) for variable "auxMemtoReg", which holds its previous value in one or more paths through the always construct File: C:/Users/Mateus/Documents/Processador-MIPS-32-Bits/Processador/UnidadedeControle.v Line: 22
Warning (10240): Verilog HDL Always Construct warning at UnidadedeControle.v(22): inferring latch(es) for variable "auxALUSrc", which holds its previous value in one or more paths through the always construct File: C:/Users/Mateus/Documents/Processador-MIPS-32-Bits/Processador/UnidadedeControle.v Line: 22
Warning (10240): Verilog HDL Always Construct warning at UnidadedeControle.v(22): inferring latch(es) for variable "auxRegDst", which holds its previous value in one or more paths through the always construct File: C:/Users/Mateus/Documents/Processador-MIPS-32-Bits/Processador/UnidadedeControle.v Line: 22
Warning (10240): Verilog HDL Always Construct warning at UnidadedeControle.v(22): inferring latch(es) for variable "auxBEQ", which holds its previous value in one or more paths through the always construct File: C:/Users/Mateus/Documents/Processador-MIPS-32-Bits/Processador/UnidadedeControle.v Line: 22
Warning (10240): Verilog HDL Always Construct warning at UnidadedeControle.v(22): inferring latch(es) for variable "auxBNE", which holds its previous value in one or more paths through the always construct File: C:/Users/Mateus/Documents/Processador-MIPS-32-Bits/Processador/UnidadedeControle.v Line: 22
Warning (10240): Verilog HDL Always Construct warning at UnidadedeControle.v(22): inferring latch(es) for variable "auxControlJump", which holds its previous value in one or more paths through the always construct File: C:/Users/Mateus/Documents/Processador-MIPS-32-Bits/Processador/UnidadedeControle.v Line: 22
Warning (10240): Verilog HDL Always Construct warning at UnidadedeControle.v(22): inferring latch(es) for variable "auxHalt", which holds its previous value in one or more paths through the always construct File: C:/Users/Mateus/Documents/Processador-MIPS-32-Bits/Processador/UnidadedeControle.v Line: 22
Warning (10240): Verilog HDL Always Construct warning at UnidadedeControle.v(22): inferring latch(es) for variable "auxJAL", which holds its previous value in one or more paths through the always construct File: C:/Users/Mateus/Documents/Processador-MIPS-32-Bits/Processador/UnidadedeControle.v Line: 22
Warning (10240): Verilog HDL Always Construct warning at UnidadedeControle.v(22): inferring latch(es) for variable "auxOut", which holds its previous value in one or more paths through the always construct File: C:/Users/Mateus/Documents/Processador-MIPS-32-Bits/Processador/UnidadedeControle.v Line: 22
Warning (10240): Verilog HDL Always Construct warning at UnidadedeControle.v(22): inferring latch(es) for variable "auxIn", which holds its previous value in one or more paths through the always construct File: C:/Users/Mateus/Documents/Processador-MIPS-32-Bits/Processador/UnidadedeControle.v Line: 22
Warning (10030): Net "auxEnable" at UnidadedeControle.v(16) has no driver or initial value, using a default initial value '0' File: C:/Users/Mateus/Documents/Processador-MIPS-32-Bits/Processador/UnidadedeControle.v Line: 16
Info (10041): Inferred latch for "auxIn" at UnidadedeControle.v(22) File: C:/Users/Mateus/Documents/Processador-MIPS-32-Bits/Processador/UnidadedeControle.v Line: 22
Info (10041): Inferred latch for "auxOut" at UnidadedeControle.v(22) File: C:/Users/Mateus/Documents/Processador-MIPS-32-Bits/Processador/UnidadedeControle.v Line: 22
Info (10041): Inferred latch for "auxJAL" at UnidadedeControle.v(22) File: C:/Users/Mateus/Documents/Processador-MIPS-32-Bits/Processador/UnidadedeControle.v Line: 22
Info (10041): Inferred latch for "auxHalt" at UnidadedeControle.v(22) File: C:/Users/Mateus/Documents/Processador-MIPS-32-Bits/Processador/UnidadedeControle.v Line: 22
Info (10041): Inferred latch for "auxControlJump" at UnidadedeControle.v(22) File: C:/Users/Mateus/Documents/Processador-MIPS-32-Bits/Processador/UnidadedeControle.v Line: 22
Info (10041): Inferred latch for "auxBNE" at UnidadedeControle.v(22) File: C:/Users/Mateus/Documents/Processador-MIPS-32-Bits/Processador/UnidadedeControle.v Line: 22
Info (10041): Inferred latch for "auxBEQ" at UnidadedeControle.v(22) File: C:/Users/Mateus/Documents/Processador-MIPS-32-Bits/Processador/UnidadedeControle.v Line: 22
Info (10041): Inferred latch for "auxRegDst" at UnidadedeControle.v(22) File: C:/Users/Mateus/Documents/Processador-MIPS-32-Bits/Processador/UnidadedeControle.v Line: 22
Info (10041): Inferred latch for "auxALUSrc" at UnidadedeControle.v(22) File: C:/Users/Mateus/Documents/Processador-MIPS-32-Bits/Processador/UnidadedeControle.v Line: 22
Info (10041): Inferred latch for "auxMemtoReg" at UnidadedeControle.v(22) File: C:/Users/Mateus/Documents/Processador-MIPS-32-Bits/Processador/UnidadedeControle.v Line: 22
Info (10041): Inferred latch for "auxMemWrite" at UnidadedeControle.v(22) File: C:/Users/Mateus/Documents/Processador-MIPS-32-Bits/Processador/UnidadedeControle.v Line: 22
Info (10041): Inferred latch for "auxMemRead" at UnidadedeControle.v(22) File: C:/Users/Mateus/Documents/Processador-MIPS-32-Bits/Processador/UnidadedeControle.v Line: 22
Info (10041): Inferred latch for "auxAluOp[0]" at UnidadedeControle.v(22) File: C:/Users/Mateus/Documents/Processador-MIPS-32-Bits/Processador/UnidadedeControle.v Line: 22
Info (10041): Inferred latch for "auxAluOp[1]" at UnidadedeControle.v(22) File: C:/Users/Mateus/Documents/Processador-MIPS-32-Bits/Processador/UnidadedeControle.v Line: 22
Info (10041): Inferred latch for "auxAluOp[2]" at UnidadedeControle.v(22) File: C:/Users/Mateus/Documents/Processador-MIPS-32-Bits/Processador/UnidadedeControle.v Line: 22
Info (10041): Inferred latch for "auxPCFunct" at UnidadedeControle.v(22) File: C:/Users/Mateus/Documents/Processador-MIPS-32-Bits/Processador/UnidadedeControle.v Line: 22
Info (10041): Inferred latch for "auxRegWrite" at UnidadedeControle.v(22) File: C:/Users/Mateus/Documents/Processador-MIPS-32-Bits/Processador/UnidadedeControle.v Line: 22
Info (12128): Elaborating entity "UnidadedeControleULA" for hierarchy "UnidadedeControleULA:Chamada8" File: C:/Users/Mateus/Documents/Processador-MIPS-32-Bits/Processador/UnidadedeProcessamento.v Line: 86
Warning (10270): Verilog HDL Case Statement warning at UnidadedeControleULA.v(16): incomplete case statement has no default case item File: C:/Users/Mateus/Documents/Processador-MIPS-32-Bits/Processador/UnidadedeControleULA.v Line: 16
Warning (10270): Verilog HDL Case Statement warning at UnidadedeControleULA.v(14): incomplete case statement has no default case item File: C:/Users/Mateus/Documents/Processador-MIPS-32-Bits/Processador/UnidadedeControleULA.v Line: 14
Warning (10240): Verilog HDL Always Construct warning at UnidadedeControleULA.v(14): inferring latch(es) for variable "RegControle", which holds its previous value in one or more paths through the always construct File: C:/Users/Mateus/Documents/Processador-MIPS-32-Bits/Processador/UnidadedeControleULA.v Line: 14
Warning (10240): Verilog HDL Always Construct warning at UnidadedeControleULA.v(14): inferring latch(es) for variable "RegJALR", which holds its previous value in one or more paths through the always construct File: C:/Users/Mateus/Documents/Processador-MIPS-32-Bits/Processador/UnidadedeControleULA.v Line: 14
Warning (10240): Verilog HDL Always Construct warning at UnidadedeControleULA.v(14): inferring latch(es) for variable "RegJR", which holds its previous value in one or more paths through the always construct File: C:/Users/Mateus/Documents/Processador-MIPS-32-Bits/Processador/UnidadedeControleULA.v Line: 14
Info (10041): Inferred latch for "RegJR" at UnidadedeControleULA.v(14) File: C:/Users/Mateus/Documents/Processador-MIPS-32-Bits/Processador/UnidadedeControleULA.v Line: 14
Info (10041): Inferred latch for "RegJALR" at UnidadedeControleULA.v(14) File: C:/Users/Mateus/Documents/Processador-MIPS-32-Bits/Processador/UnidadedeControleULA.v Line: 14
Info (10041): Inferred latch for "RegControle[0]" at UnidadedeControleULA.v(14) File: C:/Users/Mateus/Documents/Processador-MIPS-32-Bits/Processador/UnidadedeControleULA.v Line: 14
Info (10041): Inferred latch for "RegControle[1]" at UnidadedeControleULA.v(14) File: C:/Users/Mateus/Documents/Processador-MIPS-32-Bits/Processador/UnidadedeControleULA.v Line: 14
Info (10041): Inferred latch for "RegControle[2]" at UnidadedeControleULA.v(14) File: C:/Users/Mateus/Documents/Processador-MIPS-32-Bits/Processador/UnidadedeControleULA.v Line: 14
Info (10041): Inferred latch for "RegControle[3]" at UnidadedeControleULA.v(14) File: C:/Users/Mateus/Documents/Processador-MIPS-32-Bits/Processador/UnidadedeControleULA.v Line: 14
Info (12128): Elaborating entity "MemoriaInstrucoesROM" for hierarchy "MemoriaInstrucoesROM:Chamada3" File: C:/Users/Mateus/Documents/Processador-MIPS-32-Bits/Processador/UnidadedeProcessamento.v Line: 88
Warning (10850): Verilog HDL warning at MemoriaInstrucoesROM.v(25): number of words (76) in memory file does not match the number of elements in the address range [0:1023] File: C:/Users/Mateus/Documents/Processador-MIPS-32-Bits/Processador/MemoriaInstrucoesROM.v Line: 25
Warning (10030): Net "rom.data_a" at MemoriaInstrucoesROM.v(13) has no driver or initial value, using a default initial value '0' File: C:/Users/Mateus/Documents/Processador-MIPS-32-Bits/Processador/MemoriaInstrucoesROM.v Line: 13
Warning (10030): Net "rom.waddr_a" at MemoriaInstrucoesROM.v(13) has no driver or initial value, using a default initial value '0' File: C:/Users/Mateus/Documents/Processador-MIPS-32-Bits/Processador/MemoriaInstrucoesROM.v Line: 13
Warning (10030): Net "rom.we_a" at MemoriaInstrucoesROM.v(13) has no driver or initial value, using a default initial value '0' File: C:/Users/Mateus/Documents/Processador-MIPS-32-Bits/Processador/MemoriaInstrucoesROM.v Line: 13
Info (12128): Elaborating entity "BNEandBEQ" for hierarchy "BNEandBEQ:ChamadaBranchControl" File: C:/Users/Mateus/Documents/Processador-MIPS-32-Bits/Processador/UnidadedeProcessamento.v Line: 90
Info (12128): Elaborating entity "ExtensorSinal" for hierarchy "ExtensorSinal:ExtensorBranch" File: C:/Users/Mateus/Documents/Processador-MIPS-32-Bits/Processador/UnidadedeProcessamento.v Line: 92
Info (12128): Elaborating entity "Branch" for hierarchy "Branch:BranchAddr" File: C:/Users/Mateus/Documents/Processador-MIPS-32-Bits/Processador/UnidadedeProcessamento.v Line: 94
Info (12128): Elaborating entity "Jump" for hierarchy "Jump:JumpAddr" File: C:/Users/Mateus/Documents/Processador-MIPS-32-Bits/Processador/UnidadedeProcessamento.v Line: 96
Info (12128): Elaborating entity "MultiplexadorJump" for hierarchy "MultiplexadorJump:MuxJump" File: C:/Users/Mateus/Documents/Processador-MIPS-32-Bits/Processador/UnidadedeProcessamento.v Line: 98
Info (12128): Elaborating entity "MultiplexadorJumpReg" for hierarchy "MultiplexadorJumpReg:MuxJumpReg" File: C:/Users/Mateus/Documents/Processador-MIPS-32-Bits/Processador/UnidadedeProcessamento.v Line: 100
Warning (12125): Using design file muxregdst.v, which is not specified as a design file for the current project, but contains definitions for 1 design units and 1 entities in project
    Info (12023): Found entity 1: MuxRegDst File: C:/Users/Mateus/Documents/Processador-MIPS-32-Bits/Processador/muxregdst.v Line: 1
Info (12128): Elaborating entity "MuxRegDst" for hierarchy "MuxRegDst:Chamada9" File: C:/Users/Mateus/Documents/Processador-MIPS-32-Bits/Processador/UnidadedeProcessamento.v Line: 102
Info (12128): Elaborating entity "MultiplexadorDestino" for hierarchy "MultiplexadorDestino:MuxDestino" File: C:/Users/Mateus/Documents/Processador-MIPS-32-Bits/Processador/UnidadedeProcessamento.v Line: 104
Warning (12125): Using design file interruption.v, which is not specified as a design file for the current project, but contains definitions for 1 design units and 1 entities in project
    Info (12023): Found entity 1: Interruption File: C:/Users/Mateus/Documents/Processador-MIPS-32-Bits/Processador/interruption.v Line: 1
Info (12128): Elaborating entity "Interruption" for hierarchy "Interruption:ChamadaInterruption" File: C:/Users/Mateus/Documents/Processador-MIPS-32-Bits/Processador/UnidadedeProcessamento.v Line: 106
Info (12128): Elaborating entity "PC" for hierarchy "PC:Chamada5" File: C:/Users/Mateus/Documents/Processador-MIPS-32-Bits/Processador/UnidadedeProcessamento.v Line: 108
Warning (10036): Verilog HDL or VHDL warning at PC.v(16): object "contador" assigned a value but never read File: C:/Users/Mateus/Documents/Processador-MIPS-32-Bits/Processador/PC.v Line: 16
Info (12128): Elaborating entity "BancodeRegistradores" for hierarchy "BancodeRegistradores:Chamada2" File: C:/Users/Mateus/Documents/Processador-MIPS-32-Bits/Processador/UnidadedeProcessamento.v Line: 111
Warning (12125): Using design file muxalusrc.v, which is not specified as a design file for the current project, but contains definitions for 1 design units and 1 entities in project
    Info (12023): Found entity 1: MuxALUSRC File: C:/Users/Mateus/Documents/Processador-MIPS-32-Bits/Processador/muxalusrc.v Line: 1
Info (12128): Elaborating entity "MuxALUSRC" for hierarchy "MuxALUSRC:Chamada13" File: C:/Users/Mateus/Documents/Processador-MIPS-32-Bits/Processador/UnidadedeProcessamento.v Line: 113
Info (12128): Elaborating entity "ULA" for hierarchy "ULA:Chamada1" File: C:/Users/Mateus/Documents/Processador-MIPS-32-Bits/Processador/UnidadedeProcessamento.v Line: 115
Warning (10270): Verilog HDL Case Statement warning at ULA.v(22): incomplete case statement has no default case item File: C:/Users/Mateus/Documents/Processador-MIPS-32-Bits/Processador/ULA.v Line: 22
Warning (10240): Verilog HDL Always Construct warning at ULA.v(20): inferring latch(es) for variable "result", which holds its previous value in one or more paths through the always construct File: C:/Users/Mateus/Documents/Processador-MIPS-32-Bits/Processador/ULA.v Line: 20
Info (10041): Inferred latch for "result[0]" at ULA.v(20) File: C:/Users/Mateus/Documents/Processador-MIPS-32-Bits/Processador/ULA.v Line: 20
Info (10041): Inferred latch for "result[1]" at ULA.v(20) File: C:/Users/Mateus/Documents/Processador-MIPS-32-Bits/Processador/ULA.v Line: 20
Info (10041): Inferred latch for "result[2]" at ULA.v(20) File: C:/Users/Mateus/Documents/Processador-MIPS-32-Bits/Processador/ULA.v Line: 20
Info (10041): Inferred latch for "result[3]" at ULA.v(20) File: C:/Users/Mateus/Documents/Processador-MIPS-32-Bits/Processador/ULA.v Line: 20
Info (10041): Inferred latch for "result[4]" at ULA.v(20) File: C:/Users/Mateus/Documents/Processador-MIPS-32-Bits/Processador/ULA.v Line: 20
Info (10041): Inferred latch for "result[5]" at ULA.v(20) File: C:/Users/Mateus/Documents/Processador-MIPS-32-Bits/Processador/ULA.v Line: 20
Info (10041): Inferred latch for "result[6]" at ULA.v(20) File: C:/Users/Mateus/Documents/Processador-MIPS-32-Bits/Processador/ULA.v Line: 20
Info (10041): Inferred latch for "result[7]" at ULA.v(20) File: C:/Users/Mateus/Documents/Processador-MIPS-32-Bits/Processador/ULA.v Line: 20
Info (10041): Inferred latch for "result[8]" at ULA.v(20) File: C:/Users/Mateus/Documents/Processador-MIPS-32-Bits/Processador/ULA.v Line: 20
Info (10041): Inferred latch for "result[9]" at ULA.v(20) File: C:/Users/Mateus/Documents/Processador-MIPS-32-Bits/Processador/ULA.v Line: 20
Info (10041): Inferred latch for "result[10]" at ULA.v(20) File: C:/Users/Mateus/Documents/Processador-MIPS-32-Bits/Processador/ULA.v Line: 20
Info (10041): Inferred latch for "result[11]" at ULA.v(20) File: C:/Users/Mateus/Documents/Processador-MIPS-32-Bits/Processador/ULA.v Line: 20
Info (10041): Inferred latch for "result[12]" at ULA.v(20) File: C:/Users/Mateus/Documents/Processador-MIPS-32-Bits/Processador/ULA.v Line: 20
Info (10041): Inferred latch for "result[13]" at ULA.v(20) File: C:/Users/Mateus/Documents/Processador-MIPS-32-Bits/Processador/ULA.v Line: 20
Info (10041): Inferred latch for "result[14]" at ULA.v(20) File: C:/Users/Mateus/Documents/Processador-MIPS-32-Bits/Processador/ULA.v Line: 20
Info (10041): Inferred latch for "result[15]" at ULA.v(20) File: C:/Users/Mateus/Documents/Processador-MIPS-32-Bits/Processador/ULA.v Line: 20
Info (10041): Inferred latch for "result[16]" at ULA.v(20) File: C:/Users/Mateus/Documents/Processador-MIPS-32-Bits/Processador/ULA.v Line: 20
Info (10041): Inferred latch for "result[17]" at ULA.v(20) File: C:/Users/Mateus/Documents/Processador-MIPS-32-Bits/Processador/ULA.v Line: 20
Info (10041): Inferred latch for "result[18]" at ULA.v(20) File: C:/Users/Mateus/Documents/Processador-MIPS-32-Bits/Processador/ULA.v Line: 20
Info (10041): Inferred latch for "result[19]" at ULA.v(20) File: C:/Users/Mateus/Documents/Processador-MIPS-32-Bits/Processador/ULA.v Line: 20
Info (10041): Inferred latch for "result[20]" at ULA.v(20) File: C:/Users/Mateus/Documents/Processador-MIPS-32-Bits/Processador/ULA.v Line: 20
Info (10041): Inferred latch for "result[21]" at ULA.v(20) File: C:/Users/Mateus/Documents/Processador-MIPS-32-Bits/Processador/ULA.v Line: 20
Info (10041): Inferred latch for "result[22]" at ULA.v(20) File: C:/Users/Mateus/Documents/Processador-MIPS-32-Bits/Processador/ULA.v Line: 20
Info (10041): Inferred latch for "result[23]" at ULA.v(20) File: C:/Users/Mateus/Documents/Processador-MIPS-32-Bits/Processador/ULA.v Line: 20
Info (10041): Inferred latch for "result[24]" at ULA.v(20) File: C:/Users/Mateus/Documents/Processador-MIPS-32-Bits/Processador/ULA.v Line: 20
Info (10041): Inferred latch for "result[25]" at ULA.v(20) File: C:/Users/Mateus/Documents/Processador-MIPS-32-Bits/Processador/ULA.v Line: 20
Info (10041): Inferred latch for "result[26]" at ULA.v(20) File: C:/Users/Mateus/Documents/Processador-MIPS-32-Bits/Processador/ULA.v Line: 20
Info (10041): Inferred latch for "result[27]" at ULA.v(20) File: C:/Users/Mateus/Documents/Processador-MIPS-32-Bits/Processador/ULA.v Line: 20
Info (10041): Inferred latch for "result[28]" at ULA.v(20) File: C:/Users/Mateus/Documents/Processador-MIPS-32-Bits/Processador/ULA.v Line: 20
Info (10041): Inferred latch for "result[29]" at ULA.v(20) File: C:/Users/Mateus/Documents/Processador-MIPS-32-Bits/Processador/ULA.v Line: 20
Info (10041): Inferred latch for "result[30]" at ULA.v(20) File: C:/Users/Mateus/Documents/Processador-MIPS-32-Bits/Processador/ULA.v Line: 20
Info (10041): Inferred latch for "result[31]" at ULA.v(20) File: C:/Users/Mateus/Documents/Processador-MIPS-32-Bits/Processador/ULA.v Line: 20
Info (12128): Elaborating entity "MemoriadeDadosRAM" for hierarchy "MemoriadeDadosRAM:Chamada7" File: C:/Users/Mateus/Documents/Processador-MIPS-32-Bits/Processador/UnidadedeProcessamento.v Line: 117
Warning (12125): Using design file muxmemreg.v, which is not specified as a design file for the current project, but contains definitions for 1 design units and 1 entities in project
    Info (12023): Found entity 1: MuxMemReg File: C:/Users/Mateus/Documents/Processador-MIPS-32-Bits/Processador/muxmemreg.v Line: 1
Info (12128): Elaborating entity "MuxMemReg" for hierarchy "MuxMemReg:Chamada10" File: C:/Users/Mateus/Documents/Processador-MIPS-32-Bits/Processador/UnidadedeProcessamento.v Line: 119
Info (12128): Elaborating entity "MultiplexadorJAL" for hierarchy "MultiplexadorJAL:MuxJAL" File: C:/Users/Mateus/Documents/Processador-MIPS-32-Bits/Processador/UnidadedeProcessamento.v Line: 121
Warning (276027): Inferred dual-clock RAM node "MemoriadeDadosRAM:Chamada7|ram_rtl_0" from synchronous design logic.  The read-during-write behavior of a dual-clock RAM is undefined and may not match the behavior of the original design.
Warning (127007): Memory Initialization File or Hexadecimal (Intel-Format) File "C:/Users/Mateus/Documents/Processador-MIPS-32-Bits/Processador/db/mips.ram0_MemoriaInstrucoesROM_486e6f33.hdl.mif" contains "don't care" values -- overwriting them with 0s
Info (19000): Inferred 1 megafunctions from design logic
    Info (276029): Inferred altsyncram megafunction from the following design logic: "MemoriadeDadosRAM:Chamada7|ram_rtl_0" 
        Info (286033): Parameter OPERATION_MODE set to DUAL_PORT
        Info (286033): Parameter WIDTH_A set to 32
        Info (286033): Parameter WIDTHAD_A set to 10
        Info (286033): Parameter NUMWORDS_A set to 1024
        Info (286033): Parameter WIDTH_B set to 32
        Info (286033): Parameter WIDTHAD_B set to 10
        Info (286033): Parameter NUMWORDS_B set to 1024
        Info (286033): Parameter ADDRESS_ACLR_A set to NONE
        Info (286033): Parameter OUTDATA_REG_B set to UNREGISTERED
        Info (286033): Parameter ADDRESS_ACLR_B set to NONE
        Info (286033): Parameter OUTDATA_ACLR_B set to NONE
        Info (286033): Parameter ADDRESS_REG_B set to CLOCK1
        Info (286033): Parameter INDATA_ACLR_A set to NONE
        Info (286033): Parameter WRCONTROL_ACLR_A set to NONE
Info (278001): Inferred 9 megafunctions from design logic
    Info (278003): Inferred multiplier megafunction ("lpm_mult") from the following logic: "ULA:Chamada1|Mult0" File: C:/Users/Mateus/Documents/Processador-MIPS-32-Bits/Processador/ULA.v Line: 63
    Info (278004): Inferred divider/modulo megafunction ("lpm_divide") from the following logic: "ULA:Chamada1|Div0" File: C:/Users/Mateus/Documents/Processador-MIPS-32-Bits/Processador/ULA.v Line: 64
    Info (278004): Inferred divider/modulo megafunction ("lpm_divide") from the following logic: "Out:Chamada12|Mod0" File: C:/Users/Mateus/Documents/Processador-MIPS-32-Bits/Processador/Out.v Line: 21
    Info (278004): Inferred divider/modulo megafunction ("lpm_divide") from the following logic: "Out:Chamada12|Mod1" File: C:/Users/Mateus/Documents/Processador-MIPS-32-Bits/Processador/Out.v Line: 22
    Info (278004): Inferred divider/modulo megafunction ("lpm_divide") from the following logic: "Out:Chamada12|Div0" File: C:/Users/Mateus/Documents/Processador-MIPS-32-Bits/Processador/Out.v Line: 22
    Info (278004): Inferred divider/modulo megafunction ("lpm_divide") from the following logic: "Out:Chamada12|Mod2" File: C:/Users/Mateus/Documents/Processador-MIPS-32-Bits/Processador/Out.v Line: 23
    Info (278004): Inferred divider/modulo megafunction ("lpm_divide") from the following logic: "Out:Chamada12|Div1" File: C:/Users/Mateus/Documents/Processador-MIPS-32-Bits/Processador/Out.v Line: 23
    Info (278004): Inferred divider/modulo megafunction ("lpm_divide") from the following logic: "Out:Chamada12|Mod3" File: C:/Users/Mateus/Documents/Processador-MIPS-32-Bits/Processador/Out.v Line: 24
    Info (278004): Inferred divider/modulo megafunction ("lpm_divide") from the following logic: "Out:Chamada12|Div2" File: C:/Users/Mateus/Documents/Processador-MIPS-32-Bits/Processador/Out.v Line: 24
Info (12130): Elaborated megafunction instantiation "MemoriadeDadosRAM:Chamada7|altsyncram:ram_rtl_0"
Info (12133): Instantiated megafunction "MemoriadeDadosRAM:Chamada7|altsyncram:ram_rtl_0" with the following parameter:
    Info (12134): Parameter "OPERATION_MODE" = "DUAL_PORT"
    Info (12134): Parameter "WIDTH_A" = "32"
    Info (12134): Parameter "WIDTHAD_A" = "10"
    Info (12134): Parameter "NUMWORDS_A" = "1024"
    Info (12134): Parameter "WIDTH_B" = "32"
    Info (12134): Parameter "WIDTHAD_B" = "10"
    Info (12134): Parameter "NUMWORDS_B" = "1024"
    Info (12134): Parameter "ADDRESS_ACLR_A" = "NONE"
    Info (12134): Parameter "OUTDATA_REG_B" = "UNREGISTERED"
    Info (12134): Parameter "ADDRESS_ACLR_B" = "NONE"
    Info (12134): Parameter "OUTDATA_ACLR_B" = "NONE"
    Info (12134): Parameter "ADDRESS_REG_B" = "CLOCK1"
    Info (12134): Parameter "INDATA_ACLR_A" = "NONE"
    Info (12134): Parameter "WRCONTROL_ACLR_A" = "NONE"
Info (12021): Found 1 design units, including 1 entities, in source file db/altsyncram_02e1.tdf
    Info (12023): Found entity 1: altsyncram_02e1 File: C:/Users/Mateus/Documents/Processador-MIPS-32-Bits/Processador/db/altsyncram_02e1.tdf Line: 28
Info (12130): Elaborated megafunction instantiation "ULA:Chamada1|lpm_mult:Mult0" File: C:/Users/Mateus/Documents/Processador-MIPS-32-Bits/Processador/ULA.v Line: 63
Info (12133): Instantiated megafunction "ULA:Chamada1|lpm_mult:Mult0" with the following parameter: File: C:/Users/Mateus/Documents/Processador-MIPS-32-Bits/Processador/ULA.v Line: 63
    Info (12134): Parameter "LPM_WIDTHA" = "32"
    Info (12134): Parameter "LPM_WIDTHB" = "32"
    Info (12134): Parameter "LPM_WIDTHP" = "64"
    Info (12134): Parameter "LPM_WIDTHR" = "64"
    Info (12134): Parameter "LPM_WIDTHS" = "1"
    Info (12134): Parameter "LPM_REPRESENTATION" = "UNSIGNED"
    Info (12134): Parameter "INPUT_A_IS_CONSTANT" = "NO"
    Info (12134): Parameter "INPUT_B_IS_CONSTANT" = "NO"
    Info (12134): Parameter "MAXIMIZE_SPEED" = "5"
Info (12021): Found 1 design units, including 1 entities, in source file db/mult_7dt.tdf
    Info (12023): Found entity 1: mult_7dt File: C:/Users/Mateus/Documents/Processador-MIPS-32-Bits/Processador/db/mult_7dt.tdf Line: 31
Info (12130): Elaborated megafunction instantiation "ULA:Chamada1|lpm_divide:Div0" File: C:/Users/Mateus/Documents/Processador-MIPS-32-Bits/Processador/ULA.v Line: 64
Info (12133): Instantiated megafunction "ULA:Chamada1|lpm_divide:Div0" with the following parameter: File: C:/Users/Mateus/Documents/Processador-MIPS-32-Bits/Processador/ULA.v Line: 64
    Info (12134): Parameter "LPM_WIDTHN" = "32"
    Info (12134): Parameter "LPM_WIDTHD" = "32"
    Info (12134): Parameter "LPM_NREPRESENTATION" = "UNSIGNED"
    Info (12134): Parameter "LPM_DREPRESENTATION" = "UNSIGNED"
Info (12021): Found 1 design units, including 1 entities, in source file db/lpm_divide_hkm.tdf
    Info (12023): Found entity 1: lpm_divide_hkm File: C:/Users/Mateus/Documents/Processador-MIPS-32-Bits/Processador/db/lpm_divide_hkm.tdf Line: 25
Info (12021): Found 1 design units, including 1 entities, in source file db/sign_div_unsign_bnh.tdf
    Info (12023): Found entity 1: sign_div_unsign_bnh File: C:/Users/Mateus/Documents/Processador-MIPS-32-Bits/Processador/db/sign_div_unsign_bnh.tdf Line: 25
Info (12021): Found 1 design units, including 1 entities, in source file db/alt_u_div_8af.tdf
    Info (12023): Found entity 1: alt_u_div_8af File: C:/Users/Mateus/Documents/Processador-MIPS-32-Bits/Processador/db/alt_u_div_8af.tdf Line: 27
Info (12021): Found 1 design units, including 1 entities, in source file db/add_sub_7pc.tdf
    Info (12023): Found entity 1: add_sub_7pc File: C:/Users/Mateus/Documents/Processador-MIPS-32-Bits/Processador/db/add_sub_7pc.tdf Line: 23
Info (12021): Found 1 design units, including 1 entities, in source file db/add_sub_8pc.tdf
    Info (12023): Found entity 1: add_sub_8pc File: C:/Users/Mateus/Documents/Processador-MIPS-32-Bits/Processador/db/add_sub_8pc.tdf Line: 23
Info (12130): Elaborated megafunction instantiation "Out:Chamada12|lpm_divide:Mod0" File: C:/Users/Mateus/Documents/Processador-MIPS-32-Bits/Processador/Out.v Line: 21
Info (12133): Instantiated megafunction "Out:Chamada12|lpm_divide:Mod0" with the following parameter: File: C:/Users/Mateus/Documents/Processador-MIPS-32-Bits/Processador/Out.v Line: 21
    Info (12134): Parameter "LPM_WIDTHN" = "32"
    Info (12134): Parameter "LPM_WIDTHD" = "4"
    Info (12134): Parameter "LPM_NREPRESENTATION" = "UNSIGNED"
    Info (12134): Parameter "LPM_DREPRESENTATION" = "UNSIGNED"
Info (12021): Found 1 design units, including 1 entities, in source file db/lpm_divide_3bm.tdf
    Info (12023): Found entity 1: lpm_divide_3bm File: C:/Users/Mateus/Documents/Processador-MIPS-32-Bits/Processador/db/lpm_divide_3bm.tdf Line: 25
Info (12021): Found 1 design units, including 1 entities, in source file db/sign_div_unsign_olh.tdf
    Info (12023): Found entity 1: sign_div_unsign_olh File: C:/Users/Mateus/Documents/Processador-MIPS-32-Bits/Processador/db/sign_div_unsign_olh.tdf Line: 25
Info (12021): Found 1 design units, including 1 entities, in source file db/alt_u_div_47f.tdf
    Info (12023): Found entity 1: alt_u_div_47f File: C:/Users/Mateus/Documents/Processador-MIPS-32-Bits/Processador/db/alt_u_div_47f.tdf Line: 27
Info (12130): Elaborated megafunction instantiation "Out:Chamada12|lpm_divide:Mod1" File: C:/Users/Mateus/Documents/Processador-MIPS-32-Bits/Processador/Out.v Line: 22
Info (12133): Instantiated megafunction "Out:Chamada12|lpm_divide:Mod1" with the following parameter: File: C:/Users/Mateus/Documents/Processador-MIPS-32-Bits/Processador/Out.v Line: 22
    Info (12134): Parameter "LPM_WIDTHN" = "32"
    Info (12134): Parameter "LPM_WIDTHD" = "7"
    Info (12134): Parameter "LPM_NREPRESENTATION" = "UNSIGNED"
    Info (12134): Parameter "LPM_DREPRESENTATION" = "UNSIGNED"
Info (12021): Found 1 design units, including 1 entities, in source file db/lpm_divide_6bm.tdf
    Info (12023): Found entity 1: lpm_divide_6bm File: C:/Users/Mateus/Documents/Processador-MIPS-32-Bits/Processador/db/lpm_divide_6bm.tdf Line: 25
Info (12021): Found 1 design units, including 1 entities, in source file db/sign_div_unsign_rlh.tdf
    Info (12023): Found entity 1: sign_div_unsign_rlh File: C:/Users/Mateus/Documents/Processador-MIPS-32-Bits/Processador/db/sign_div_unsign_rlh.tdf Line: 25
Info (12021): Found 1 design units, including 1 entities, in source file db/alt_u_div_a7f.tdf
    Info (12023): Found entity 1: alt_u_div_a7f File: C:/Users/Mateus/Documents/Processador-MIPS-32-Bits/Processador/db/alt_u_div_a7f.tdf Line: 27
Info (12130): Elaborated megafunction instantiation "Out:Chamada12|lpm_divide:Div0" File: C:/Users/Mateus/Documents/Processador-MIPS-32-Bits/Processador/Out.v Line: 22
Info (12133): Instantiated megafunction "Out:Chamada12|lpm_divide:Div0" with the following parameter: File: C:/Users/Mateus/Documents/Processador-MIPS-32-Bits/Processador/Out.v Line: 22
    Info (12134): Parameter "LPM_WIDTHN" = "7"
    Info (12134): Parameter "LPM_WIDTHD" = "4"
    Info (12134): Parameter "LPM_NREPRESENTATION" = "UNSIGNED"
    Info (12134): Parameter "LPM_DREPRESENTATION" = "UNSIGNED"
Info (12021): Found 1 design units, including 1 entities, in source file db/lpm_divide_ihm.tdf
    Info (12023): Found entity 1: lpm_divide_ihm File: C:/Users/Mateus/Documents/Processador-MIPS-32-Bits/Processador/db/lpm_divide_ihm.tdf Line: 25
Info (12021): Found 1 design units, including 1 entities, in source file db/sign_div_unsign_akh.tdf
    Info (12023): Found entity 1: sign_div_unsign_akh File: C:/Users/Mateus/Documents/Processador-MIPS-32-Bits/Processador/db/sign_div_unsign_akh.tdf Line: 25
Info (12021): Found 1 design units, including 1 entities, in source file db/alt_u_div_84f.tdf
    Info (12023): Found entity 1: alt_u_div_84f File: C:/Users/Mateus/Documents/Processador-MIPS-32-Bits/Processador/db/alt_u_div_84f.tdf Line: 27
Info (12130): Elaborated megafunction instantiation "Out:Chamada12|lpm_divide:Mod2" File: C:/Users/Mateus/Documents/Processador-MIPS-32-Bits/Processador/Out.v Line: 23
Info (12133): Instantiated megafunction "Out:Chamada12|lpm_divide:Mod2" with the following parameter: File: C:/Users/Mateus/Documents/Processador-MIPS-32-Bits/Processador/Out.v Line: 23
    Info (12134): Parameter "LPM_WIDTHN" = "32"
    Info (12134): Parameter "LPM_WIDTHD" = "10"
    Info (12134): Parameter "LPM_NREPRESENTATION" = "UNSIGNED"
    Info (12134): Parameter "LPM_DREPRESENTATION" = "UNSIGNED"
Info (12021): Found 1 design units, including 1 entities, in source file db/lpm_divide_gcm.tdf
    Info (12023): Found entity 1: lpm_divide_gcm File: C:/Users/Mateus/Documents/Processador-MIPS-32-Bits/Processador/db/lpm_divide_gcm.tdf Line: 25
Info (12021): Found 1 design units, including 1 entities, in source file db/sign_div_unsign_5nh.tdf
    Info (12023): Found entity 1: sign_div_unsign_5nh File: C:/Users/Mateus/Documents/Processador-MIPS-32-Bits/Processador/db/sign_div_unsign_5nh.tdf Line: 25
Info (12021): Found 1 design units, including 1 entities, in source file db/alt_u_div_u9f.tdf
    Info (12023): Found entity 1: alt_u_div_u9f File: C:/Users/Mateus/Documents/Processador-MIPS-32-Bits/Processador/db/alt_u_div_u9f.tdf Line: 27
Info (12130): Elaborated megafunction instantiation "Out:Chamada12|lpm_divide:Div1" File: C:/Users/Mateus/Documents/Processador-MIPS-32-Bits/Processador/Out.v Line: 23
Info (12133): Instantiated megafunction "Out:Chamada12|lpm_divide:Div1" with the following parameter: File: C:/Users/Mateus/Documents/Processador-MIPS-32-Bits/Processador/Out.v Line: 23
    Info (12134): Parameter "LPM_WIDTHN" = "10"
    Info (12134): Parameter "LPM_WIDTHD" = "7"
    Info (12134): Parameter "LPM_NREPRESENTATION" = "UNSIGNED"
    Info (12134): Parameter "LPM_DREPRESENTATION" = "UNSIGNED"
Info (12021): Found 1 design units, including 1 entities, in source file db/lpm_divide_vim.tdf
    Info (12023): Found entity 1: lpm_divide_vim File: C:/Users/Mateus/Documents/Processador-MIPS-32-Bits/Processador/db/lpm_divide_vim.tdf Line: 25
Info (12021): Found 1 design units, including 1 entities, in source file db/sign_div_unsign_nlh.tdf
    Info (12023): Found entity 1: sign_div_unsign_nlh File: C:/Users/Mateus/Documents/Processador-MIPS-32-Bits/Processador/db/sign_div_unsign_nlh.tdf Line: 25
Info (12021): Found 1 design units, including 1 entities, in source file db/alt_u_div_27f.tdf
    Info (12023): Found entity 1: alt_u_div_27f File: C:/Users/Mateus/Documents/Processador-MIPS-32-Bits/Processador/db/alt_u_div_27f.tdf Line: 27
Info (12130): Elaborated megafunction instantiation "Out:Chamada12|lpm_divide:Mod3" File: C:/Users/Mateus/Documents/Processador-MIPS-32-Bits/Processador/Out.v Line: 24
Info (12133): Instantiated megafunction "Out:Chamada12|lpm_divide:Mod3" with the following parameter: File: C:/Users/Mateus/Documents/Processador-MIPS-32-Bits/Processador/Out.v Line: 24
    Info (12134): Parameter "LPM_WIDTHN" = "32"
    Info (12134): Parameter "LPM_WIDTHD" = "14"
    Info (12134): Parameter "LPM_NREPRESENTATION" = "UNSIGNED"
    Info (12134): Parameter "LPM_DREPRESENTATION" = "UNSIGNED"
Info (12021): Found 1 design units, including 1 entities, in source file db/lpm_divide_kcm.tdf
    Info (12023): Found entity 1: lpm_divide_kcm File: C:/Users/Mateus/Documents/Processador-MIPS-32-Bits/Processador/db/lpm_divide_kcm.tdf Line: 25
Info (12021): Found 1 design units, including 1 entities, in source file db/sign_div_unsign_9nh.tdf
    Info (12023): Found entity 1: sign_div_unsign_9nh File: C:/Users/Mateus/Documents/Processador-MIPS-32-Bits/Processador/db/sign_div_unsign_9nh.tdf Line: 25
Info (12021): Found 1 design units, including 1 entities, in source file db/alt_u_div_6af.tdf
    Info (12023): Found entity 1: alt_u_div_6af File: C:/Users/Mateus/Documents/Processador-MIPS-32-Bits/Processador/db/alt_u_div_6af.tdf Line: 27
Info (12130): Elaborated megafunction instantiation "Out:Chamada12|lpm_divide:Div2" File: C:/Users/Mateus/Documents/Processador-MIPS-32-Bits/Processador/Out.v Line: 24
Info (12133): Instantiated megafunction "Out:Chamada12|lpm_divide:Div2" with the following parameter: File: C:/Users/Mateus/Documents/Processador-MIPS-32-Bits/Processador/Out.v Line: 24
    Info (12134): Parameter "LPM_WIDTHN" = "14"
    Info (12134): Parameter "LPM_WIDTHD" = "10"
    Info (12134): Parameter "LPM_NREPRESENTATION" = "UNSIGNED"
    Info (12134): Parameter "LPM_DREPRESENTATION" = "UNSIGNED"
Info (12021): Found 1 design units, including 1 entities, in source file db/lpm_divide_dkm.tdf
    Info (12023): Found entity 1: lpm_divide_dkm File: C:/Users/Mateus/Documents/Processador-MIPS-32-Bits/Processador/db/lpm_divide_dkm.tdf Line: 25
Info (12021): Found 1 design units, including 1 entities, in source file db/sign_div_unsign_6nh.tdf
    Info (12023): Found entity 1: sign_div_unsign_6nh File: C:/Users/Mateus/Documents/Processador-MIPS-32-Bits/Processador/db/sign_div_unsign_6nh.tdf Line: 25
Info (12021): Found 1 design units, including 1 entities, in source file db/alt_u_div_v9f.tdf
    Info (12023): Found entity 1: alt_u_div_v9f File: C:/Users/Mateus/Documents/Processador-MIPS-32-Bits/Processador/db/alt_u_div_v9f.tdf Line: 27
Warning (14284): Synthesized away the following node(s):
    Warning (14285): Synthesized away the following DSP element node(s):
        Warning (14320): Synthesized away node "ULA:Chamada1|lpm_mult:Mult0|mult_7dt:auto_generated|mac_mult7" File: C:/Users/Mateus/Documents/Processador-MIPS-32-Bits/Processador/db/mult_7dt.tdf Line: 67
        Warning (14320): Synthesized away node "ULA:Chamada1|lpm_mult:Mult0|mult_7dt:auto_generated|mac_out8" File: C:/Users/Mateus/Documents/Processador-MIPS-32-Bits/Processador/db/mult_7dt.tdf Line: 91
Warning (12241): 6 hierarchies have connectivity warnings - see the Connectivity Checks report folder
Info (13014): Ignored 84 buffer(s)
    Info (13019): Ignored 84 SOFT buffer(s)
Info (13025): Duplicate LATCH primitives merged into single LATCH primitive
    Info (13026): Duplicate LATCH primitive "UnidadedeControle:Chamada6|auxMemRead" merged with LATCH primitive "UnidadedeControle:Chamada6|auxMemtoReg" File: C:/Users/Mateus/Documents/Processador-MIPS-32-Bits/Processador/UnidadedeControle.v Line: 22
Warning (13012): Latch UnidadedeControle:Chamada6|auxALUSrc has unsafe behavior File: C:/Users/Mateus/Documents/Processador-MIPS-32-Bits/Processador/UnidadedeControle.v Line: 22
    Warning (13013): Ports D and ENA on the latch are fed by the same signal PC:Chamada5|IndiceAtual[7] File: C:/Users/Mateus/Documents/Processador-MIPS-32-Bits/Processador/PC.v Line: 22
Warning (13012): Latch UnidadedeControleULA:Chamada8|RegControle[0] has unsafe behavior File: C:/Users/Mateus/Documents/Processador-MIPS-32-Bits/Processador/UnidadedeControleULA.v Line: 14
    Warning (13013): Ports D and ENA on the latch are fed by the same signal UnidadedeControle:Chamada6|auxAluOp[0] File: C:/Users/Mateus/Documents/Processador-MIPS-32-Bits/Processador/UnidadedeControle.v Line: 22
Warning (13012): Latch UnidadedeControle:Chamada6|auxIn has unsafe behavior File: C:/Users/Mateus/Documents/Processador-MIPS-32-Bits/Processador/UnidadedeControle.v Line: 22
    Warning (13013): Ports D and ENA on the latch are fed by the same signal PC:Chamada5|IndiceAtual[7] File: C:/Users/Mateus/Documents/Processador-MIPS-32-Bits/Processador/PC.v Line: 22
Warning (13012): Latch UnidadedeControleULA:Chamada8|RegControle[1] has unsafe behavior File: C:/Users/Mateus/Documents/Processador-MIPS-32-Bits/Processador/UnidadedeControleULA.v Line: 14
    Warning (13013): Ports D and ENA on the latch are fed by the same signal UnidadedeControle:Chamada6|auxAluOp[2] File: C:/Users/Mateus/Documents/Processador-MIPS-32-Bits/Processador/UnidadedeControle.v Line: 22
Warning (13012): Latch UnidadedeControleULA:Chamada8|RegControle[3] has unsafe behavior File: C:/Users/Mateus/Documents/Processador-MIPS-32-Bits/Processador/UnidadedeControleULA.v Line: 14
    Warning (13013): Ports D and ENA on the latch are fed by the same signal UnidadedeControle:Chamada6|auxAluOp[1] File: C:/Users/Mateus/Documents/Processador-MIPS-32-Bits/Processador/UnidadedeControle.v Line: 22
Warning (13012): Latch UnidadedeControleULA:Chamada8|RegControle[2] has unsafe behavior File: C:/Users/Mateus/Documents/Processador-MIPS-32-Bits/Processador/UnidadedeControleULA.v Line: 14
    Warning (13013): Ports D and ENA on the latch are fed by the same signal UnidadedeControle:Chamada6|auxAluOp[2] File: C:/Users/Mateus/Documents/Processador-MIPS-32-Bits/Processador/UnidadedeControle.v Line: 22
Warning (13012): Latch ULA:Chamada1|result[9] has unsafe behavior File: C:/Users/Mateus/Documents/Processador-MIPS-32-Bits/Processador/ULA.v Line: 20
    Warning (13013): Ports D and ENA on the latch are fed by the same signal UnidadedeControleULA:Chamada8|RegControle[3] File: C:/Users/Mateus/Documents/Processador-MIPS-32-Bits/Processador/UnidadedeControleULA.v Line: 14
Warning (13012): Latch ULA:Chamada1|result[19] has unsafe behavior File: C:/Users/Mateus/Documents/Processador-MIPS-32-Bits/Processador/ULA.v Line: 20
    Warning (13013): Ports D and ENA on the latch are fed by the same signal UnidadedeControleULA:Chamada8|RegControle[3] File: C:/Users/Mateus/Documents/Processador-MIPS-32-Bits/Processador/UnidadedeControleULA.v Line: 14
Warning (13012): Latch ULA:Chamada1|result[20] has unsafe behavior File: C:/Users/Mateus/Documents/Processador-MIPS-32-Bits/Processador/ULA.v Line: 20
    Warning (13013): Ports D and ENA on the latch are fed by the same signal UnidadedeControleULA:Chamada8|RegControle[3] File: C:/Users/Mateus/Documents/Processador-MIPS-32-Bits/Processador/UnidadedeControleULA.v Line: 14
Warning (13012): Latch ULA:Chamada1|result[21] has unsafe behavior File: C:/Users/Mateus/Documents/Processador-MIPS-32-Bits/Processador/ULA.v Line: 20
    Warning (13013): Ports D and ENA on the latch are fed by the same signal UnidadedeControleULA:Chamada8|RegControle[3] File: C:/Users/Mateus/Documents/Processador-MIPS-32-Bits/Processador/UnidadedeControleULA.v Line: 14
Warning (13012): Latch ULA:Chamada1|result[22] has unsafe behavior File: C:/Users/Mateus/Documents/Processador-MIPS-32-Bits/Processador/ULA.v Line: 20
    Warning (13013): Ports D and ENA on the latch are fed by the same signal UnidadedeControleULA:Chamada8|RegControle[3] File: C:/Users/Mateus/Documents/Processador-MIPS-32-Bits/Processador/UnidadedeControleULA.v Line: 14
Warning (13012): Latch ULA:Chamada1|result[23] has unsafe behavior File: C:/Users/Mateus/Documents/Processador-MIPS-32-Bits/Processador/ULA.v Line: 20
    Warning (13013): Ports D and ENA on the latch are fed by the same signal UnidadedeControleULA:Chamada8|RegControle[3] File: C:/Users/Mateus/Documents/Processador-MIPS-32-Bits/Processador/UnidadedeControleULA.v Line: 14
Warning (13012): Latch ULA:Chamada1|result[24] has unsafe behavior File: C:/Users/Mateus/Documents/Processador-MIPS-32-Bits/Processador/ULA.v Line: 20
    Warning (13013): Ports D and ENA on the latch are fed by the same signal UnidadedeControleULA:Chamada8|RegControle[3] File: C:/Users/Mateus/Documents/Processador-MIPS-32-Bits/Processador/UnidadedeControleULA.v Line: 14
Warning (13012): Latch ULA:Chamada1|result[25] has unsafe behavior File: C:/Users/Mateus/Documents/Processador-MIPS-32-Bits/Processador/ULA.v Line: 20
    Warning (13013): Ports D and ENA on the latch are fed by the same signal UnidadedeControleULA:Chamada8|RegControle[3] File: C:/Users/Mateus/Documents/Processador-MIPS-32-Bits/Processador/UnidadedeControleULA.v Line: 14
Warning (13012): Latch ULA:Chamada1|result[16] has unsafe behavior File: C:/Users/Mateus/Documents/Processador-MIPS-32-Bits/Processador/ULA.v Line: 20
    Warning (13013): Ports D and ENA on the latch are fed by the same signal UnidadedeControleULA:Chamada8|RegControle[3] File: C:/Users/Mateus/Documents/Processador-MIPS-32-Bits/Processador/UnidadedeControleULA.v Line: 14
Warning (13012): Latch ULA:Chamada1|result[26] has unsafe behavior File: C:/Users/Mateus/Documents/Processador-MIPS-32-Bits/Processador/ULA.v Line: 20
    Warning (13013): Ports D and ENA on the latch are fed by the same signal UnidadedeControleULA:Chamada8|RegControle[3] File: C:/Users/Mateus/Documents/Processador-MIPS-32-Bits/Processador/UnidadedeControleULA.v Line: 14
Warning (13012): Latch ULA:Chamada1|result[12] has unsafe behavior File: C:/Users/Mateus/Documents/Processador-MIPS-32-Bits/Processador/ULA.v Line: 20
    Warning (13013): Ports D and ENA on the latch are fed by the same signal UnidadedeControleULA:Chamada8|RegControle[3] File: C:/Users/Mateus/Documents/Processador-MIPS-32-Bits/Processador/UnidadedeControleULA.v Line: 14
Warning (13012): Latch ULA:Chamada1|result[27] has unsafe behavior File: C:/Users/Mateus/Documents/Processador-MIPS-32-Bits/Processador/ULA.v Line: 20
    Warning (13013): Ports D and ENA on the latch are fed by the same signal UnidadedeControleULA:Chamada8|RegControle[3] File: C:/Users/Mateus/Documents/Processador-MIPS-32-Bits/Processador/UnidadedeControleULA.v Line: 14
Warning (13012): Latch ULA:Chamada1|result[0] has unsafe behavior File: C:/Users/Mateus/Documents/Processador-MIPS-32-Bits/Processador/ULA.v Line: 20
    Warning (13013): Ports D and ENA on the latch are fed by the same signal UnidadedeControleULA:Chamada8|RegControle[3] File: C:/Users/Mateus/Documents/Processador-MIPS-32-Bits/Processador/UnidadedeControleULA.v Line: 14
Warning (13012): Latch ULA:Chamada1|result[28] has unsafe behavior File: C:/Users/Mateus/Documents/Processador-MIPS-32-Bits/Processador/ULA.v Line: 20
    Warning (13013): Ports D and ENA on the latch are fed by the same signal UnidadedeControleULA:Chamada8|RegControle[3] File: C:/Users/Mateus/Documents/Processador-MIPS-32-Bits/Processador/UnidadedeControleULA.v Line: 14
Warning (13012): Latch ULA:Chamada1|result[2] has unsafe behavior File: C:/Users/Mateus/Documents/Processador-MIPS-32-Bits/Processador/ULA.v Line: 20
    Warning (13013): Ports D and ENA on the latch are fed by the same signal UnidadedeControleULA:Chamada8|RegControle[3] File: C:/Users/Mateus/Documents/Processador-MIPS-32-Bits/Processador/UnidadedeControleULA.v Line: 14
Warning (13012): Latch ULA:Chamada1|result[29] has unsafe behavior File: C:/Users/Mateus/Documents/Processador-MIPS-32-Bits/Processador/ULA.v Line: 20
    Warning (13013): Ports D and ENA on the latch are fed by the same signal UnidadedeControleULA:Chamada8|RegControle[3] File: C:/Users/Mateus/Documents/Processador-MIPS-32-Bits/Processador/UnidadedeControleULA.v Line: 14
Warning (13012): Latch ULA:Chamada1|result[3] has unsafe behavior File: C:/Users/Mateus/Documents/Processador-MIPS-32-Bits/Processador/ULA.v Line: 20
    Warning (13013): Ports D and ENA on the latch are fed by the same signal UnidadedeControleULA:Chamada8|RegControle[3] File: C:/Users/Mateus/Documents/Processador-MIPS-32-Bits/Processador/UnidadedeControleULA.v Line: 14
Warning (13012): Latch ULA:Chamada1|result[30] has unsafe behavior File: C:/Users/Mateus/Documents/Processador-MIPS-32-Bits/Processador/ULA.v Line: 20
    Warning (13013): Ports D and ENA on the latch are fed by the same signal UnidadedeControleULA:Chamada8|RegControle[3] File: C:/Users/Mateus/Documents/Processador-MIPS-32-Bits/Processador/UnidadedeControleULA.v Line: 14
Warning (13012): Latch ULA:Chamada1|result[4] has unsafe behavior File: C:/Users/Mateus/Documents/Processador-MIPS-32-Bits/Processador/ULA.v Line: 20
    Warning (13013): Ports D and ENA on the latch are fed by the same signal UnidadedeControleULA:Chamada8|RegControle[3] File: C:/Users/Mateus/Documents/Processador-MIPS-32-Bits/Processador/UnidadedeControleULA.v Line: 14
Warning (13012): Latch ULA:Chamada1|result[31] has unsafe behavior File: C:/Users/Mateus/Documents/Processador-MIPS-32-Bits/Processador/ULA.v Line: 20
    Warning (13013): Ports D and ENA on the latch are fed by the same signal UnidadedeControleULA:Chamada8|RegControle[3] File: C:/Users/Mateus/Documents/Processador-MIPS-32-Bits/Processador/UnidadedeControleULA.v Line: 14
Warning (13012): Latch ULA:Chamada1|result[13] has unsafe behavior File: C:/Users/Mateus/Documents/Processador-MIPS-32-Bits/Processador/ULA.v Line: 20
    Warning (13013): Ports D and ENA on the latch are fed by the same signal UnidadedeControleULA:Chamada8|RegControle[3] File: C:/Users/Mateus/Documents/Processador-MIPS-32-Bits/Processador/UnidadedeControleULA.v Line: 14
Warning (13012): Latch ULA:Chamada1|result[7] has unsafe behavior File: C:/Users/Mateus/Documents/Processador-MIPS-32-Bits/Processador/ULA.v Line: 20
    Warning (13013): Ports D and ENA on the latch are fed by the same signal UnidadedeControleULA:Chamada8|RegControle[3] File: C:/Users/Mateus/Documents/Processador-MIPS-32-Bits/Processador/UnidadedeControleULA.v Line: 14
Warning (13012): Latch ULA:Chamada1|result[5] has unsafe behavior File: C:/Users/Mateus/Documents/Processador-MIPS-32-Bits/Processador/ULA.v Line: 20
    Warning (13013): Ports D and ENA on the latch are fed by the same signal UnidadedeControleULA:Chamada8|RegControle[3] File: C:/Users/Mateus/Documents/Processador-MIPS-32-Bits/Processador/UnidadedeControleULA.v Line: 14
Warning (13012): Latch ULA:Chamada1|result[8] has unsafe behavior File: C:/Users/Mateus/Documents/Processador-MIPS-32-Bits/Processador/ULA.v Line: 20
    Warning (13013): Ports D and ENA on the latch are fed by the same signal UnidadedeControleULA:Chamada8|RegControle[3] File: C:/Users/Mateus/Documents/Processador-MIPS-32-Bits/Processador/UnidadedeControleULA.v Line: 14
Warning (13012): Latch ULA:Chamada1|result[6] has unsafe behavior File: C:/Users/Mateus/Documents/Processador-MIPS-32-Bits/Processador/ULA.v Line: 20
    Warning (13013): Ports D and ENA on the latch are fed by the same signal UnidadedeControleULA:Chamada8|RegControle[3] File: C:/Users/Mateus/Documents/Processador-MIPS-32-Bits/Processador/UnidadedeControleULA.v Line: 14
Warning (13012): Latch ULA:Chamada1|result[1] has unsafe behavior File: C:/Users/Mateus/Documents/Processador-MIPS-32-Bits/Processador/ULA.v Line: 20
    Warning (13013): Ports D and ENA on the latch are fed by the same signal UnidadedeControleULA:Chamada8|RegControle[3] File: C:/Users/Mateus/Documents/Processador-MIPS-32-Bits/Processador/UnidadedeControleULA.v Line: 14
Warning (13012): Latch ULA:Chamada1|result[14] has unsafe behavior File: C:/Users/Mateus/Documents/Processador-MIPS-32-Bits/Processador/ULA.v Line: 20
    Warning (13013): Ports D and ENA on the latch are fed by the same signal UnidadedeControleULA:Chamada8|RegControle[3] File: C:/Users/Mateus/Documents/Processador-MIPS-32-Bits/Processador/UnidadedeControleULA.v Line: 14
Warning (13012): Latch ULA:Chamada1|result[15] has unsafe behavior File: C:/Users/Mateus/Documents/Processador-MIPS-32-Bits/Processador/ULA.v Line: 20
    Warning (13013): Ports D and ENA on the latch are fed by the same signal UnidadedeControleULA:Chamada8|RegControle[3] File: C:/Users/Mateus/Documents/Processador-MIPS-32-Bits/Processador/UnidadedeControleULA.v Line: 14
Warning (13012): Latch ULA:Chamada1|result[17] has unsafe behavior File: C:/Users/Mateus/Documents/Processador-MIPS-32-Bits/Processador/ULA.v Line: 20
    Warning (13013): Ports D and ENA on the latch are fed by the same signal UnidadedeControleULA:Chamada8|RegControle[3] File: C:/Users/Mateus/Documents/Processador-MIPS-32-Bits/Processador/UnidadedeControleULA.v Line: 14
Warning (13012): Latch ULA:Chamada1|result[18] has unsafe behavior File: C:/Users/Mateus/Documents/Processador-MIPS-32-Bits/Processador/ULA.v Line: 20
    Warning (13013): Ports D and ENA on the latch are fed by the same signal UnidadedeControleULA:Chamada8|RegControle[3] File: C:/Users/Mateus/Documents/Processador-MIPS-32-Bits/Processador/UnidadedeControleULA.v Line: 14
Warning (13012): Latch ULA:Chamada1|result[11] has unsafe behavior File: C:/Users/Mateus/Documents/Processador-MIPS-32-Bits/Processador/ULA.v Line: 20
    Warning (13013): Ports D and ENA on the latch are fed by the same signal UnidadedeControleULA:Chamada8|RegControle[3] File: C:/Users/Mateus/Documents/Processador-MIPS-32-Bits/Processador/UnidadedeControleULA.v Line: 14
Warning (13012): Latch ULA:Chamada1|result[10] has unsafe behavior File: C:/Users/Mateus/Documents/Processador-MIPS-32-Bits/Processador/ULA.v Line: 20
    Warning (13013): Ports D and ENA on the latch are fed by the same signal UnidadedeControleULA:Chamada8|RegControle[3] File: C:/Users/Mateus/Documents/Processador-MIPS-32-Bits/Processador/UnidadedeControleULA.v Line: 14
Warning (13012): Latch UnidadedeControle:Chamada6|auxRegDst has unsafe behavior File: C:/Users/Mateus/Documents/Processador-MIPS-32-Bits/Processador/UnidadedeControle.v Line: 22
    Warning (13013): Ports D and ENA on the latch are fed by the same signal PC:Chamada5|IndiceAtual[7] File: C:/Users/Mateus/Documents/Processador-MIPS-32-Bits/Processador/PC.v Line: 22
Warning (13012): Latch UnidadedeControle:Chamada6|auxMemtoReg has unsafe behavior File: C:/Users/Mateus/Documents/Processador-MIPS-32-Bits/Processador/UnidadedeControle.v Line: 22
    Warning (13013): Ports D and ENA on the latch are fed by the same signal PC:Chamada5|IndiceAtual[7] File: C:/Users/Mateus/Documents/Processador-MIPS-32-Bits/Processador/PC.v Line: 22
Warning (13012): Latch UnidadedeControle:Chamada6|auxOut has unsafe behavior File: C:/Users/Mateus/Documents/Processador-MIPS-32-Bits/Processador/UnidadedeControle.v Line: 22
    Warning (13013): Ports D and ENA on the latch are fed by the same signal PC:Chamada5|IndiceAtual[7] File: C:/Users/Mateus/Documents/Processador-MIPS-32-Bits/Processador/PC.v Line: 22
Warning (13012): Latch UnidadedeControle:Chamada6|auxJAL has unsafe behavior File: C:/Users/Mateus/Documents/Processador-MIPS-32-Bits/Processador/UnidadedeControle.v Line: 22
    Warning (13013): Ports D and ENA on the latch are fed by the same signal PC:Chamada5|IndiceAtual[7] File: C:/Users/Mateus/Documents/Processador-MIPS-32-Bits/Processador/PC.v Line: 22
Warning (13012): Latch UnidadedeControleULA:Chamada8|RegJALR has unsafe behavior File: C:/Users/Mateus/Documents/Processador-MIPS-32-Bits/Processador/UnidadedeControleULA.v Line: 14
    Warning (13013): Ports D and ENA on the latch are fed by the same signal UnidadedeControle:Chamada6|auxAluOp[0] File: C:/Users/Mateus/Documents/Processador-MIPS-32-Bits/Processador/UnidadedeControle.v Line: 22
Warning (13012): Latch UnidadedeControle:Chamada6|auxRegWrite has unsafe behavior File: C:/Users/Mateus/Documents/Processador-MIPS-32-Bits/Processador/UnidadedeControle.v Line: 22
    Warning (13013): Ports D and ENA on the latch are fed by the same signal PC:Chamada5|IndiceAtual[7] File: C:/Users/Mateus/Documents/Processador-MIPS-32-Bits/Processador/PC.v Line: 22
Warning (13012): Latch UnidadedeControleULA:Chamada8|RegJR has unsafe behavior File: C:/Users/Mateus/Documents/Processador-MIPS-32-Bits/Processador/UnidadedeControleULA.v Line: 14
    Warning (13013): Ports D and ENA on the latch are fed by the same signal UnidadedeControle:Chamada6|auxAluOp[0] File: C:/Users/Mateus/Documents/Processador-MIPS-32-Bits/Processador/UnidadedeControle.v Line: 22
Warning (13012): Latch UnidadedeControle:Chamada6|auxControlJump has unsafe behavior File: C:/Users/Mateus/Documents/Processador-MIPS-32-Bits/Processador/UnidadedeControle.v Line: 22
    Warning (13013): Ports D and ENA on the latch are fed by the same signal PC:Chamada5|IndiceAtual[7] File: C:/Users/Mateus/Documents/Processador-MIPS-32-Bits/Processador/PC.v Line: 22
Warning (13012): Latch UnidadedeControle:Chamada6|auxBNE has unsafe behavior File: C:/Users/Mateus/Documents/Processador-MIPS-32-Bits/Processador/UnidadedeControle.v Line: 22
    Warning (13013): Ports D and ENA on the latch are fed by the same signal PC:Chamada5|IndiceAtual[7] File: C:/Users/Mateus/Documents/Processador-MIPS-32-Bits/Processador/PC.v Line: 22
Warning (13012): Latch UnidadedeControle:Chamada6|auxBEQ has unsafe behavior File: C:/Users/Mateus/Documents/Processador-MIPS-32-Bits/Processador/UnidadedeControle.v Line: 22
    Warning (13013): Ports D and ENA on the latch are fed by the same signal PC:Chamada5|IndiceAtual[7] File: C:/Users/Mateus/Documents/Processador-MIPS-32-Bits/Processador/PC.v Line: 22
Warning (13012): Latch UnidadedeControle:Chamada6|auxPCFunct has unsafe behavior File: C:/Users/Mateus/Documents/Processador-MIPS-32-Bits/Processador/UnidadedeControle.v Line: 22
    Warning (13013): Ports D and ENA on the latch are fed by the same signal PC:Chamada5|IndiceAtual[7] File: C:/Users/Mateus/Documents/Processador-MIPS-32-Bits/Processador/PC.v Line: 22
Warning (13012): Latch UnidadedeControle:Chamada6|auxAluOp[0] has unsafe behavior File: C:/Users/Mateus/Documents/Processador-MIPS-32-Bits/Processador/UnidadedeControle.v Line: 22
    Warning (13013): Ports D and ENA on the latch are fed by the same signal PC:Chamada5|IndiceAtual[7] File: C:/Users/Mateus/Documents/Processador-MIPS-32-Bits/Processador/PC.v Line: 22
Warning (13012): Latch UnidadedeControle:Chamada6|auxAluOp[1] has unsafe behavior File: C:/Users/Mateus/Documents/Processador-MIPS-32-Bits/Processador/UnidadedeControle.v Line: 22
    Warning (13013): Ports D and ENA on the latch are fed by the same signal PC:Chamada5|IndiceAtual[7] File: C:/Users/Mateus/Documents/Processador-MIPS-32-Bits/Processador/PC.v Line: 22
Warning (13012): Latch UnidadedeControle:Chamada6|auxAluOp[2] has unsafe behavior File: C:/Users/Mateus/Documents/Processador-MIPS-32-Bits/Processador/UnidadedeControle.v Line: 22
    Warning (13013): Ports D and ENA on the latch are fed by the same signal PC:Chamada5|IndiceAtual[7] File: C:/Users/Mateus/Documents/Processador-MIPS-32-Bits/Processador/PC.v Line: 22
Warning (13012): Latch UnidadedeControle:Chamada6|auxMemWrite has unsafe behavior File: C:/Users/Mateus/Documents/Processador-MIPS-32-Bits/Processador/UnidadedeControle.v Line: 22
    Warning (13013): Ports D and ENA on the latch are fed by the same signal PC:Chamada5|IndiceAtual[7] File: C:/Users/Mateus/Documents/Processador-MIPS-32-Bits/Processador/PC.v Line: 22
Warning (13012): Latch UnidadedeControle:Chamada6|auxHalt has unsafe behavior File: C:/Users/Mateus/Documents/Processador-MIPS-32-Bits/Processador/UnidadedeControle.v Line: 22
    Warning (13013): Ports D and ENA on the latch are fed by the same signal PC:Chamada5|IndiceAtual[7] File: C:/Users/Mateus/Documents/Processador-MIPS-32-Bits/Processador/PC.v Line: 22
Warning (13024): Output pins are stuck at VCC or GND
    Warning (13410): Pin "Wave_Saida_RegDST[5]" is stuck at GND File: C:/Users/Mateus/Documents/Processador-MIPS-32-Bits/Processador/UnidadedeProcessamento.v Line: 15
    Warning (13410): Pin "Wave_Saida_RegDST[6]" is stuck at GND File: C:/Users/Mateus/Documents/Processador-MIPS-32-Bits/Processador/UnidadedeProcessamento.v Line: 15
    Warning (13410): Pin "Wave_Saida_RegDST[7]" is stuck at GND File: C:/Users/Mateus/Documents/Processador-MIPS-32-Bits/Processador/UnidadedeProcessamento.v Line: 15
    Warning (13410): Pin "Wave_Saida_RegDST[8]" is stuck at GND File: C:/Users/Mateus/Documents/Processador-MIPS-32-Bits/Processador/UnidadedeProcessamento.v Line: 15
    Warning (13410): Pin "Wave_Saida_RegDST[9]" is stuck at GND File: C:/Users/Mateus/Documents/Processador-MIPS-32-Bits/Processador/UnidadedeProcessamento.v Line: 15
    Warning (13410): Pin "Wave_Saida_RegDST[10]" is stuck at GND File: C:/Users/Mateus/Documents/Processador-MIPS-32-Bits/Processador/UnidadedeProcessamento.v Line: 15
    Warning (13410): Pin "Wave_Saida_RegDST[11]" is stuck at GND File: C:/Users/Mateus/Documents/Processador-MIPS-32-Bits/Processador/UnidadedeProcessamento.v Line: 15
    Warning (13410): Pin "Wave_Saida_RegDST[12]" is stuck at GND File: C:/Users/Mateus/Documents/Processador-MIPS-32-Bits/Processador/UnidadedeProcessamento.v Line: 15
    Warning (13410): Pin "Wave_Saida_RegDST[13]" is stuck at GND File: C:/Users/Mateus/Documents/Processador-MIPS-32-Bits/Processador/UnidadedeProcessamento.v Line: 15
    Warning (13410): Pin "Wave_Saida_RegDST[14]" is stuck at GND File: C:/Users/Mateus/Documents/Processador-MIPS-32-Bits/Processador/UnidadedeProcessamento.v Line: 15
    Warning (13410): Pin "Wave_Saida_RegDST[15]" is stuck at GND File: C:/Users/Mateus/Documents/Processador-MIPS-32-Bits/Processador/UnidadedeProcessamento.v Line: 15
    Warning (13410): Pin "Wave_Saida_RegDST[16]" is stuck at GND File: C:/Users/Mateus/Documents/Processador-MIPS-32-Bits/Processador/UnidadedeProcessamento.v Line: 15
    Warning (13410): Pin "Wave_Saida_RegDST[17]" is stuck at GND File: C:/Users/Mateus/Documents/Processador-MIPS-32-Bits/Processador/UnidadedeProcessamento.v Line: 15
    Warning (13410): Pin "Wave_Saida_RegDST[18]" is stuck at GND File: C:/Users/Mateus/Documents/Processador-MIPS-32-Bits/Processador/UnidadedeProcessamento.v Line: 15
    Warning (13410): Pin "Wave_Saida_RegDST[19]" is stuck at GND File: C:/Users/Mateus/Documents/Processador-MIPS-32-Bits/Processador/UnidadedeProcessamento.v Line: 15
    Warning (13410): Pin "Wave_Saida_RegDST[20]" is stuck at GND File: C:/Users/Mateus/Documents/Processador-MIPS-32-Bits/Processador/UnidadedeProcessamento.v Line: 15
    Warning (13410): Pin "Wave_Saida_RegDST[21]" is stuck at GND File: C:/Users/Mateus/Documents/Processador-MIPS-32-Bits/Processador/UnidadedeProcessamento.v Line: 15
    Warning (13410): Pin "Wave_Saida_RegDST[22]" is stuck at GND File: C:/Users/Mateus/Documents/Processador-MIPS-32-Bits/Processador/UnidadedeProcessamento.v Line: 15
    Warning (13410): Pin "Wave_Saida_RegDST[23]" is stuck at GND File: C:/Users/Mateus/Documents/Processador-MIPS-32-Bits/Processador/UnidadedeProcessamento.v Line: 15
    Warning (13410): Pin "Wave_Saida_RegDST[24]" is stuck at GND File: C:/Users/Mateus/Documents/Processador-MIPS-32-Bits/Processador/UnidadedeProcessamento.v Line: 15
    Warning (13410): Pin "Wave_Saida_RegDST[25]" is stuck at GND File: C:/Users/Mateus/Documents/Processador-MIPS-32-Bits/Processador/UnidadedeProcessamento.v Line: 15
    Warning (13410): Pin "Wave_Saida_RegDST[26]" is stuck at GND File: C:/Users/Mateus/Documents/Processador-MIPS-32-Bits/Processador/UnidadedeProcessamento.v Line: 15
    Warning (13410): Pin "Wave_Saida_RegDST[27]" is stuck at GND File: C:/Users/Mateus/Documents/Processador-MIPS-32-Bits/Processador/UnidadedeProcessamento.v Line: 15
    Warning (13410): Pin "Wave_Saida_RegDST[28]" is stuck at GND File: C:/Users/Mateus/Documents/Processador-MIPS-32-Bits/Processador/UnidadedeProcessamento.v Line: 15
    Warning (13410): Pin "Wave_Saida_RegDST[29]" is stuck at GND File: C:/Users/Mateus/Documents/Processador-MIPS-32-Bits/Processador/UnidadedeProcessamento.v Line: 15
    Warning (13410): Pin "Wave_Saida_RegDST[30]" is stuck at GND File: C:/Users/Mateus/Documents/Processador-MIPS-32-Bits/Processador/UnidadedeProcessamento.v Line: 15
    Warning (13410): Pin "Wave_Saida_RegDST[31]" is stuck at GND File: C:/Users/Mateus/Documents/Processador-MIPS-32-Bits/Processador/UnidadedeProcessamento.v Line: 15
Info (286030): Timing-Driven Synthesis is running
Info (16010): Generating hard_block partition "hard_block:auto_generated_inst"
    Info (16011): Adding 0 node(s), including 0 DDIO, 0 PLL, 0 transceiver and 0 LCELL
Info (15717): Design contains 206 virtual pins; timing numbers associated with paths containing virtual pins are estimates
    Info (15719): Pin "Out_ULA[0]" is virtual output pin File: C:/Users/Mateus/Documents/Processador-MIPS-32-Bits/Processador/UnidadedeProcessamento.v Line: 11
    Info (15719): Pin "Out_ULA[1]" is virtual output pin File: C:/Users/Mateus/Documents/Processador-MIPS-32-Bits/Processador/UnidadedeProcessamento.v Line: 11
    Info (15719): Pin "Out_ULA[2]" is virtual output pin File: C:/Users/Mateus/Documents/Processador-MIPS-32-Bits/Processador/UnidadedeProcessamento.v Line: 11
    Info (15719): Pin "Out_ULA[3]" is virtual output pin File: C:/Users/Mateus/Documents/Processador-MIPS-32-Bits/Processador/UnidadedeProcessamento.v Line: 11
    Info (15719): Pin "Out_ULA[4]" is virtual output pin File: C:/Users/Mateus/Documents/Processador-MIPS-32-Bits/Processador/UnidadedeProcessamento.v Line: 11
    Info (15719): Pin "Out_ULA[5]" is virtual output pin File: C:/Users/Mateus/Documents/Processador-MIPS-32-Bits/Processador/UnidadedeProcessamento.v Line: 11
    Info (15719): Pin "Out_ULA[6]" is virtual output pin File: C:/Users/Mateus/Documents/Processador-MIPS-32-Bits/Processador/UnidadedeProcessamento.v Line: 11
    Info (15719): Pin "Out_ULA[7]" is virtual output pin File: C:/Users/Mateus/Documents/Processador-MIPS-32-Bits/Processador/UnidadedeProcessamento.v Line: 11
    Info (15719): Pin "Out_ULA[8]" is virtual output pin File: C:/Users/Mateus/Documents/Processador-MIPS-32-Bits/Processador/UnidadedeProcessamento.v Line: 11
    Info (15719): Pin "Out_ULA[9]" is virtual output pin File: C:/Users/Mateus/Documents/Processador-MIPS-32-Bits/Processador/UnidadedeProcessamento.v Line: 11
    Info (15719): Pin "Out_ULA[10]" is virtual output pin File: C:/Users/Mateus/Documents/Processador-MIPS-32-Bits/Processador/UnidadedeProcessamento.v Line: 11
    Info (15719): Pin "Out_ULA[11]" is virtual output pin File: C:/Users/Mateus/Documents/Processador-MIPS-32-Bits/Processador/UnidadedeProcessamento.v Line: 11
    Info (15719): Pin "Out_ULA[12]" is virtual output pin File: C:/Users/Mateus/Documents/Processador-MIPS-32-Bits/Processador/UnidadedeProcessamento.v Line: 11
    Info (15719): Pin "Out_ULA[13]" is virtual output pin File: C:/Users/Mateus/Documents/Processador-MIPS-32-Bits/Processador/UnidadedeProcessamento.v Line: 11
    Info (15719): Pin "Out_ULA[14]" is virtual output pin File: C:/Users/Mateus/Documents/Processador-MIPS-32-Bits/Processador/UnidadedeProcessamento.v Line: 11
    Info (15719): Pin "Out_ULA[15]" is virtual output pin File: C:/Users/Mateus/Documents/Processador-MIPS-32-Bits/Processador/UnidadedeProcessamento.v Line: 11
    Info (15719): Pin "Out_ULA[16]" is virtual output pin File: C:/Users/Mateus/Documents/Processador-MIPS-32-Bits/Processador/UnidadedeProcessamento.v Line: 11
    Info (15719): Pin "Out_ULA[17]" is virtual output pin File: C:/Users/Mateus/Documents/Processador-MIPS-32-Bits/Processador/UnidadedeProcessamento.v Line: 11
    Info (15719): Pin "Out_ULA[18]" is virtual output pin File: C:/Users/Mateus/Documents/Processador-MIPS-32-Bits/Processador/UnidadedeProcessamento.v Line: 11
    Info (15719): Pin "Out_ULA[19]" is virtual output pin File: C:/Users/Mateus/Documents/Processador-MIPS-32-Bits/Processador/UnidadedeProcessamento.v Line: 11
    Info (15719): Pin "Out_ULA[20]" is virtual output pin File: C:/Users/Mateus/Documents/Processador-MIPS-32-Bits/Processador/UnidadedeProcessamento.v Line: 11
    Info (15719): Pin "Out_ULA[21]" is virtual output pin File: C:/Users/Mateus/Documents/Processador-MIPS-32-Bits/Processador/UnidadedeProcessamento.v Line: 11
    Info (15719): Pin "Out_ULA[22]" is virtual output pin File: C:/Users/Mateus/Documents/Processador-MIPS-32-Bits/Processador/UnidadedeProcessamento.v Line: 11
    Info (15719): Pin "Out_ULA[23]" is virtual output pin File: C:/Users/Mateus/Documents/Processador-MIPS-32-Bits/Processador/UnidadedeProcessamento.v Line: 11
    Info (15719): Pin "Out_ULA[24]" is virtual output pin File: C:/Users/Mateus/Documents/Processador-MIPS-32-Bits/Processador/UnidadedeProcessamento.v Line: 11
    Info (15719): Pin "Out_ULA[25]" is virtual output pin File: C:/Users/Mateus/Documents/Processador-MIPS-32-Bits/Processador/UnidadedeProcessamento.v Line: 11
    Info (15719): Pin "Out_ULA[26]" is virtual output pin File: C:/Users/Mateus/Documents/Processador-MIPS-32-Bits/Processador/UnidadedeProcessamento.v Line: 11
    Info (15719): Pin "Out_ULA[27]" is virtual output pin File: C:/Users/Mateus/Documents/Processador-MIPS-32-Bits/Processador/UnidadedeProcessamento.v Line: 11
    Info (15719): Pin "Out_ULA[28]" is virtual output pin File: C:/Users/Mateus/Documents/Processador-MIPS-32-Bits/Processador/UnidadedeProcessamento.v Line: 11
    Info (15719): Pin "Out_ULA[29]" is virtual output pin File: C:/Users/Mateus/Documents/Processador-MIPS-32-Bits/Processador/UnidadedeProcessamento.v Line: 11
    Info (15719): Pin "Out_ULA[30]" is virtual output pin File: C:/Users/Mateus/Documents/Processador-MIPS-32-Bits/Processador/UnidadedeProcessamento.v Line: 11
    Info (15719): Pin "Out_ULA[31]" is virtual output pin File: C:/Users/Mateus/Documents/Processador-MIPS-32-Bits/Processador/UnidadedeProcessamento.v Line: 11
    Info (15719): Pin "Inst[0]" is virtual output pin File: C:/Users/Mateus/Documents/Processador-MIPS-32-Bits/Processador/UnidadedeProcessamento.v Line: 12
    Info (15719): Pin "Inst[1]" is virtual output pin File: C:/Users/Mateus/Documents/Processador-MIPS-32-Bits/Processador/UnidadedeProcessamento.v Line: 12
    Info (15719): Pin "Inst[2]" is virtual output pin File: C:/Users/Mateus/Documents/Processador-MIPS-32-Bits/Processador/UnidadedeProcessamento.v Line: 12
    Info (15719): Pin "Inst[3]" is virtual output pin File: C:/Users/Mateus/Documents/Processador-MIPS-32-Bits/Processador/UnidadedeProcessamento.v Line: 12
    Info (15719): Pin "Inst[4]" is virtual output pin File: C:/Users/Mateus/Documents/Processador-MIPS-32-Bits/Processador/UnidadedeProcessamento.v Line: 12
    Info (15719): Pin "Inst[5]" is virtual output pin File: C:/Users/Mateus/Documents/Processador-MIPS-32-Bits/Processador/UnidadedeProcessamento.v Line: 12
    Info (15719): Pin "Inst[6]" is virtual output pin File: C:/Users/Mateus/Documents/Processador-MIPS-32-Bits/Processador/UnidadedeProcessamento.v Line: 12
    Info (15719): Pin "Inst[7]" is virtual output pin File: C:/Users/Mateus/Documents/Processador-MIPS-32-Bits/Processador/UnidadedeProcessamento.v Line: 12
    Info (15719): Pin "Inst[8]" is virtual output pin File: C:/Users/Mateus/Documents/Processador-MIPS-32-Bits/Processador/UnidadedeProcessamento.v Line: 12
    Info (15719): Pin "Inst[9]" is virtual output pin File: C:/Users/Mateus/Documents/Processador-MIPS-32-Bits/Processador/UnidadedeProcessamento.v Line: 12
    Info (15719): Pin "Inst[10]" is virtual output pin File: C:/Users/Mateus/Documents/Processador-MIPS-32-Bits/Processador/UnidadedeProcessamento.v Line: 12
    Info (15719): Pin "Inst[11]" is virtual output pin File: C:/Users/Mateus/Documents/Processador-MIPS-32-Bits/Processador/UnidadedeProcessamento.v Line: 12
    Info (15719): Pin "Inst[12]" is virtual output pin File: C:/Users/Mateus/Documents/Processador-MIPS-32-Bits/Processador/UnidadedeProcessamento.v Line: 12
    Info (15719): Pin "Inst[13]" is virtual output pin File: C:/Users/Mateus/Documents/Processador-MIPS-32-Bits/Processador/UnidadedeProcessamento.v Line: 12
    Info (15719): Pin "Inst[14]" is virtual output pin File: C:/Users/Mateus/Documents/Processador-MIPS-32-Bits/Processador/UnidadedeProcessamento.v Line: 12
    Info (15719): Pin "Inst[15]" is virtual output pin File: C:/Users/Mateus/Documents/Processador-MIPS-32-Bits/Processador/UnidadedeProcessamento.v Line: 12
    Info (15719): Pin "Inst[16]" is virtual output pin File: C:/Users/Mateus/Documents/Processador-MIPS-32-Bits/Processador/UnidadedeProcessamento.v Line: 12
    Info (15719): Pin "Inst[17]" is virtual output pin File: C:/Users/Mateus/Documents/Processador-MIPS-32-Bits/Processador/UnidadedeProcessamento.v Line: 12
    Info (15719): Pin "Inst[18]" is virtual output pin File: C:/Users/Mateus/Documents/Processador-MIPS-32-Bits/Processador/UnidadedeProcessamento.v Line: 12
    Info (15719): Pin "Inst[19]" is virtual output pin File: C:/Users/Mateus/Documents/Processador-MIPS-32-Bits/Processador/UnidadedeProcessamento.v Line: 12
    Info (15719): Pin "Inst[20]" is virtual output pin File: C:/Users/Mateus/Documents/Processador-MIPS-32-Bits/Processador/UnidadedeProcessamento.v Line: 12
    Info (15719): Pin "Inst[21]" is virtual output pin File: C:/Users/Mateus/Documents/Processador-MIPS-32-Bits/Processador/UnidadedeProcessamento.v Line: 12
    Info (15719): Pin "Inst[22]" is virtual output pin File: C:/Users/Mateus/Documents/Processador-MIPS-32-Bits/Processador/UnidadedeProcessamento.v Line: 12
    Info (15719): Pin "Inst[23]" is virtual output pin File: C:/Users/Mateus/Documents/Processador-MIPS-32-Bits/Processador/UnidadedeProcessamento.v Line: 12
    Info (15719): Pin "Inst[24]" is virtual output pin File: C:/Users/Mateus/Documents/Processador-MIPS-32-Bits/Processador/UnidadedeProcessamento.v Line: 12
    Info (15719): Pin "Inst[25]" is virtual output pin File: C:/Users/Mateus/Documents/Processador-MIPS-32-Bits/Processador/UnidadedeProcessamento.v Line: 12
    Info (15719): Pin "Inst[26]" is virtual output pin File: C:/Users/Mateus/Documents/Processador-MIPS-32-Bits/Processador/UnidadedeProcessamento.v Line: 12
    Info (15719): Pin "Inst[27]" is virtual output pin File: C:/Users/Mateus/Documents/Processador-MIPS-32-Bits/Processador/UnidadedeProcessamento.v Line: 12
    Info (15719): Pin "Inst[28]" is virtual output pin File: C:/Users/Mateus/Documents/Processador-MIPS-32-Bits/Processador/UnidadedeProcessamento.v Line: 12
    Info (15719): Pin "Inst[29]" is virtual output pin File: C:/Users/Mateus/Documents/Processador-MIPS-32-Bits/Processador/UnidadedeProcessamento.v Line: 12
    Info (15719): Pin "Inst[30]" is virtual output pin File: C:/Users/Mateus/Documents/Processador-MIPS-32-Bits/Processador/UnidadedeProcessamento.v Line: 12
    Info (15719): Pin "Inst[31]" is virtual output pin File: C:/Users/Mateus/Documents/Processador-MIPS-32-Bits/Processador/UnidadedeProcessamento.v Line: 12
    Info (15719): Pin "auxRS[0]" is virtual output pin File: C:/Users/Mateus/Documents/Processador-MIPS-32-Bits/Processador/UnidadedeProcessamento.v Line: 13
    Info (15719): Pin "auxRS[1]" is virtual output pin File: C:/Users/Mateus/Documents/Processador-MIPS-32-Bits/Processador/UnidadedeProcessamento.v Line: 13
    Info (15719): Pin "auxRS[2]" is virtual output pin File: C:/Users/Mateus/Documents/Processador-MIPS-32-Bits/Processador/UnidadedeProcessamento.v Line: 13
    Info (15719): Pin "auxRS[3]" is virtual output pin File: C:/Users/Mateus/Documents/Processador-MIPS-32-Bits/Processador/UnidadedeProcessamento.v Line: 13
    Info (15719): Pin "auxRS[4]" is virtual output pin File: C:/Users/Mateus/Documents/Processador-MIPS-32-Bits/Processador/UnidadedeProcessamento.v Line: 13
    Info (15719): Pin "auxRT[0]" is virtual output pin File: C:/Users/Mateus/Documents/Processador-MIPS-32-Bits/Processador/UnidadedeProcessamento.v Line: 14
    Info (15719): Pin "auxRT[1]" is virtual output pin File: C:/Users/Mateus/Documents/Processador-MIPS-32-Bits/Processador/UnidadedeProcessamento.v Line: 14
    Info (15719): Pin "auxRT[2]" is virtual output pin File: C:/Users/Mateus/Documents/Processador-MIPS-32-Bits/Processador/UnidadedeProcessamento.v Line: 14
    Info (15719): Pin "auxRT[3]" is virtual output pin File: C:/Users/Mateus/Documents/Processador-MIPS-32-Bits/Processador/UnidadedeProcessamento.v Line: 14
    Info (15719): Pin "auxRT[4]" is virtual output pin File: C:/Users/Mateus/Documents/Processador-MIPS-32-Bits/Processador/UnidadedeProcessamento.v Line: 14
    Info (15719): Pin "Wave_Saida_RegDST[0]" is virtual output pin File: C:/Users/Mateus/Documents/Processador-MIPS-32-Bits/Processador/UnidadedeProcessamento.v Line: 15
    Info (15719): Pin "Wave_Saida_RegDST[1]" is virtual output pin File: C:/Users/Mateus/Documents/Processador-MIPS-32-Bits/Processador/UnidadedeProcessamento.v Line: 15
    Info (15719): Pin "Wave_Saida_RegDST[2]" is virtual output pin File: C:/Users/Mateus/Documents/Processador-MIPS-32-Bits/Processador/UnidadedeProcessamento.v Line: 15
    Info (15719): Pin "Wave_Saida_RegDST[3]" is virtual output pin File: C:/Users/Mateus/Documents/Processador-MIPS-32-Bits/Processador/UnidadedeProcessamento.v Line: 15
    Info (15719): Pin "Wave_Saida_RegDST[4]" is virtual output pin File: C:/Users/Mateus/Documents/Processador-MIPS-32-Bits/Processador/UnidadedeProcessamento.v Line: 15
    Info (15719): Pin "Wave_Saida_RegDST[5]" is virtual output pin File: C:/Users/Mateus/Documents/Processador-MIPS-32-Bits/Processador/UnidadedeProcessamento.v Line: 15
    Info (15719): Pin "Wave_Saida_RegDST[6]" is virtual output pin File: C:/Users/Mateus/Documents/Processador-MIPS-32-Bits/Processador/UnidadedeProcessamento.v Line: 15
    Info (15719): Pin "Wave_Saida_RegDST[7]" is virtual output pin File: C:/Users/Mateus/Documents/Processador-MIPS-32-Bits/Processador/UnidadedeProcessamento.v Line: 15
    Info (15719): Pin "Wave_Saida_RegDST[8]" is virtual output pin File: C:/Users/Mateus/Documents/Processador-MIPS-32-Bits/Processador/UnidadedeProcessamento.v Line: 15
    Info (15719): Pin "Wave_Saida_RegDST[9]" is virtual output pin File: C:/Users/Mateus/Documents/Processador-MIPS-32-Bits/Processador/UnidadedeProcessamento.v Line: 15
    Info (15719): Pin "Wave_Saida_RegDST[10]" is virtual output pin File: C:/Users/Mateus/Documents/Processador-MIPS-32-Bits/Processador/UnidadedeProcessamento.v Line: 15
    Info (15719): Pin "Wave_Saida_RegDST[11]" is virtual output pin File: C:/Users/Mateus/Documents/Processador-MIPS-32-Bits/Processador/UnidadedeProcessamento.v Line: 15
    Info (15719): Pin "Wave_Saida_RegDST[12]" is virtual output pin File: C:/Users/Mateus/Documents/Processador-MIPS-32-Bits/Processador/UnidadedeProcessamento.v Line: 15
    Info (15719): Pin "Wave_Saida_RegDST[13]" is virtual output pin File: C:/Users/Mateus/Documents/Processador-MIPS-32-Bits/Processador/UnidadedeProcessamento.v Line: 15
    Info (15719): Pin "Wave_Saida_RegDST[14]" is virtual output pin File: C:/Users/Mateus/Documents/Processador-MIPS-32-Bits/Processador/UnidadedeProcessamento.v Line: 15
    Info (15719): Pin "Wave_Saida_RegDST[15]" is virtual output pin File: C:/Users/Mateus/Documents/Processador-MIPS-32-Bits/Processador/UnidadedeProcessamento.v Line: 15
    Info (15719): Pin "Wave_Saida_RegDST[16]" is virtual output pin File: C:/Users/Mateus/Documents/Processador-MIPS-32-Bits/Processador/UnidadedeProcessamento.v Line: 15
    Info (15719): Pin "Wave_Saida_RegDST[17]" is virtual output pin File: C:/Users/Mateus/Documents/Processador-MIPS-32-Bits/Processador/UnidadedeProcessamento.v Line: 15
    Info (15719): Pin "Wave_Saida_RegDST[18]" is virtual output pin File: C:/Users/Mateus/Documents/Processador-MIPS-32-Bits/Processador/UnidadedeProcessamento.v Line: 15
    Info (15719): Pin "Wave_Saida_RegDST[19]" is virtual output pin File: C:/Users/Mateus/Documents/Processador-MIPS-32-Bits/Processador/UnidadedeProcessamento.v Line: 15
    Info (15719): Pin "Wave_Saida_RegDST[20]" is virtual output pin File: C:/Users/Mateus/Documents/Processador-MIPS-32-Bits/Processador/UnidadedeProcessamento.v Line: 15
    Info (15719): Pin "Wave_Saida_RegDST[21]" is virtual output pin File: C:/Users/Mateus/Documents/Processador-MIPS-32-Bits/Processador/UnidadedeProcessamento.v Line: 15
    Info (15719): Pin "Wave_Saida_RegDST[22]" is virtual output pin File: C:/Users/Mateus/Documents/Processador-MIPS-32-Bits/Processador/UnidadedeProcessamento.v Line: 15
    Info (15719): Pin "Wave_Saida_RegDST[23]" is virtual output pin File: C:/Users/Mateus/Documents/Processador-MIPS-32-Bits/Processador/UnidadedeProcessamento.v Line: 15
    Info (15719): Pin "Wave_Saida_RegDST[24]" is virtual output pin File: C:/Users/Mateus/Documents/Processador-MIPS-32-Bits/Processador/UnidadedeProcessamento.v Line: 15
    Info (15719): Pin "Wave_Saida_RegDST[25]" is virtual output pin File: C:/Users/Mateus/Documents/Processador-MIPS-32-Bits/Processador/UnidadedeProcessamento.v Line: 15
    Info (15719): Pin "Wave_Saida_RegDST[26]" is virtual output pin File: C:/Users/Mateus/Documents/Processador-MIPS-32-Bits/Processador/UnidadedeProcessamento.v Line: 15
    Info (15719): Pin "Wave_Saida_RegDST[27]" is virtual output pin File: C:/Users/Mateus/Documents/Processador-MIPS-32-Bits/Processador/UnidadedeProcessamento.v Line: 15
    Info (15719): Pin "Wave_Saida_RegDST[28]" is virtual output pin File: C:/Users/Mateus/Documents/Processador-MIPS-32-Bits/Processador/UnidadedeProcessamento.v Line: 15
    Info (15719): Pin "Wave_Saida_RegDST[29]" is virtual output pin File: C:/Users/Mateus/Documents/Processador-MIPS-32-Bits/Processador/UnidadedeProcessamento.v Line: 15
    Info (15719): Pin "Wave_Saida_RegDST[30]" is virtual output pin File: C:/Users/Mateus/Documents/Processador-MIPS-32-Bits/Processador/UnidadedeProcessamento.v Line: 15
    Info (15719): Pin "Wave_Saida_RegDST[31]" is virtual output pin File: C:/Users/Mateus/Documents/Processador-MIPS-32-Bits/Processador/UnidadedeProcessamento.v Line: 15
    Info (15719): Pin "Wave_Saida_AluSrc[0]" is virtual output pin File: C:/Users/Mateus/Documents/Processador-MIPS-32-Bits/Processador/UnidadedeProcessamento.v Line: 15
    Info (15719): Pin "Wave_Saida_AluSrc[1]" is virtual output pin File: C:/Users/Mateus/Documents/Processador-MIPS-32-Bits/Processador/UnidadedeProcessamento.v Line: 15
    Info (15719): Pin "Wave_Saida_AluSrc[2]" is virtual output pin File: C:/Users/Mateus/Documents/Processador-MIPS-32-Bits/Processador/UnidadedeProcessamento.v Line: 15
    Info (15719): Pin "Wave_Saida_AluSrc[3]" is virtual output pin File: C:/Users/Mateus/Documents/Processador-MIPS-32-Bits/Processador/UnidadedeProcessamento.v Line: 15
    Info (15719): Pin "Wave_Saida_AluSrc[4]" is virtual output pin File: C:/Users/Mateus/Documents/Processador-MIPS-32-Bits/Processador/UnidadedeProcessamento.v Line: 15
    Info (15719): Pin "Wave_Saida_AluSrc[5]" is virtual output pin File: C:/Users/Mateus/Documents/Processador-MIPS-32-Bits/Processador/UnidadedeProcessamento.v Line: 15
    Info (15719): Pin "Wave_Saida_AluSrc[6]" is virtual output pin File: C:/Users/Mateus/Documents/Processador-MIPS-32-Bits/Processador/UnidadedeProcessamento.v Line: 15
    Info (15719): Pin "Wave_Saida_AluSrc[7]" is virtual output pin File: C:/Users/Mateus/Documents/Processador-MIPS-32-Bits/Processador/UnidadedeProcessamento.v Line: 15
    Info (15719): Pin "Wave_Saida_AluSrc[8]" is virtual output pin File: C:/Users/Mateus/Documents/Processador-MIPS-32-Bits/Processador/UnidadedeProcessamento.v Line: 15
    Info (15719): Pin "Wave_Saida_AluSrc[9]" is virtual output pin File: C:/Users/Mateus/Documents/Processador-MIPS-32-Bits/Processador/UnidadedeProcessamento.v Line: 15
    Info (15719): Pin "Wave_Saida_AluSrc[10]" is virtual output pin File: C:/Users/Mateus/Documents/Processador-MIPS-32-Bits/Processador/UnidadedeProcessamento.v Line: 15
    Info (15719): Pin "Wave_Saida_AluSrc[11]" is virtual output pin File: C:/Users/Mateus/Documents/Processador-MIPS-32-Bits/Processador/UnidadedeProcessamento.v Line: 15
    Info (15719): Pin "Wave_Saida_AluSrc[12]" is virtual output pin File: C:/Users/Mateus/Documents/Processador-MIPS-32-Bits/Processador/UnidadedeProcessamento.v Line: 15
    Info (15719): Pin "Wave_Saida_AluSrc[13]" is virtual output pin File: C:/Users/Mateus/Documents/Processador-MIPS-32-Bits/Processador/UnidadedeProcessamento.v Line: 15
    Info (15719): Pin "Wave_Saida_AluSrc[14]" is virtual output pin File: C:/Users/Mateus/Documents/Processador-MIPS-32-Bits/Processador/UnidadedeProcessamento.v Line: 15
    Info (15719): Pin "Wave_Saida_AluSrc[15]" is virtual output pin File: C:/Users/Mateus/Documents/Processador-MIPS-32-Bits/Processador/UnidadedeProcessamento.v Line: 15
    Info (15719): Pin "Wave_Saida_AluSrc[16]" is virtual output pin File: C:/Users/Mateus/Documents/Processador-MIPS-32-Bits/Processador/UnidadedeProcessamento.v Line: 15
    Info (15719): Pin "Wave_Saida_AluSrc[17]" is virtual output pin File: C:/Users/Mateus/Documents/Processador-MIPS-32-Bits/Processador/UnidadedeProcessamento.v Line: 15
    Info (15719): Pin "Wave_Saida_AluSrc[18]" is virtual output pin File: C:/Users/Mateus/Documents/Processador-MIPS-32-Bits/Processador/UnidadedeProcessamento.v Line: 15
    Info (15719): Pin "Wave_Saida_AluSrc[19]" is virtual output pin File: C:/Users/Mateus/Documents/Processador-MIPS-32-Bits/Processador/UnidadedeProcessamento.v Line: 15
    Info (15719): Pin "Wave_Saida_AluSrc[20]" is virtual output pin File: C:/Users/Mateus/Documents/Processador-MIPS-32-Bits/Processador/UnidadedeProcessamento.v Line: 15
    Info (15719): Pin "Wave_Saida_AluSrc[21]" is virtual output pin File: C:/Users/Mateus/Documents/Processador-MIPS-32-Bits/Processador/UnidadedeProcessamento.v Line: 15
    Info (15719): Pin "Wave_Saida_AluSrc[22]" is virtual output pin File: C:/Users/Mateus/Documents/Processador-MIPS-32-Bits/Processador/UnidadedeProcessamento.v Line: 15
    Info (15719): Pin "Wave_Saida_AluSrc[23]" is virtual output pin File: C:/Users/Mateus/Documents/Processador-MIPS-32-Bits/Processador/UnidadedeProcessamento.v Line: 15
    Info (15719): Pin "Wave_Saida_AluSrc[24]" is virtual output pin File: C:/Users/Mateus/Documents/Processador-MIPS-32-Bits/Processador/UnidadedeProcessamento.v Line: 15
    Info (15719): Pin "Wave_Saida_AluSrc[25]" is virtual output pin File: C:/Users/Mateus/Documents/Processador-MIPS-32-Bits/Processador/UnidadedeProcessamento.v Line: 15
    Info (15719): Pin "Wave_Saida_AluSrc[26]" is virtual output pin File: C:/Users/Mateus/Documents/Processador-MIPS-32-Bits/Processador/UnidadedeProcessamento.v Line: 15
    Info (15719): Pin "Wave_Saida_AluSrc[27]" is virtual output pin File: C:/Users/Mateus/Documents/Processador-MIPS-32-Bits/Processador/UnidadedeProcessamento.v Line: 15
    Info (15719): Pin "Wave_Saida_AluSrc[28]" is virtual output pin File: C:/Users/Mateus/Documents/Processador-MIPS-32-Bits/Processador/UnidadedeProcessamento.v Line: 15
    Info (15719): Pin "Wave_Saida_AluSrc[29]" is virtual output pin File: C:/Users/Mateus/Documents/Processador-MIPS-32-Bits/Processador/UnidadedeProcessamento.v Line: 15
    Info (15719): Pin "Wave_Saida_AluSrc[30]" is virtual output pin File: C:/Users/Mateus/Documents/Processador-MIPS-32-Bits/Processador/UnidadedeProcessamento.v Line: 15
    Info (15719): Pin "Wave_Saida_AluSrc[31]" is virtual output pin File: C:/Users/Mateus/Documents/Processador-MIPS-32-Bits/Processador/UnidadedeProcessamento.v Line: 15
    Info (15719): Pin "Wave_Saida_MemToReg[0]" is virtual output pin File: C:/Users/Mateus/Documents/Processador-MIPS-32-Bits/Processador/UnidadedeProcessamento.v Line: 15
    Info (15719): Pin "Wave_Saida_MemToReg[1]" is virtual output pin File: C:/Users/Mateus/Documents/Processador-MIPS-32-Bits/Processador/UnidadedeProcessamento.v Line: 15
    Info (15719): Pin "Wave_Saida_MemToReg[2]" is virtual output pin File: C:/Users/Mateus/Documents/Processador-MIPS-32-Bits/Processador/UnidadedeProcessamento.v Line: 15
    Info (15719): Pin "Wave_Saida_MemToReg[3]" is virtual output pin File: C:/Users/Mateus/Documents/Processador-MIPS-32-Bits/Processador/UnidadedeProcessamento.v Line: 15
    Info (15719): Pin "Wave_Saida_MemToReg[4]" is virtual output pin File: C:/Users/Mateus/Documents/Processador-MIPS-32-Bits/Processador/UnidadedeProcessamento.v Line: 15
    Info (15719): Pin "Wave_Saida_MemToReg[5]" is virtual output pin File: C:/Users/Mateus/Documents/Processador-MIPS-32-Bits/Processador/UnidadedeProcessamento.v Line: 15
    Info (15719): Pin "Wave_Saida_MemToReg[6]" is virtual output pin File: C:/Users/Mateus/Documents/Processador-MIPS-32-Bits/Processador/UnidadedeProcessamento.v Line: 15
    Info (15719): Pin "Wave_Saida_MemToReg[7]" is virtual output pin File: C:/Users/Mateus/Documents/Processador-MIPS-32-Bits/Processador/UnidadedeProcessamento.v Line: 15
    Info (15719): Pin "Wave_Saida_MemToReg[8]" is virtual output pin File: C:/Users/Mateus/Documents/Processador-MIPS-32-Bits/Processador/UnidadedeProcessamento.v Line: 15
    Info (15719): Pin "Wave_Saida_MemToReg[9]" is virtual output pin File: C:/Users/Mateus/Documents/Processador-MIPS-32-Bits/Processador/UnidadedeProcessamento.v Line: 15
    Info (15719): Pin "Wave_Saida_MemToReg[10]" is virtual output pin File: C:/Users/Mateus/Documents/Processador-MIPS-32-Bits/Processador/UnidadedeProcessamento.v Line: 15
    Info (15719): Pin "Wave_Saida_MemToReg[11]" is virtual output pin File: C:/Users/Mateus/Documents/Processador-MIPS-32-Bits/Processador/UnidadedeProcessamento.v Line: 15
    Info (15719): Pin "Wave_Saida_MemToReg[12]" is virtual output pin File: C:/Users/Mateus/Documents/Processador-MIPS-32-Bits/Processador/UnidadedeProcessamento.v Line: 15
    Info (15719): Pin "Wave_Saida_MemToReg[13]" is virtual output pin File: C:/Users/Mateus/Documents/Processador-MIPS-32-Bits/Processador/UnidadedeProcessamento.v Line: 15
    Info (15719): Pin "Wave_Saida_MemToReg[14]" is virtual output pin File: C:/Users/Mateus/Documents/Processador-MIPS-32-Bits/Processador/UnidadedeProcessamento.v Line: 15
    Info (15719): Pin "Wave_Saida_MemToReg[15]" is virtual output pin File: C:/Users/Mateus/Documents/Processador-MIPS-32-Bits/Processador/UnidadedeProcessamento.v Line: 15
    Info (15719): Pin "Wave_Saida_MemToReg[16]" is virtual output pin File: C:/Users/Mateus/Documents/Processador-MIPS-32-Bits/Processador/UnidadedeProcessamento.v Line: 15
    Info (15719): Pin "Wave_Saida_MemToReg[17]" is virtual output pin File: C:/Users/Mateus/Documents/Processador-MIPS-32-Bits/Processador/UnidadedeProcessamento.v Line: 15
    Info (15719): Pin "Wave_Saida_MemToReg[18]" is virtual output pin File: C:/Users/Mateus/Documents/Processador-MIPS-32-Bits/Processador/UnidadedeProcessamento.v Line: 15
    Info (15719): Pin "Wave_Saida_MemToReg[19]" is virtual output pin File: C:/Users/Mateus/Documents/Processador-MIPS-32-Bits/Processador/UnidadedeProcessamento.v Line: 15
    Info (15719): Pin "Wave_Saida_MemToReg[20]" is virtual output pin File: C:/Users/Mateus/Documents/Processador-MIPS-32-Bits/Processador/UnidadedeProcessamento.v Line: 15
    Info (15719): Pin "Wave_Saida_MemToReg[21]" is virtual output pin File: C:/Users/Mateus/Documents/Processador-MIPS-32-Bits/Processador/UnidadedeProcessamento.v Line: 15
    Info (15719): Pin "Wave_Saida_MemToReg[22]" is virtual output pin File: C:/Users/Mateus/Documents/Processador-MIPS-32-Bits/Processador/UnidadedeProcessamento.v Line: 15
    Info (15719): Pin "Wave_Saida_MemToReg[23]" is virtual output pin File: C:/Users/Mateus/Documents/Processador-MIPS-32-Bits/Processador/UnidadedeProcessamento.v Line: 15
    Info (15719): Pin "Wave_Saida_MemToReg[24]" is virtual output pin File: C:/Users/Mateus/Documents/Processador-MIPS-32-Bits/Processador/UnidadedeProcessamento.v Line: 15
    Info (15719): Pin "Wave_Saida_MemToReg[25]" is virtual output pin File: C:/Users/Mateus/Documents/Processador-MIPS-32-Bits/Processador/UnidadedeProcessamento.v Line: 15
    Info (15719): Pin "Wave_Saida_MemToReg[26]" is virtual output pin File: C:/Users/Mateus/Documents/Processador-MIPS-32-Bits/Processador/UnidadedeProcessamento.v Line: 15
    Info (15719): Pin "Wave_Saida_MemToReg[27]" is virtual output pin File: C:/Users/Mateus/Documents/Processador-MIPS-32-Bits/Processador/UnidadedeProcessamento.v Line: 15
    Info (15719): Pin "Wave_Saida_MemToReg[28]" is virtual output pin File: C:/Users/Mateus/Documents/Processador-MIPS-32-Bits/Processador/UnidadedeProcessamento.v Line: 15
    Info (15719): Pin "Wave_Saida_MemToReg[29]" is virtual output pin File: C:/Users/Mateus/Documents/Processador-MIPS-32-Bits/Processador/UnidadedeProcessamento.v Line: 15
    Info (15719): Pin "Wave_Saida_MemToReg[30]" is virtual output pin File: C:/Users/Mateus/Documents/Processador-MIPS-32-Bits/Processador/UnidadedeProcessamento.v Line: 15
    Info (15719): Pin "Wave_Saida_MemToReg[31]" is virtual output pin File: C:/Users/Mateus/Documents/Processador-MIPS-32-Bits/Processador/UnidadedeProcessamento.v Line: 15
    Info (15719): Pin "Wave_Dado1[0]" is virtual output pin File: C:/Users/Mateus/Documents/Processador-MIPS-32-Bits/Processador/UnidadedeProcessamento.v Line: 15
    Info (15719): Pin "Wave_Dado1[1]" is virtual output pin File: C:/Users/Mateus/Documents/Processador-MIPS-32-Bits/Processador/UnidadedeProcessamento.v Line: 15
    Info (15719): Pin "Wave_Dado1[2]" is virtual output pin File: C:/Users/Mateus/Documents/Processador-MIPS-32-Bits/Processador/UnidadedeProcessamento.v Line: 15
    Info (15719): Pin "Wave_Dado1[3]" is virtual output pin File: C:/Users/Mateus/Documents/Processador-MIPS-32-Bits/Processador/UnidadedeProcessamento.v Line: 15
    Info (15719): Pin "Wave_Dado1[4]" is virtual output pin File: C:/Users/Mateus/Documents/Processador-MIPS-32-Bits/Processador/UnidadedeProcessamento.v Line: 15
    Info (15719): Pin "Wave_Dado1[5]" is virtual output pin File: C:/Users/Mateus/Documents/Processador-MIPS-32-Bits/Processador/UnidadedeProcessamento.v Line: 15
    Info (15719): Pin "Wave_Dado1[6]" is virtual output pin File: C:/Users/Mateus/Documents/Processador-MIPS-32-Bits/Processador/UnidadedeProcessamento.v Line: 15
    Info (15719): Pin "Wave_Dado1[7]" is virtual output pin File: C:/Users/Mateus/Documents/Processador-MIPS-32-Bits/Processador/UnidadedeProcessamento.v Line: 15
    Info (15719): Pin "Wave_Dado1[8]" is virtual output pin File: C:/Users/Mateus/Documents/Processador-MIPS-32-Bits/Processador/UnidadedeProcessamento.v Line: 15
    Info (15719): Pin "Wave_Dado1[9]" is virtual output pin File: C:/Users/Mateus/Documents/Processador-MIPS-32-Bits/Processador/UnidadedeProcessamento.v Line: 15
    Info (15719): Pin "Wave_Dado1[10]" is virtual output pin File: C:/Users/Mateus/Documents/Processador-MIPS-32-Bits/Processador/UnidadedeProcessamento.v Line: 15
    Info (15719): Pin "Wave_Dado1[11]" is virtual output pin File: C:/Users/Mateus/Documents/Processador-MIPS-32-Bits/Processador/UnidadedeProcessamento.v Line: 15
    Info (15719): Pin "Wave_Dado1[12]" is virtual output pin File: C:/Users/Mateus/Documents/Processador-MIPS-32-Bits/Processador/UnidadedeProcessamento.v Line: 15
    Info (15719): Pin "Wave_Dado1[13]" is virtual output pin File: C:/Users/Mateus/Documents/Processador-MIPS-32-Bits/Processador/UnidadedeProcessamento.v Line: 15
    Info (15719): Pin "Wave_Dado1[14]" is virtual output pin File: C:/Users/Mateus/Documents/Processador-MIPS-32-Bits/Processador/UnidadedeProcessamento.v Line: 15
    Info (15719): Pin "Wave_Dado1[15]" is virtual output pin File: C:/Users/Mateus/Documents/Processador-MIPS-32-Bits/Processador/UnidadedeProcessamento.v Line: 15
    Info (15719): Pin "Wave_Dado1[16]" is virtual output pin File: C:/Users/Mateus/Documents/Processador-MIPS-32-Bits/Processador/UnidadedeProcessamento.v Line: 15
    Info (15719): Pin "Wave_Dado1[17]" is virtual output pin File: C:/Users/Mateus/Documents/Processador-MIPS-32-Bits/Processador/UnidadedeProcessamento.v Line: 15
    Info (15719): Pin "Wave_Dado1[18]" is virtual output pin File: C:/Users/Mateus/Documents/Processador-MIPS-32-Bits/Processador/UnidadedeProcessamento.v Line: 15
    Info (15719): Pin "Wave_Dado1[19]" is virtual output pin File: C:/Users/Mateus/Documents/Processador-MIPS-32-Bits/Processador/UnidadedeProcessamento.v Line: 15
    Info (15719): Pin "Wave_Dado1[20]" is virtual output pin File: C:/Users/Mateus/Documents/Processador-MIPS-32-Bits/Processador/UnidadedeProcessamento.v Line: 15
    Info (15719): Pin "Wave_Dado1[21]" is virtual output pin File: C:/Users/Mateus/Documents/Processador-MIPS-32-Bits/Processador/UnidadedeProcessamento.v Line: 15
    Info (15719): Pin "Wave_Dado1[22]" is virtual output pin File: C:/Users/Mateus/Documents/Processador-MIPS-32-Bits/Processador/UnidadedeProcessamento.v Line: 15
    Info (15719): Pin "Wave_Dado1[23]" is virtual output pin File: C:/Users/Mateus/Documents/Processador-MIPS-32-Bits/Processador/UnidadedeProcessamento.v Line: 15
    Info (15719): Pin "Wave_Dado1[24]" is virtual output pin File: C:/Users/Mateus/Documents/Processador-MIPS-32-Bits/Processador/UnidadedeProcessamento.v Line: 15
    Info (15719): Pin "Wave_Dado1[25]" is virtual output pin File: C:/Users/Mateus/Documents/Processador-MIPS-32-Bits/Processador/UnidadedeProcessamento.v Line: 15
    Info (15719): Pin "Wave_Dado1[26]" is virtual output pin File: C:/Users/Mateus/Documents/Processador-MIPS-32-Bits/Processador/UnidadedeProcessamento.v Line: 15
    Info (15719): Pin "Wave_Dado1[27]" is virtual output pin File: C:/Users/Mateus/Documents/Processador-MIPS-32-Bits/Processador/UnidadedeProcessamento.v Line: 15
    Info (15719): Pin "Wave_Dado1[28]" is virtual output pin File: C:/Users/Mateus/Documents/Processador-MIPS-32-Bits/Processador/UnidadedeProcessamento.v Line: 15
    Info (15719): Pin "Wave_Dado1[29]" is virtual output pin File: C:/Users/Mateus/Documents/Processador-MIPS-32-Bits/Processador/UnidadedeProcessamento.v Line: 15
    Info (15719): Pin "Wave_Dado1[30]" is virtual output pin File: C:/Users/Mateus/Documents/Processador-MIPS-32-Bits/Processador/UnidadedeProcessamento.v Line: 15
    Info (15719): Pin "Wave_Dado1[31]" is virtual output pin File: C:/Users/Mateus/Documents/Processador-MIPS-32-Bits/Processador/UnidadedeProcessamento.v Line: 15
    Info (15719): Pin "Wave_Unit_Control_ALU[0]" is virtual output pin File: C:/Users/Mateus/Documents/Processador-MIPS-32-Bits/Processador/UnidadedeProcessamento.v Line: 17
    Info (15719): Pin "Wave_Unit_Control_ALU[1]" is virtual output pin File: C:/Users/Mateus/Documents/Processador-MIPS-32-Bits/Processador/UnidadedeProcessamento.v Line: 17
    Info (15719): Pin "Wave_Unit_Control_ALU[2]" is virtual output pin File: C:/Users/Mateus/Documents/Processador-MIPS-32-Bits/Processador/UnidadedeProcessamento.v Line: 17
    Info (15719): Pin "Wave_Unit_Control_ALU[3]" is virtual output pin File: C:/Users/Mateus/Documents/Processador-MIPS-32-Bits/Processador/UnidadedeProcessamento.v Line: 17
Info (21057): Implemented 7864 device resources after synthesis - the final resource count might be different
    Info (21058): Implemented 17 input pins
    Info (21059): Implemented 30 output pins
    Info (21061): Implemented 7779 logic cells
    Info (21064): Implemented 32 RAM segments
    Info (21062): Implemented 6 DSP elements
Info: Quartus Prime Analysis & Synthesis was successful. 0 errors, 181 warnings
    Info: Peak virtual memory: 4965 megabytes
    Info: Processing ended: Fri Jun 26 10:50:11 2026
    Info: Elapsed time: 00:00:20
    Info: Total CPU time (on all processors): 00:00:21


